provider_ccn,metric,label,format,domain,higher_is_better,peer_definition,peer_count,source_year,peer_p25,peer_median,peer_p75,target_value,target_valid_report,target_total_days,target_has_report
465191,occupancy_rate,Occupancy rate,percent,Utilization,TRUE,Same state + same rural/urban + same bed-size band,15,2011,0.7499543378995434,0.8789174741062479,0.9375570776255707,NA,NA,NA,NA
465191,occupancy_rate,Occupancy rate,percent,Utilization,TRUE,Same state + same rural/urban + same bed-size band,15,2012,0.7762978142076503,0.8588627049180327,0.9481735159817352,NA,NA,NA,NA
465191,occupancy_rate,Occupancy rate,percent,Utilization,TRUE,Same state + same rural/urban + same bed-size band,15,2013,0.8245907116605412,0.8442465753424657,0.9548666186012977,NA,NA,NA,NA
465191,occupancy_rate,Occupancy rate,percent,Utilization,TRUE,Same state + same rural/urban + same bed-size band,15,2014,0.7986662723181981,0.8699581051932967,0.9354737442922375,NA,NA,NA,NA
465191,occupancy_rate,Occupancy rate,percent,Utilization,TRUE,Same state + same rural/urban + same bed-size band,15,2015,0.8051864535768645,0.8803571428571428,0.949272582255664,NA,NA,NA,NA
465191,occupancy_rate,Occupancy rate,percent,Utilization,TRUE,Same state + same rural/urban + same bed-size band,15,2016,0.8318728946777454,0.9194077924385802,0.9528105878035961,NA,NA,NA,NA
465191,occupancy_rate,Occupancy rate,percent,Utilization,TRUE,Same state + same rural/urban + same bed-size band,15,2017,0.8444444444444444,0.8533333333333334,0.9263698630136986,NA,NA,NA,NA
465191,occupancy_rate,Occupancy rate,percent,Utilization,TRUE,Same state + same rural/urban + same bed-size band,15,2018,0.8419330289193303,0.9218036529680366,0.9464684384556099,NA,NA,NA,NA
465191,occupancy_rate,Occupancy rate,percent,Utilization,TRUE,Same state + same rural/urban + same bed-size band,15,2019,0.8492380136986302,0.9115068493150685,0.9412785388127853,NA,NA,NA,NA
465191,occupancy_rate,Occupancy rate,percent,Utilization,TRUE,Same state + same rural/urban + same bed-size band,15,2020,0.6757396386955111,0.7466925510497555,0.821959993459958,0.9152346012743773,TRUE,9480,TRUE
465191,occupancy_rate,Occupancy rate,percent,Utilization,TRUE,Same state + same rural/urban + same bed-size band,15,2021,0.682961725507666,0.732396627860297,0.8812671232876712,0.7503965392934391,TRUE,10408,TRUE
465191,occupancy_rate,Occupancy rate,percent,Utilization,TRUE,Same state + same rural/urban + same bed-size band,15,2022,0.7248744292237443,0.7953424657534247,0.8676505046863734,1.0168797586553655,TRUE,14157,TRUE
465191,occupancy_rate,Occupancy rate,percent,Utilization,TRUE,Same state + same rural/urban + same bed-size band,15,2023,0.7939989270653991,0.8698630136986302,0.8812952444592939,0.9388780169602088,TRUE,14393,TRUE
465191,medicare_day_share,Medicare day share,percent,Payer mix,TRUE,Same state + same rural/urban + same bed-size band,15,2011,0.2788027880278803,0.6199844680300285,0.6811572477889372,NA,NA,NA,NA
465191,medicare_day_share,Medicare day share,percent,Payer mix,TRUE,Same state + same rural/urban + same bed-size band,15,2012,0.5148262208534976,0.6154001209433582,0.6839101756466316,NA,NA,NA,NA
465191,medicare_day_share,Medicare day share,percent,Payer mix,TRUE,Same state + same rural/urban + same bed-size band,15,2013,0.43355726691790925,0.6428571428571429,0.7210360261207719,NA,NA,NA,NA
465191,medicare_day_share,Medicare day share,percent,Payer mix,TRUE,Same state + same rural/urban + same bed-size band,15,2014,0.10802253304412412,0.5743339066071043,0.7881588417081054,NA,NA,NA,NA
465191,medicare_day_share,Medicare day share,percent,Payer mix,TRUE,Same state + same rural/urban + same bed-size band,15,2015,0.20270267651634616,0.616376948165059,0.7807877652143995,NA,NA,NA,NA
465191,medicare_day_share,Medicare day share,percent,Payer mix,TRUE,Same state + same rural/urban + same bed-size band,15,2016,0.16005165649309472,0.5022350344548738,0.7668043168045677,NA,NA,NA,NA
465191,medicare_day_share,Medicare day share,percent,Payer mix,TRUE,Same state + same rural/urban + same bed-size band,15,2017,0.13091397538862293,0.42636169597875767,0.7135603808064721,NA,NA,NA,NA
465191,medicare_day_share,Medicare day share,percent,Payer mix,TRUE,Same state + same rural/urban + same bed-size band,15,2018,0.32640829910629093,0.6211589113257243,0.7801228239415738,NA,NA,NA,NA
465191,medicare_day_share,Medicare day share,percent,Payer mix,TRUE,Same state + same rural/urban + same bed-size band,15,2019,0.36184013551843686,0.6355871886120996,0.8339957555635727,NA,NA,NA,NA
465191,medicare_day_share,Medicare day share,percent,Payer mix,TRUE,Same state + same rural/urban + same bed-size band,15,2020,0.3378683807857179,0.5674412885774007,0.7401238299059167,NA,TRUE,9480,TRUE
465191,medicare_day_share,Medicare day share,percent,Payer mix,TRUE,Same state + same rural/urban + same bed-size band,15,2021,0.27551744212003365,0.6733870967741935,0.7057428591525672,0.018447348193697154,TRUE,10408,TRUE
465191,medicare_day_share,Medicare day share,percent,Payer mix,TRUE,Same state + same rural/urban + same bed-size band,15,2022,0.21662860078169693,0.6657710105985968,0.7411969317549718,0.030868121777212685,TRUE,14157,TRUE
465191,medicare_day_share,Medicare day share,percent,Payer mix,TRUE,Same state + same rural/urban + same bed-size band,15,2023,0.17822932717000511,0.6391261622193666,0.7145733498782603,0.025151115125408186,TRUE,14393,TRUE
465191,medicaid_day_share,Medicaid day share,percent,Payer mix,FALSE,Same state + same rural/urban + same bed-size band,15,2011,0.8980460731392078,0.8980460731392078,0.8980460731392078,NA,NA,NA,NA
465191,medicaid_day_share,Medicaid day share,percent,Payer mix,FALSE,Same state + same rural/urban + same bed-size band,15,2012,0.6184131539319193,0.7275100543286531,0.8020710831902821,NA,NA,NA,NA
465191,medicaid_day_share,Medicaid day share,percent,Payer mix,FALSE,Same state + same rural/urban + same bed-size band,15,2013,0.2711653799851854,0.5624109308437145,0.7993811919704779,NA,NA,NA,NA
465191,medicaid_day_share,Medicaid day share,percent,Payer mix,FALSE,Same state + same rural/urban + same bed-size band,15,2014,0.34917906862471415,0.566996285612502,0.7934118898296756,NA,NA,NA,NA
465191,medicaid_day_share,Medicaid day share,percent,Payer mix,FALSE,Same state + same rural/urban + same bed-size band,15,2015,0.4577412152185514,0.6901845621421678,0.7142226007460988,NA,NA,NA,NA
465191,medicaid_day_share,Medicaid day share,percent,Payer mix,FALSE,Same state + same rural/urban + same bed-size band,15,2016,0.261111772851331,0.7032640949554896,0.7394786269290273,NA,NA,NA,NA
465191,medicaid_day_share,Medicaid day share,percent,Payer mix,FALSE,Same state + same rural/urban + same bed-size band,15,2017,0.3601209665410313,0.6172895946267574,0.8002899212159824,NA,NA,NA,NA
465191,medicaid_day_share,Medicaid day share,percent,Payer mix,FALSE,Same state + same rural/urban + same bed-size band,15,2018,0.25553652200581223,0.5589482952045025,0.8102085191727012,NA,NA,NA,NA
465191,medicaid_day_share,Medicaid day share,percent,Payer mix,FALSE,Same state + same rural/urban + same bed-size band,15,2019,0.3880154308088628,0.6536924553483846,0.8512634677652846,NA,NA,NA,NA
465191,medicaid_day_share,Medicaid day share,percent,Payer mix,FALSE,Same state + same rural/urban + same bed-size band,15,2020,0.33021745276368847,0.5737222382824576,0.7678094355453627,NA,TRUE,9480,TRUE
465191,medicaid_day_share,Medicaid day share,percent,Payer mix,FALSE,Same state + same rural/urban + same bed-size band,15,2021,0.33937433123660354,0.6317493019375242,0.8469613857219394,NA,TRUE,10408,TRUE
465191,medicaid_day_share,Medicaid day share,percent,Payer mix,FALSE,Same state + same rural/urban + same bed-size band,15,2022,0.394757322109684,0.6230038466995973,0.7872432280295187,NA,TRUE,14157,TRUE
465191,medicaid_day_share,Medicaid day share,percent,Payer mix,FALSE,Same state + same rural/urban + same bed-size band,15,2023,0.36236522658132825,0.599773785465592,0.7508880227540096,NA,TRUE,14393,TRUE
465191,other_day_share,Other/private day share,percent,Payer mix,TRUE,Same state + same rural/urban + same bed-size band,15,2011,0.30914447839371456,0.3757393483709273,0.40344414771157566,NA,NA,NA,NA
465191,other_day_share,Other/private day share,percent,Payer mix,TRUE,Same state + same rural/urban + same bed-size band,15,2012,0.21357510759895576,0.35733204912111727,0.41255808681854245,NA,NA,NA,NA
465191,other_day_share,Other/private day share,percent,Payer mix,TRUE,Same state + same rural/urban + same bed-size band,15,2013,0.2368213228035538,0.32133618265661906,0.41560609221781764,NA,NA,NA,NA
465191,other_day_share,Other/private day share,percent,Payer mix,TRUE,Same state + same rural/urban + same bed-size band,15,2014,0.17854287998868523,0.24161135305401205,0.44018390615044184,NA,NA,NA,NA
465191,other_day_share,Other/private day share,percent,Payer mix,TRUE,Same state + same rural/urban + same bed-size band,15,2015,0.18385749767942355,0.23910481171683887,0.38031133083358437,NA,NA,NA,NA
465191,other_day_share,Other/private day share,percent,Payer mix,TRUE,Same state + same rural/urban + same bed-size band,15,2016,0.15965974529452237,0.23175382438414344,0.4651045978826297,NA,NA,NA,NA
465191,other_day_share,Other/private day share,percent,Payer mix,TRUE,Same state + same rural/urban + same bed-size band,15,2017,0.1732359374179276,0.26103026217080527,0.4683281104907125,NA,NA,NA,NA
465191,other_day_share,Other/private day share,percent,Payer mix,TRUE,Same state + same rural/urban + same bed-size band,15,2018,0.134379894395146,0.30390092879256964,0.43497003553652885,NA,NA,NA,NA
465191,other_day_share,Other/private day share,percent,Payer mix,TRUE,Same state + same rural/urban + same bed-size band,15,2019,0.15022587232179424,0.2418001525553013,0.37286679362981745,NA,NA,NA,NA
465191,other_day_share,Other/private day share,percent,Payer mix,TRUE,Same state + same rural/urban + same bed-size band,15,2020,0.2009768541804703,0.30787899800641416,0.4434268854066,1,TRUE,9480,TRUE
465191,other_day_share,Other/private day share,percent,Payer mix,TRUE,Same state + same rural/urban + same bed-size band,15,2021,0.20816026240991864,0.298314606741573,0.3910861472989817,0.9815526518063028,TRUE,10408,TRUE
465191,other_day_share,Other/private day share,percent,Payer mix,TRUE,Same state + same rural/urban + same bed-size band,15,2022,0.17876014208825508,0.2909491553089039,0.3570141286167177,0.9691318782227873,TRUE,14157,TRUE
465191,other_day_share,Other/private day share,percent,Payer mix,TRUE,Same state + same rural/urban + same bed-size band,15,2023,0.23756286135184823,0.3097775912715065,0.3860040708452608,0.9748488848745919,TRUE,14393,TRUE
465191,net_patient_revenue_per_day,Net patient revenue per resident day,dollar,Revenue,TRUE,Same state + same rural/urban + same bed-size band,15,2011,333.7884378843788,510.9614750412232,534.5701935955193,NA,NA,NA,NA
465191,net_patient_revenue_per_day,Net patient revenue per resident day,dollar,Revenue,TRUE,Same state + same rural/urban + same bed-size band,15,2012,439.86342513884165,506.90437691664346,518.709366722851,NA,NA,NA,NA
465191,net_patient_revenue_per_day,Net patient revenue per resident day,dollar,Revenue,TRUE,Same state + same rural/urban + same bed-size band,15,2013,448.0953603158934,469.70038671119704,507.80273315251407,NA,NA,NA,NA
465191,net_patient_revenue_per_day,Net patient revenue per resident day,dollar,Revenue,TRUE,Same state + same rural/urban + same bed-size band,15,2014,194.5404598924007,480.6358437826124,522.6881650031063,NA,NA,NA,NA
465191,net_patient_revenue_per_day,Net patient revenue per resident day,dollar,Revenue,TRUE,Same state + same rural/urban + same bed-size band,15,2015,241.3637267837207,496.43252484297756,535.3641648686904,NA,NA,NA,NA
465191,net_patient_revenue_per_day,Net patient revenue per resident day,dollar,Revenue,TRUE,Same state + same rural/urban + same bed-size band,15,2016,252.3628799773671,478.6075398279776,538.1396593151052,NA,NA,NA,NA
465191,net_patient_revenue_per_day,Net patient revenue per resident day,dollar,Revenue,TRUE,Same state + same rural/urban + same bed-size band,15,2017,290.2295266277738,483.99271923730885,547.833471920977,NA,NA,NA,NA
465191,net_patient_revenue_per_day,Net patient revenue per resident day,dollar,Revenue,TRUE,Same state + same rural/urban + same bed-size band,15,2018,386.33544005325325,496.29395753946653,573.3023639896313,NA,NA,NA,NA
465191,net_patient_revenue_per_day,Net patient revenue per resident day,dollar,Revenue,TRUE,Same state + same rural/urban + same bed-size band,15,2019,426.37034267822946,515.3554210113241,583.8520540248876,NA,NA,NA,NA
465191,net_patient_revenue_per_day,Net patient revenue per resident day,dollar,Revenue,TRUE,Same state + same rural/urban + same bed-size band,15,2020,423.638635323645,544.9034257187124,622.2375614067453,262.56772151898736,TRUE,9480,TRUE
465191,net_patient_revenue_per_day,Net patient revenue per resident day,dollar,Revenue,TRUE,Same state + same rural/urban + same bed-size band,15,2021,430.2403154555205,580.3928611142,627.8162997113176,294.1220215219062,TRUE,10408,TRUE
465191,net_patient_revenue_per_day,Net patient revenue per resident day,dollar,Revenue,TRUE,Same state + same rural/urban + same bed-size band,15,2022,428.6097808362489,573.6994400895857,615.1391716191338,324.0370134915589,TRUE,14157,TRUE
465191,net_patient_revenue_per_day,Net patient revenue per resident day,dollar,Revenue,TRUE,Same state + same rural/urban + same bed-size band,15,2023,451.3858738290158,607.9857585139318,628.140047404723,350.06544848190094,TRUE,14393,TRUE
465191,operating_expense_per_day,Operating expense per resident day,dollar,Cost,FALSE,Same state + same rural/urban + same bed-size band,15,2011,442.7214292292108,476.1029830610103,493.4879608728367,NA,NA,NA,NA
465191,operating_expense_per_day,Operating expense per resident day,dollar,Cost,FALSE,Same state + same rural/urban + same bed-size band,15,2012,378.8043543095735,465.19673452932875,489.4953745150701,NA,NA,NA,NA
465191,operating_expense_per_day,Operating expense per resident day,dollar,Cost,FALSE,Same state + same rural/urban + same bed-size band,15,2013,425.1168805528134,446.35155435009386,491.9979717669966,NA,NA,NA,NA
465191,operating_expense_per_day,Operating expense per resident day,dollar,Cost,FALSE,Same state + same rural/urban + same bed-size band,15,2014,198.87035565991516,468.1795497974401,498.7313187766048,NA,NA,NA,NA
465191,operating_expense_per_day,Operating expense per resident day,dollar,Cost,FALSE,Same state + same rural/urban + same bed-size band,15,2015,232.95173070553165,469.847116170459,491.5615862579818,NA,NA,NA,NA
465191,operating_expense_per_day,Operating expense per resident day,dollar,Cost,FALSE,Same state + same rural/urban + same bed-size band,15,2016,252.92080854483228,431.39141226768254,494.1225938233809,NA,NA,NA,NA
465191,operating_expense_per_day,Operating expense per resident day,dollar,Cost,FALSE,Same state + same rural/urban + same bed-size band,15,2017,274.8300498041542,490.81403393479366,528.3487556317384,NA,NA,NA,NA
465191,operating_expense_per_day,Operating expense per resident day,dollar,Cost,FALSE,Same state + same rural/urban + same bed-size band,15,2018,370.3475404981349,527.2586000598264,547.3527930877821,NA,NA,NA,NA
465191,operating_expense_per_day,Operating expense per resident day,dollar,Cost,FALSE,Same state + same rural/urban + same bed-size band,15,2019,384.83471788618056,510.0513472292832,544.6472008980568,NA,NA,NA,NA
465191,operating_expense_per_day,Operating expense per resident day,dollar,Cost,FALSE,Same state + same rural/urban + same bed-size band,15,2020,468.6602815843479,610.2240035626809,664.0639822154321,242.24388185654007,TRUE,9480,TRUE
465191,operating_expense_per_day,Operating expense per resident day,dollar,Cost,FALSE,Same state + same rural/urban + same bed-size band,15,2021,457.89658762922073,565.6352478742178,597.5571550277632,271.5286318216756,TRUE,10408,TRUE
465191,operating_expense_per_day,Operating expense per resident day,dollar,Cost,FALSE,Same state + same rural/urban + same bed-size band,15,2022,452.01598006682525,564.5456285408054,628.248035070111,296.62612135339407,TRUE,14157,TRUE
465191,operating_expense_per_day,Operating expense per resident day,dollar,Cost,FALSE,Same state + same rural/urban + same bed-size band,15,2023,444.36183059915436,604.1912445443725,661.0639949533411,295.35816021677203,TRUE,14393,TRUE
465191,patient_service_margin,Patient service margin,percent,Margin,TRUE,Same state + same rural/urban + same bed-size band,15,2011,-0.015997053775975118,0.02781518963769437,0.08653286780206704,NA,NA,NA,NA
465191,patient_service_margin,Patient service margin,percent,Margin,TRUE,Same state + same rural/urban + same bed-size band,15,2012,-0.023475811460047583,0.05834606822072478,0.09395078219851814,NA,NA,NA,NA
465191,patient_service_margin,Patient service margin,percent,Margin,TRUE,Same state + same rural/urban + same bed-size band,15,2013,-0.025486153035687183,0.0459918946987475,0.060502821755385836,NA,NA,NA,NA
465191,patient_service_margin,Patient service margin,percent,Margin,TRUE,Same state + same rural/urban + same bed-size band,15,2014,-0.04256938858732465,0.007105620701849266,0.06301322330228126,NA,NA,NA,NA
465191,patient_service_margin,Patient service margin,percent,Margin,TRUE,Same state + same rural/urban + same bed-size band,15,2015,0.03669338215662983,0.10033556700285609,0.14184660912369054,NA,NA,NA,NA
465191,patient_service_margin,Patient service margin,percent,Margin,TRUE,Same state + same rural/urban + same bed-size band,15,2016,0.017751219007464583,0.0570773540529892,0.11824843177765101,NA,NA,NA,NA
465191,patient_service_margin,Patient service margin,percent,Margin,TRUE,Same state + same rural/urban + same bed-size band,15,2017,-0.04557895039554199,0.03224869028970116,0.07639611915291239,NA,NA,NA,NA
465191,patient_service_margin,Patient service margin,percent,Margin,TRUE,Same state + same rural/urban + same bed-size band,15,2018,-0.07429334659167057,0.025084038637236943,0.07567039353421888,NA,NA,NA,NA
465191,patient_service_margin,Patient service margin,percent,Margin,TRUE,Same state + same rural/urban + same bed-size band,15,2019,0.013115261103552354,0.0713033927943809,0.10558519565439876,NA,NA,NA,NA
465191,patient_service_margin,Patient service margin,percent,Margin,TRUE,Same state + same rural/urban + same bed-size band,15,2020,-0.15384654030786518,-0.032539450013941436,0.006703519874453659,0.07740418184257869,TRUE,9480,TRUE
465191,patient_service_margin,Patient service margin,percent,Margin,TRUE,Same state + same rural/urban + same bed-size band,15,2021,-0.0261492852210627,-0.002765812186685338,0.06821117289798669,0.07681638247732442,TRUE,10408,TRUE
465191,patient_service_margin,Patient service margin,percent,Margin,TRUE,Same state + same rural/urban + same bed-size band,15,2022,-0.09334857889916884,-0.02500085379875394,0.029265756915270214,0.08459185524149669,TRUE,14157,TRUE
465191,patient_service_margin,Patient service margin,percent,Margin,TRUE,Same state + same rural/urban + same bed-size band,15,2023,-0.0627924189657509,-2.8252911480409646e-5,0.02287821199414556,0.1562773147203568,TRUE,14393,TRUE
465191,total_margin,Total margin,percent,Margin,TRUE,Same state + same rural/urban + same bed-size band,15,2011,-0.013643169920375271,0.008155090178866975,0.07286858366783792,NA,NA,NA,NA
465191,total_margin,Total margin,percent,Margin,TRUE,Same state + same rural/urban + same bed-size band,15,2012,-0.01058529078017681,0.060069868765076175,0.08624867018779292,NA,NA,NA,NA
465191,total_margin,Total margin,percent,Margin,TRUE,Same state + same rural/urban + same bed-size band,15,2013,-0.04867018224429165,0.05128033404961132,0.06831777426268734,NA,NA,NA,NA
465191,total_margin,Total margin,percent,Margin,TRUE,Same state + same rural/urban + same bed-size band,15,2014,-0.02860310200968371,0.04749891397467672,0.06549197017959969,NA,NA,NA,NA
465191,total_margin,Total margin,percent,Margin,TRUE,Same state + same rural/urban + same bed-size band,15,2015,0.03861562247291665,0.10237853444094944,0.1481044367339761,NA,NA,NA,NA
465191,total_margin,Total margin,percent,Margin,TRUE,Same state + same rural/urban + same bed-size band,15,2016,0.035196079845076,0.07117978082798376,0.12301915189595564,NA,NA,NA,NA
465191,total_margin,Total margin,percent,Margin,TRUE,Same state + same rural/urban + same bed-size band,15,2017,0.032285704961634326,0.059807990354805614,0.08431926994985613,NA,NA,NA,NA
465191,total_margin,Total margin,percent,Margin,TRUE,Same state + same rural/urban + same bed-size band,15,2018,0.01990887793783678,0.05866745328077692,0.10938734632953313,NA,NA,NA,NA
465191,total_margin,Total margin,percent,Margin,TRUE,Same state + same rural/urban + same bed-size band,15,2019,0.028772191362484593,0.078602355000258,0.10595161496524334,NA,NA,NA,NA
465191,total_margin,Total margin,percent,Margin,TRUE,Same state + same rural/urban + same bed-size band,15,2020,0.04521570042501575,0.06688361159727083,0.0938409218287766,0.0779003367425402,TRUE,9480,TRUE
465191,total_margin,Total margin,percent,Margin,TRUE,Same state + same rural/urban + same bed-size band,15,2021,0.034231256711024595,0.07639351847014886,0.12660001361444503,0.07701499597219673,TRUE,10408,TRUE
465191,total_margin,Total margin,percent,Margin,TRUE,Same state + same rural/urban + same bed-size band,15,2022,-0.004685129220974084,0.028430967697851854,0.11096315412836183,0.10842151706241804,TRUE,14157,TRUE
465191,total_margin,Total margin,percent,Margin,TRUE,Same state + same rural/urban + same bed-size band,15,2023,-0.012766963770397334,0.014017663158790921,0.06602287243807968,0.16165372496373914,TRUE,14393,TRUE
465191,salary_cost_per_day,Salary cost per resident day,dollar,Labor,FALSE,Same state + same rural/urban + same bed-size band,15,2011,155.89550435758048,209.3529233105543,240.03936039360394,NA,NA,NA,NA
465191,salary_cost_per_day,Salary cost per resident day,dollar,Labor,FALSE,Same state + same rural/urban + same bed-size band,15,2012,173.12644082710074,217.44247985675918,231.60716309645247,NA,NA,NA,NA
465191,salary_cost_per_day,Salary cost per resident day,dollar,Labor,FALSE,Same state + same rural/urban + same bed-size band,15,2013,143.17901032279207,226.9894291754757,240.15738016136686,NA,NA,NA,NA
465191,salary_cost_per_day,Salary cost per resident day,dollar,Labor,FALSE,Same state + same rural/urban + same bed-size band,15,2014,84.45473893375899,209.6932097017,237.6648354529961,NA,NA,NA,NA
465191,salary_cost_per_day,Salary cost per resident day,dollar,Labor,FALSE,Same state + same rural/urban + same bed-size band,15,2015,99.61828380337701,228.88879118097276,249.12657771535007,NA,NA,NA,NA
465191,salary_cost_per_day,Salary cost per resident day,dollar,Labor,FALSE,Same state + same rural/urban + same bed-size band,15,2016,87.76056219349994,196.9495774191566,250.12086986904183,NA,NA,NA,NA
465191,salary_cost_per_day,Salary cost per resident day,dollar,Labor,FALSE,Same state + same rural/urban + same bed-size band,15,2017,97.45565229000633,192.32494110989722,255.27578940740173,NA,NA,NA,NA
465191,salary_cost_per_day,Salary cost per resident day,dollar,Labor,FALSE,Same state + same rural/urban + same bed-size band,15,2018,122.33467247834392,247.53778157969774,271.29768922952684,NA,NA,NA,NA
465191,salary_cost_per_day,Salary cost per resident day,dollar,Labor,FALSE,Same state + same rural/urban + same bed-size band,15,2019,122.67850219604398,252.25419628005443,261.95965569946793,NA,NA,NA,NA
465191,salary_cost_per_day,Salary cost per resident day,dollar,Labor,FALSE,Same state + same rural/urban + same bed-size band,15,2020,135.02196356288334,288.24894232910265,331.2930368904134,98.81350210970464,TRUE,9480,TRUE
465191,salary_cost_per_day,Salary cost per resident day,dollar,Labor,FALSE,Same state + same rural/urban + same bed-size band,15,2021,133.03170774271425,273.5701994524834,305.5794948784098,99.43014988470408,TRUE,10408,TRUE
465191,salary_cost_per_day,Salary cost per resident day,dollar,Labor,FALSE,Same state + same rural/urban + same bed-size band,15,2022,137.2568013816233,267.60135135135135,311.1577423181779,98.85060394151303,TRUE,14157,TRUE
465191,salary_cost_per_day,Salary cost per resident day,dollar,Labor,FALSE,Same state + same rural/urban + same bed-size band,15,2023,178.5465980535472,289.36318329246103,332.0428858084613,107.28152574167999,TRUE,14393,TRUE
465191,contract_labor_per_day,Contract labor per resident day,dollar,Labor,FALSE,Same state + same rural/urban + same bed-size band,15,2011,1.900423753905334,7.668380680113531,13.770828038317799,NA,NA,NA,NA
465191,contract_labor_per_day,Contract labor per resident day,dollar,Labor,FALSE,Same state + same rural/urban + same bed-size band,15,2013,0.05951589938300902,0.05951589938300902,0.05951589938300902,NA,NA,NA,NA
465191,contract_labor_per_day,Contract labor per resident day,dollar,Labor,FALSE,Same state + same rural/urban + same bed-size band,15,2014,1.3306403351286655,7.299555153434366,13.397588160058469,NA,NA,NA,NA
465191,contract_labor_per_day,Contract labor per resident day,dollar,Labor,FALSE,Same state + same rural/urban + same bed-size band,15,2015,2.5530235085417226,6.770189870874814,38.541710842314785,NA,NA,NA,NA
465191,contract_labor_per_day,Contract labor per resident day,dollar,Labor,FALSE,Same state + same rural/urban + same bed-size band,15,2016,2.4415035587188614,6.968867379370124,10.343159834177799,NA,NA,NA,NA
465191,contract_labor_per_day,Contract labor per resident day,dollar,Labor,FALSE,Same state + same rural/urban + same bed-size band,15,2017,0.7025359382005509,9.951231071575503,90.05657987559246,NA,NA,NA,NA
465191,contract_labor_per_day,Contract labor per resident day,dollar,Labor,FALSE,Same state + same rural/urban + same bed-size band,15,2018,0.789785954723397,5.979139442492695,40.61891453270454,NA,NA,NA,NA
465191,contract_labor_per_day,Contract labor per resident day,dollar,Labor,FALSE,Same state + same rural/urban + same bed-size band,15,2019,0.4211808261886204,9.313819577735124,103.58595209784271,NA,NA,NA,NA
465191,contract_labor_per_day,Contract labor per resident day,dollar,Labor,FALSE,Same state + same rural/urban + same bed-size band,15,2020,0.3772687674316365,3.2865033748064474,43.65627571252228,NA,TRUE,9480,TRUE
465191,contract_labor_per_day,Contract labor per resident day,dollar,Labor,FALSE,Same state + same rural/urban + same bed-size band,15,2021,1.9459273847068557,45.383604631091465,131.25946785288588,NA,TRUE,10408,TRUE
465191,contract_labor_per_day,Contract labor per resident day,dollar,Labor,FALSE,Same state + same rural/urban + same bed-size band,15,2022,4.441820131492192,52.253337007560965,122.1926665334598,NA,TRUE,14157,TRUE
465191,contract_labor_per_day,Contract labor per resident day,dollar,Labor,FALSE,Same state + same rural/urban + same bed-size band,15,2023,1.606834902302033,5.032342542883331,100.63221278807832,NA,TRUE,14393,TRUE
465191,contract_labor_ratio,Contract labor ratio,percent,Labor,FALSE,Same state + same rural/urban + same bed-size band,15,2011,0.008669357565227687,0.0821749749602761,0.15666968518530655,NA,NA,NA,NA
465191,contract_labor_ratio,Contract labor ratio,percent,Labor,FALSE,Same state + same rural/urban + same bed-size band,15,2013,2.477590059608367e-4,2.477590059608367e-4,2.477590059608367e-4,NA,NA,NA,NA
465191,contract_labor_ratio,Contract labor ratio,percent,Labor,FALSE,Same state + same rural/urban + same bed-size band,15,2014,0.005628848513155551,0.08511958979697341,0.1452052081786227,NA,NA,NA,NA
465191,contract_labor_ratio,Contract labor ratio,percent,Labor,FALSE,Same state + same rural/urban + same bed-size band,15,2015,0.010455784347277175,0.06514288600297688,0.3378227529572395,NA,NA,NA,NA
465191,contract_labor_ratio,Contract labor ratio,percent,Labor,FALSE,Same state + same rural/urban + same bed-size band,15,2016,0.00968118898912112,0.019793604695578386,0.08477961710900249,NA,NA,NA,NA
465191,contract_labor_ratio,Contract labor ratio,percent,Labor,FALSE,Same state + same rural/urban + same bed-size band,15,2017,0.002680835659706563,0.058716751863133146,0.999986243920455,NA,NA,NA,NA
465191,contract_labor_ratio,Contract labor ratio,percent,Labor,FALSE,Same state + same rural/urban + same bed-size band,15,2018,0.0026166352892237517,0.012915971766836686,0.3642735058497455,NA,NA,NA,NA
465191,contract_labor_ratio,Contract labor ratio,percent,Labor,FALSE,Same state + same rural/urban + same bed-size band,15,2019,0.0016249766007880178,0.01614962938084351,0.9999950804631252,NA,NA,NA,NA
465191,contract_labor_ratio,Contract labor ratio,percent,Labor,FALSE,Same state + same rural/urban + same bed-size band,15,2020,0.0011426848145490666,0.009321620582573034,0.28844879834482395,NA,TRUE,9480,TRUE
465191,contract_labor_ratio,Contract labor ratio,percent,Labor,FALSE,Same state + same rural/urban + same bed-size band,15,2021,0.0070226445067550405,0.07130060202338917,0.7832567033040649,NA,TRUE,10408,TRUE
465191,contract_labor_ratio,Contract labor ratio,percent,Labor,FALSE,Same state + same rural/urban + same bed-size band,15,2022,0.014388207983091535,0.08318692902543459,0.7823887649138652,NA,TRUE,14157,TRUE
465191,contract_labor_ratio,Contract labor ratio,percent,Labor,FALSE,Same state + same rural/urban + same bed-size band,15,2023,0.0055223383916705995,0.015021283930485914,0.1319962452284058,NA,TRUE,14393,TRUE
465191,days_cash_on_hand,Days cash on hand,number,Liquidity,TRUE,Same state + same rural/urban + same bed-size band,15,2011,14.473805069839571,29.62702293731614,37.00848402201782,NA,NA,NA,NA
465191,days_cash_on_hand,Days cash on hand,number,Liquidity,TRUE,Same state + same rural/urban + same bed-size band,15,2012,13.711139977448813,25.259364704612548,68.26096756693937,NA,NA,NA,NA
465191,days_cash_on_hand,Days cash on hand,number,Liquidity,TRUE,Same state + same rural/urban + same bed-size band,15,2013,11.345784619959145,27.960579724192726,42.94459408264904,NA,NA,NA,NA
465191,days_cash_on_hand,Days cash on hand,number,Liquidity,TRUE,Same state + same rural/urban + same bed-size band,15,2014,21.07483276903744,32.86424756915968,50.040138979166315,NA,NA,NA,NA
465191,days_cash_on_hand,Days cash on hand,number,Liquidity,TRUE,Same state + same rural/urban + same bed-size band,15,2015,-16.248903003265642,24.574404281141014,36.358424118202926,NA,NA,NA,NA
465191,days_cash_on_hand,Days cash on hand,number,Liquidity,TRUE,Same state + same rural/urban + same bed-size band,15,2016,12.084906623564793,21.69927368227497,29.73100839223003,NA,NA,NA,NA
465191,days_cash_on_hand,Days cash on hand,number,Liquidity,TRUE,Same state + same rural/urban + same bed-size band,15,2017,20.245791419927077,25.617843168729635,36.56951402838243,NA,NA,NA,NA
465191,days_cash_on_hand,Days cash on hand,number,Liquidity,TRUE,Same state + same rural/urban + same bed-size band,15,2018,15.956513868132651,26.331750357077933,41.418363518587384,NA,NA,NA,NA
465191,days_cash_on_hand,Days cash on hand,number,Liquidity,TRUE,Same state + same rural/urban + same bed-size band,15,2019,14.608580647914602,15.92339968878075,66.46372948912227,NA,NA,NA,NA
465191,days_cash_on_hand,Days cash on hand,number,Liquidity,TRUE,Same state + same rural/urban + same bed-size band,15,2020,34.72221257400439,44.34784619770167,70.79807672614099,73.97706351307572,TRUE,9480,TRUE
465191,days_cash_on_hand,Days cash on hand,number,Liquidity,TRUE,Same state + same rural/urban + same bed-size band,15,2021,18.298061837396464,33.839897260801905,84.80693012124132,64.52177405372124,TRUE,10408,TRUE
465191,days_cash_on_hand,Days cash on hand,number,Liquidity,TRUE,Same state + same rural/urban + same bed-size band,15,2022,15.124786262898468,20.125090547472,56.891249102160614,12.61735069544328,TRUE,14157,TRUE
465191,days_cash_on_hand,Days cash on hand,number,Liquidity,TRUE,Same state + same rural/urban + same bed-size band,15,2023,6.898080422497193,26.763807147498564,73.48610381652307,55.6549249721836,TRUE,14393,TRUE
465191,current_ratio,Current ratio,number,Liquidity,TRUE,Same state + same rural/urban + same bed-size band,15,2011,2.0460388314448577,3.02887464760843,4.168871116579514,NA,NA,NA,NA
465191,current_ratio,Current ratio,number,Liquidity,TRUE,Same state + same rural/urban + same bed-size band,15,2012,3.0664266197269505,4.472188789838369,6.091463123861479,NA,NA,NA,NA
465191,current_ratio,Current ratio,number,Liquidity,TRUE,Same state + same rural/urban + same bed-size band,15,2013,2.4314627613762636,4.38819400069791,4.762582956346017,NA,NA,NA,NA
465191,current_ratio,Current ratio,number,Liquidity,TRUE,Same state + same rural/urban + same bed-size band,15,2014,1.3025771774277424,3.0600255549752804,3.552965775251292,NA,NA,NA,NA
465191,current_ratio,Current ratio,number,Liquidity,TRUE,Same state + same rural/urban + same bed-size band,15,2015,1.1176690114548546,2.4140828071077083,3.4116336479505107,NA,NA,NA,NA
465191,current_ratio,Current ratio,number,Liquidity,TRUE,Same state + same rural/urban + same bed-size band,15,2016,1.2943419763950095,2.0437283774166253,2.810769428282741,NA,NA,NA,NA
465191,current_ratio,Current ratio,number,Liquidity,TRUE,Same state + same rural/urban + same bed-size band,15,2017,1.1680177349610084,2.5520063479079735,3.2406647233318817,NA,NA,NA,NA
465191,current_ratio,Current ratio,number,Liquidity,TRUE,Same state + same rural/urban + same bed-size band,15,2018,1.912908784714192,3.114445186528003,4.869335784843362,NA,NA,NA,NA
465191,current_ratio,Current ratio,number,Liquidity,TRUE,Same state + same rural/urban + same bed-size band,15,2019,1.5496845287367198,3.637068283763366,4.602060225899106,NA,NA,NA,NA
465191,current_ratio,Current ratio,number,Liquidity,TRUE,Same state + same rural/urban + same bed-size band,15,2020,1.9011619811922167,3.2147771798863327,4.575815948831115,3.517317175380382,TRUE,9480,TRUE
465191,current_ratio,Current ratio,number,Liquidity,TRUE,Same state + same rural/urban + same bed-size band,15,2021,1.7926313648777854,2.1176884631219206,3.061047779102779,-3.4777297763079753,TRUE,10408,TRUE
465191,current_ratio,Current ratio,number,Liquidity,TRUE,Same state + same rural/urban + same bed-size band,15,2022,2.4084052968779313,2.9916003711234382,4.566006021797394,10.038498624686621,TRUE,14157,TRUE
465191,current_ratio,Current ratio,number,Liquidity,TRUE,Same state + same rural/urban + same bed-size band,15,2023,1.6648567314568896,3.7297675825673853,5.522790149767537,17.243498122653317,TRUE,14393,TRUE
465191,days_accounts_receivable,Days accounts receivable,number,Liquidity,FALSE,Same state + same rural/urban + same bed-size band,15,2011,42.84738205984626,46.36857265290416,55.25782253247723,NA,NA,NA,NA
465191,days_accounts_receivable,Days accounts receivable,number,Liquidity,FALSE,Same state + same rural/urban + same bed-size band,15,2012,39.691771170994784,46.32273512208709,65.09221158177922,NA,NA,NA,NA
465191,days_accounts_receivable,Days accounts receivable,number,Liquidity,FALSE,Same state + same rural/urban + same bed-size band,15,2013,48.46100159050812,51.910781460542324,63.10361246223562,NA,NA,NA,NA
465191,days_accounts_receivable,Days accounts receivable,number,Liquidity,FALSE,Same state + same rural/urban + same bed-size band,15,2014,36.7256498396826,44.280354376703016,62.339681880965436,NA,NA,NA,NA
465191,days_accounts_receivable,Days accounts receivable,number,Liquidity,FALSE,Same state + same rural/urban + same bed-size band,15,2015,41.11592250831852,47.53014975848856,58.578359315628276,NA,NA,NA,NA
465191,days_accounts_receivable,Days accounts receivable,number,Liquidity,FALSE,Same state + same rural/urban + same bed-size band,15,2016,35.26982312733911,41.68689415133578,58.688769934743206,NA,NA,NA,NA
465191,days_accounts_receivable,Days accounts receivable,number,Liquidity,FALSE,Same state + same rural/urban + same bed-size band,15,2017,38.88092506084448,45.75549550708606,86.45185306681418,NA,NA,NA,NA
465191,days_accounts_receivable,Days accounts receivable,number,Liquidity,FALSE,Same state + same rural/urban + same bed-size band,15,2018,39.583676128884804,42.128229430293295,50.36158170128971,NA,NA,NA,NA
465191,days_accounts_receivable,Days accounts receivable,number,Liquidity,FALSE,Same state + same rural/urban + same bed-size band,15,2019,42.26826167087053,46.45812081634413,55.51317204221075,NA,NA,NA,NA
465191,days_accounts_receivable,Days accounts receivable,number,Liquidity,FALSE,Same state + same rural/urban + same bed-size band,15,2020,44.990577995872776,57.29123625594207,61.61519373442606,23.878846606581703,TRUE,9480,TRUE
465191,days_accounts_receivable,Days accounts receivable,number,Liquidity,FALSE,Same state + same rural/urban + same bed-size band,15,2021,56.13759690217469,60.592896382590325,74.30066210699044,54.87623243266905,TRUE,10408,TRUE
465191,days_accounts_receivable,Days accounts receivable,number,Liquidity,FALSE,Same state + same rural/urban + same bed-size band,15,2022,43.45847860163789,50.04640133405947,64.47661528332512,64.16258301012863,TRUE,14157,TRUE
465191,days_accounts_receivable,Days accounts receivable,number,Liquidity,FALSE,Same state + same rural/urban + same bed-size band,15,2023,50.00114623064516,53.9137583424148,70.30144087164621,21.355196157898035,TRUE,14393,TRUE
465191,debt_to_assets,Debt to assets,percent,Solvency,FALSE,Same state + same rural/urban + same bed-size band,15,2011,0.3720598166907863,0.6425313353530739,0.9719693217905758,NA,NA,NA,NA
465191,debt_to_assets,Debt to assets,percent,Solvency,FALSE,Same state + same rural/urban + same bed-size band,15,2012,0.23470740516847546,0.6038043566649427,0.9522339221347066,NA,NA,NA,NA
465191,debt_to_assets,Debt to assets,percent,Solvency,FALSE,Same state + same rural/urban + same bed-size band,15,2013,0.1217735325696367,0.6044958949711058,0.9686566319954251,NA,NA,NA,NA
465191,debt_to_assets,Debt to assets,percent,Solvency,FALSE,Same state + same rural/urban + same bed-size band,15,2014,0.1200088638110547,0.8859411051290551,1.1037477881030957,NA,NA,NA,NA
465191,debt_to_assets,Debt to assets,percent,Solvency,FALSE,Same state + same rural/urban + same bed-size band,15,2015,-0.12075843032641445,0.6461027200763565,0.8545506449768135,NA,NA,NA,NA
465191,debt_to_assets,Debt to assets,percent,Solvency,FALSE,Same state + same rural/urban + same bed-size band,15,2016,-0.023194994124933317,0.582107876364639,0.8177095272609827,NA,NA,NA,NA
465191,debt_to_assets,Debt to assets,percent,Solvency,FALSE,Same state + same rural/urban + same bed-size band,15,2017,0.18034759548391122,0.6173325104916794,0.8917849565902939,NA,NA,NA,NA
465191,debt_to_assets,Debt to assets,percent,Solvency,FALSE,Same state + same rural/urban + same bed-size band,15,2018,0.13883878190208257,0.36986665464002766,0.7769183151662247,NA,NA,NA,NA
465191,debt_to_assets,Debt to assets,percent,Solvency,FALSE,Same state + same rural/urban + same bed-size band,15,2019,0.12988304648666343,0.682515970874475,0.8232426822502679,NA,NA,NA,NA
465191,debt_to_assets,Debt to assets,percent,Solvency,FALSE,Same state + same rural/urban + same bed-size band,15,2020,0.22837762946342816,0.45102867473739616,0.8168039394034776,0.2828213784431075,TRUE,9480,TRUE
465191,debt_to_assets,Debt to assets,percent,Solvency,FALSE,Same state + same rural/urban + same bed-size band,15,2021,0.4747366463651409,0.5062937525311382,0.8242959641369676,-0.2853107031796798,TRUE,10408,TRUE
465191,debt_to_assets,Debt to assets,percent,Solvency,FALSE,Same state + same rural/urban + same bed-size band,15,2022,0.3066288190323422,0.619142284168301,0.7337985948903158,0.09926455586458639,TRUE,14157,TRUE
465191,debt_to_assets,Debt to assets,percent,Solvency,FALSE,Same state + same rural/urban + same bed-size band,15,2023,0.47458744764458544,0.6869508579851984,0.8650996618614137,0.05784565129569915,TRUE,14393,TRUE
465172,occupancy_rate,Occupancy rate,percent,Utilization,TRUE,Same state + same rural/urban + same bed-size band,24,2011,0.5656248548873926,0.63271297753414,0.7076240049854278,0.9672146118721461,TRUE,42364,TRUE
465172,occupancy_rate,Occupancy rate,percent,Utilization,TRUE,Same state + same rural/urban + same bed-size band,24,2012,0.5797594065423004,0.6124430783242258,0.7342708386531162,0.9799863387978142,TRUE,43041,TRUE
465172,occupancy_rate,Occupancy rate,percent,Utilization,TRUE,Same state + same rural/urban + same bed-size band,24,2013,0.5640636432126221,0.5986002801437569,0.7004052511415525,0.9640182648401826,TRUE,42224,TRUE
465172,occupancy_rate,Occupancy rate,percent,Utilization,TRUE,Same state + same rural/urban + same bed-size band,24,2014,0.5479597919837647,0.6243695179872017,0.7205907904880509,0.9601598173515982,TRUE,42055,TRUE
465172,occupancy_rate,Occupancy rate,percent,Utilization,TRUE,Same state + same rural/urban + same bed-size band,24,2015,0.5439569270331083,0.574953300124533,0.7560502283105023,0.9649315068493151,TRUE,42264,TRUE
465172,occupancy_rate,Occupancy rate,percent,Utilization,TRUE,Same state + same rural/urban + same bed-size band,24,2016,0.5478675588060478,0.5939936775553214,0.7149006578598334,0.9532559198542805,TRUE,41867,TRUE
465172,occupancy_rate,Occupancy rate,percent,Utilization,TRUE,Same state + same rural/urban + same bed-size band,24,2017,0.5544588115174599,0.6030041856925419,0.7462361024947979,0.9592237442922374,TRUE,42014,TRUE
465172,occupancy_rate,Occupancy rate,percent,Utilization,TRUE,Same state + same rural/urban + same bed-size band,24,2018,0.5634588945415627,0.6902876349611288,0.8138955479452055,0.9719406392694064,TRUE,42571,TRUE
465172,occupancy_rate,Occupancy rate,percent,Utilization,TRUE,Same state + same rural/urban + same bed-size band,24,2019,0.5620128997581295,0.6737591175947341,0.8166915052160953,0.9761187214611872,TRUE,42754,TRUE
465172,occupancy_rate,Occupancy rate,percent,Utilization,TRUE,Same state + same rural/urban + same bed-size band,24,2020,0.5157809623732379,0.6191882351311389,0.7652923189823875,0.8994535519125683,TRUE,39504,TRUE
465172,occupancy_rate,Occupancy rate,percent,Utilization,TRUE,Same state + same rural/urban + same bed-size band,24,2021,0.5622506608988225,0.6527098440341053,0.7780466109233233,0.9031767955801105,TRUE,19617,TRUE
465172,occupancy_rate,Occupancy rate,percent,Utilization,TRUE,Same state + same rural/urban + same bed-size band,24,2021,0.5622506608988225,0.6527098440341053,0.7780466109233233,0.9222831050228311,TRUE,40396,TRUE
465172,occupancy_rate,Occupancy rate,percent,Utilization,TRUE,Same state + same rural/urban + same bed-size band,24,2022,0.615230013238172,0.6782293514438746,0.8232949356579493,0.9180593607305936,TRUE,40211,TRUE
465172,occupancy_rate,Occupancy rate,percent,Utilization,TRUE,Same state + same rural/urban + same bed-size band,24,2023,0.619892905932865,0.6874562755658056,0.8140710382513662,0.9691029143897997,TRUE,42563,TRUE
465172,medicare_day_share,Medicare day share,percent,Payer mix,TRUE,Same state + same rural/urban + same bed-size band,24,2011,0.10334422938734708,0.12810344764174386,0.19334022840956883,0.08157869889528845,TRUE,42364,TRUE
465172,medicare_day_share,Medicare day share,percent,Payer mix,TRUE,Same state + same rural/urban + same bed-size band,24,2012,0.10637980806802233,0.15322278750323737,0.21930834285167827,0.060872191631235334,TRUE,43041,TRUE
465172,medicare_day_share,Medicare day share,percent,Payer mix,TRUE,Same state + same rural/urban + same bed-size band,24,2013,0.09471236211132805,0.17455779218212125,0.1952492797186376,0.07609416445623342,TRUE,42224,TRUE
465172,medicare_day_share,Medicare day share,percent,Payer mix,TRUE,Same state + same rural/urban + same bed-size band,24,2014,0.10852202503163805,0.12019125636907878,0.19907838918748347,0.06396385685411961,TRUE,42055,TRUE
465172,medicare_day_share,Medicare day share,percent,Payer mix,TRUE,Same state + same rural/urban + same bed-size band,24,2015,0.10571875863339165,0.13446510374562112,0.20882697565421168,0.07100605716448988,TRUE,42264,TRUE
465172,medicare_day_share,Medicare day share,percent,Payer mix,TRUE,Same state + same rural/urban + same bed-size band,24,2016,0.082607533740468,0.11328929986789961,0.16971825531254003,0.046910454534597655,TRUE,41867,TRUE
465172,medicare_day_share,Medicare day share,percent,Payer mix,TRUE,Same state + same rural/urban + same bed-size band,24,2017,0.07390533166482982,0.09462616885030678,0.20198577407044815,0.056790593611653256,TRUE,42014,TRUE
465172,medicare_day_share,Medicare day share,percent,Payer mix,TRUE,Same state + same rural/urban + same bed-size band,24,2018,0.061084551629816755,0.08047907480123588,0.17861210321601922,0.04557092856639496,TRUE,42571,TRUE
465172,medicare_day_share,Medicare day share,percent,Payer mix,TRUE,Same state + same rural/urban + same bed-size band,24,2019,0.051697694097736405,0.08283164343050274,0.15033422640794566,0.034055293071993266,TRUE,42754,TRUE
465172,medicare_day_share,Medicare day share,percent,Payer mix,TRUE,Same state + same rural/urban + same bed-size band,24,2020,0.08456395149287371,0.10757192787881566,0.13558405332285062,0.020808019441069258,TRUE,39504,TRUE
465172,medicare_day_share,Medicare day share,percent,Payer mix,TRUE,Same state + same rural/urban + same bed-size band,24,2021,0.06939865167259891,0.11445029187534572,0.1558201587965559,0.039863383799765506,TRUE,19617,TRUE
465172,medicare_day_share,Medicare day share,percent,Payer mix,TRUE,Same state + same rural/urban + same bed-size band,24,2021,0.06939865167259891,0.11445029187534572,0.1558201587965559,0.02673532032874542,TRUE,40396,TRUE
465172,medicare_day_share,Medicare day share,percent,Payer mix,TRUE,Same state + same rural/urban + same bed-size band,24,2022,0.0605162502385366,0.08485988509886139,0.12804792657321368,0.052970580189500384,TRUE,40211,TRUE
465172,medicare_day_share,Medicare day share,percent,Payer mix,TRUE,Same state + same rural/urban + same bed-size band,24,2023,0.04273066406387154,0.06506497036823941,0.09013017852000006,0.02544463501162982,TRUE,42563,TRUE
465172,medicaid_day_share,Medicaid day share,percent,Payer mix,FALSE,Same state + same rural/urban + same bed-size band,24,2011,0.49201320179478225,0.5882328218548373,0.6644522301888774,0.037791521102823154,TRUE,42364,TRUE
465172,medicaid_day_share,Medicaid day share,percent,Payer mix,FALSE,Same state + same rural/urban + same bed-size band,24,2012,0.4822529467667155,0.5265066716490909,0.5944165474909207,0.03919518598545573,TRUE,43041,TRUE
465172,medicaid_day_share,Medicaid day share,percent,Payer mix,FALSE,Same state + same rural/urban + same bed-size band,24,2013,0.46197205504810795,0.5164409762080393,0.6220604446977522,0.04757957559681698,TRUE,42224,TRUE
465172,medicaid_day_share,Medicaid day share,percent,Payer mix,FALSE,Same state + same rural/urban + same bed-size band,24,2014,0.4137094968625858,0.4916264949267374,0.5411017041749373,0.06125312091309,TRUE,42055,TRUE
465172,medicaid_day_share,Medicaid day share,percent,Payer mix,FALSE,Same state + same rural/urban + same bed-size band,24,2015,0.43549088608595943,0.4604869157661763,0.5320352301182972,0.06272477758849139,TRUE,42264,TRUE
465172,medicaid_day_share,Medicaid day share,percent,Payer mix,FALSE,Same state + same rural/urban + same bed-size band,24,2016,0.44063725557308187,0.5180402449693788,0.6065226334655867,0.05550911218859723,TRUE,41867,TRUE
465172,medicaid_day_share,Medicaid day share,percent,Payer mix,FALSE,Same state + same rural/urban + same bed-size band,24,2017,0.4519121182845856,0.5447464831130644,0.6433597176669115,0.04924548959870519,TRUE,42014,TRUE
465172,medicaid_day_share,Medicaid day share,percent,Payer mix,FALSE,Same state + same rural/urban + same bed-size band,24,2018,0.4802937442237296,0.5669247561913842,0.6577703561144749,0.055953583425336496,TRUE,42571,TRUE
465172,medicaid_day_share,Medicaid day share,percent,Payer mix,FALSE,Same state + same rural/urban + same bed-size band,24,2019,0.5154180568193307,0.5788573915205769,0.7094884488448845,0.07377087523974366,TRUE,42754,TRUE
465172,medicaid_day_share,Medicaid day share,percent,Payer mix,FALSE,Same state + same rural/urban + same bed-size band,24,2020,0.5874194105818984,0.6450986046526919,0.7074630184549289,0.07406844876468206,TRUE,39504,TRUE
465172,medicaid_day_share,Medicaid day share,percent,Payer mix,FALSE,Same state + same rural/urban + same bed-size band,24,2021,0.5460819011207374,0.5998238385577221,0.6713112360117935,0.06698271907019422,TRUE,19617,TRUE
465172,medicaid_day_share,Medicaid day share,percent,Payer mix,FALSE,Same state + same rural/urban + same bed-size band,24,2021,0.5460819011207374,0.5998238385577221,0.6713112360117935,0.09154371719972275,TRUE,40396,TRUE
465172,medicaid_day_share,Medicaid day share,percent,Payer mix,FALSE,Same state + same rural/urban + same bed-size band,24,2022,0.526218309666163,0.6012906262109845,0.72963873089794,0.11153664420183532,TRUE,40211,TRUE
465172,medicaid_day_share,Medicaid day share,percent,Payer mix,FALSE,Same state + same rural/urban + same bed-size band,24,2023,0.5429977292262375,0.6573452330093521,0.7259713784506963,0.07403143575405868,TRUE,42563,TRUE
465172,other_day_share,Other/private day share,percent,Payer mix,TRUE,Same state + same rural/urban + same bed-size band,24,2011,0.23950828767888604,0.28824020321814803,0.3508260072112922,0.8806297800018884,TRUE,42364,TRUE
465172,other_day_share,Other/private day share,percent,Payer mix,TRUE,Same state + same rural/urban + same bed-size band,24,2012,0.25213216498598756,0.2806089979356912,0.38579555840982654,0.899932622383309,TRUE,43041,TRUE
465172,other_day_share,Other/private day share,percent,Payer mix,TRUE,Same state + same rural/urban + same bed-size band,24,2013,0.22469634771940597,0.31008822038225936,0.35546688300588736,0.8763262599469496,TRUE,42224,TRUE
465172,other_day_share,Other/private day share,percent,Payer mix,TRUE,Same state + same rural/urban + same bed-size band,24,2014,0.2753524781368111,0.3490889128783088,0.3958135680364326,0.8747830222327904,TRUE,42055,TRUE
465172,other_day_share,Other/private day share,percent,Payer mix,TRUE,Same state + same rural/urban + same bed-size band,24,2015,0.29180129850520914,0.3378234762739784,0.3903174538489751,0.8662691652470187,TRUE,42264,TRUE
465172,other_day_share,Other/private day share,percent,Payer mix,TRUE,Same state + same rural/urban + same bed-size band,24,2016,0.27004456668322213,0.31321473951715373,0.4038608547337069,0.8975804332768051,TRUE,41867,TRUE
465172,other_day_share,Other/private day share,percent,Payer mix,TRUE,Same state + same rural/urban + same bed-size band,24,2017,0.24118182783690154,0.3154174280173987,0.39638550256547583,0.8939639167896416,TRUE,42014,TRUE
465172,other_day_share,Other/private day share,percent,Payer mix,TRUE,Same state + same rural/urban + same bed-size band,24,2018,0.23730271626657695,0.2953579551799903,0.36195674354598995,0.8984754880082685,TRUE,42571,TRUE
465172,other_day_share,Other/private day share,percent,Payer mix,TRUE,Same state + same rural/urban + same bed-size band,24,2019,0.21322020323371876,0.2592896816083861,0.35786085014125224,0.8921738316882631,TRUE,42754,TRUE
465172,other_day_share,Other/private day share,percent,Payer mix,TRUE,Same state + same rural/urban + same bed-size band,24,2020,0.1746441278460742,0.21023527968156933,0.3076854690506833,0.9051235317942486,TRUE,39504,TRUE
465172,other_day_share,Other/private day share,percent,Payer mix,TRUE,Same state + same rural/urban + same bed-size band,24,2021,0.17440487744183153,0.26431778855396304,0.3428069606562467,0.8931538971300402,TRUE,19617,TRUE
465172,other_day_share,Other/private day share,percent,Payer mix,TRUE,Same state + same rural/urban + same bed-size band,24,2021,0.17440487744183153,0.26431778855396304,0.3428069606562467,0.8817209624715319,TRUE,40396,TRUE
465172,other_day_share,Other/private day share,percent,Payer mix,TRUE,Same state + same rural/urban + same bed-size band,24,2022,0.19190739838417614,0.259758855492348,0.32763000201419357,0.8354927756086643,TRUE,40211,TRUE
465172,other_day_share,Other/private day share,percent,Payer mix,TRUE,Same state + same rural/urban + same bed-size band,24,2023,0.2248748832174844,0.2628637394422838,0.3162997292057068,0.9005239292343115,TRUE,42563,TRUE
465172,net_patient_revenue_per_day,Net patient revenue per resident day,dollar,Revenue,TRUE,Same state + same rural/urban + same bed-size band,24,2011,224.45950968731725,233.88621268751012,255.68641876960754,221.20753469927297,TRUE,42364,TRUE
465172,net_patient_revenue_per_day,Net patient revenue per resident day,dollar,Revenue,TRUE,Same state + same rural/urban + same bed-size band,24,2012,229.82154540584634,246.09032583442422,258.1145084083086,217.56457796054926,TRUE,43041,TRUE
465172,net_patient_revenue_per_day,Net patient revenue per resident day,dollar,Revenue,TRUE,Same state + same rural/urban + same bed-size band,24,2013,236.19578330040912,250.33514073775132,277.50091117187765,236.787585259568,TRUE,42224,TRUE
465172,net_patient_revenue_per_day,Net patient revenue per resident day,dollar,Revenue,TRUE,Same state + same rural/urban + same bed-size band,24,2014,238.11517184214046,264.4297414816473,283.83883128113996,253.28614909047675,TRUE,42055,TRUE
465172,net_patient_revenue_per_day,Net patient revenue per resident day,dollar,Revenue,TRUE,Same state + same rural/urban + same bed-size band,24,2015,246.0172511784962,273.64052815952573,303.31285206240426,260.7521531326898,TRUE,42264,TRUE
465172,net_patient_revenue_per_day,Net patient revenue per resident day,dollar,Revenue,TRUE,Same state + same rural/urban + same bed-size band,24,2016,256.8239971805119,291.48514280645736,313.65505608921495,264.8812429837342,TRUE,41867,TRUE
465172,net_patient_revenue_per_day,Net patient revenue per resident day,dollar,Revenue,TRUE,Same state + same rural/urban + same bed-size band,24,2017,254.45880999404744,296.242720147545,326.1285815959132,278.63833484076736,TRUE,42014,TRUE
465172,net_patient_revenue_per_day,Net patient revenue per resident day,dollar,Revenue,TRUE,Same state + same rural/urban + same bed-size band,24,2018,295.60955101802784,325.46504924237763,346.5951273539505,288.0781048131357,TRUE,42571,TRUE
465172,net_patient_revenue_per_day,Net patient revenue per resident day,dollar,Revenue,TRUE,Same state + same rural/urban + same bed-size band,24,2019,292.05893604303645,327.30502624927084,359.0713681718248,305.24458530196006,TRUE,42754,TRUE
465172,net_patient_revenue_per_day,Net patient revenue per resident day,dollar,Revenue,TRUE,Same state + same rural/urban + same bed-size band,24,2020,333.14592538269545,354.08331869328975,371.62428797498364,328.72926792223575,TRUE,39504,TRUE
465172,net_patient_revenue_per_day,Net patient revenue per resident day,dollar,Revenue,TRUE,Same state + same rural/urban + same bed-size band,24,2021,352.48141765364915,370.54809653547636,387.6186303829302,330.2903604016924,TRUE,19617,TRUE
465172,net_patient_revenue_per_day,Net patient revenue per resident day,dollar,Revenue,TRUE,Same state + same rural/urban + same bed-size band,24,2021,352.48141765364915,370.54809653547636,387.6186303829302,342.50740172294286,TRUE,40396,TRUE
465172,net_patient_revenue_per_day,Net patient revenue per resident day,dollar,Revenue,TRUE,Same state + same rural/urban + same bed-size band,24,2022,365.05203620708306,387.5807943831222,402.37242240664887,373.94660664992165,TRUE,40211,TRUE
465172,net_patient_revenue_per_day,Net patient revenue per resident day,dollar,Revenue,TRUE,Same state + same rural/urban + same bed-size band,24,2023,381.14537675905177,411.01395660264996,436.0134328588548,408.89154899795597,TRUE,42563,TRUE
465172,operating_expense_per_day,Operating expense per resident day,dollar,Cost,FALSE,Same state + same rural/urban + same bed-size band,24,2011,226.13623128161638,253.67305925126854,272.4489570760967,199.18017656500803,TRUE,42364,TRUE
465172,operating_expense_per_day,Operating expense per resident day,dollar,Cost,FALSE,Same state + same rural/urban + same bed-size band,24,2012,219.32226604404303,250.3922865851089,264.4046500465404,203.5701772728329,TRUE,43041,TRUE
465172,operating_expense_per_day,Operating expense per resident day,dollar,Cost,FALSE,Same state + same rural/urban + same bed-size band,24,2013,233.1816574205917,262.8984499578702,276.2399466702167,217.48652425161046,TRUE,42224,TRUE
465172,operating_expense_per_day,Operating expense per resident day,dollar,Cost,FALSE,Same state + same rural/urban + same bed-size band,24,2014,243.02164775736225,261.6124902862294,279.23165154897526,228.04066103911543,TRUE,42055,TRUE
465172,operating_expense_per_day,Operating expense per resident day,dollar,Cost,FALSE,Same state + same rural/urban + same bed-size band,24,2015,259.5467622967521,281.53036937818763,309.89502312831934,252.61622184364944,TRUE,42264,TRUE
465172,operating_expense_per_day,Operating expense per resident day,dollar,Cost,FALSE,Same state + same rural/urban + same bed-size band,24,2016,263.41204549871793,296.514426908975,317.63053497976773,262.5639286311415,TRUE,41867,TRUE
465172,operating_expense_per_day,Operating expense per resident day,dollar,Cost,FALSE,Same state + same rural/urban + same bed-size band,24,2017,276.5514921156514,307.25952112550834,351.6984587660096,270.41674203836817,TRUE,42014,TRUE
465172,operating_expense_per_day,Operating expense per resident day,dollar,Cost,FALSE,Same state + same rural/urban + same bed-size band,24,2018,289.75450958510265,314.40693099879434,349.0730285180076,281.2267740950412,TRUE,42571,TRUE
465172,operating_expense_per_day,Operating expense per resident day,dollar,Cost,FALSE,Same state + same rural/urban + same bed-size band,24,2019,294.22903004019463,330.3352129107525,353.44640068917244,295.4432333816719,TRUE,42754,TRUE
465172,operating_expense_per_day,Operating expense per resident day,dollar,Cost,FALSE,Same state + same rural/urban + same bed-size band,24,2020,331.681317036792,366.05407791593154,389.56279472887155,336.52533920615633,TRUE,39504,TRUE
465172,operating_expense_per_day,Operating expense per resident day,dollar,Cost,FALSE,Same state + same rural/urban + same bed-size band,24,2021,361.8870428710395,380.46953006115683,407.03510803243256,352.92904113778866,TRUE,19617,TRUE
465172,operating_expense_per_day,Operating expense per resident day,dollar,Cost,FALSE,Same state + same rural/urban + same bed-size band,24,2021,361.8870428710395,380.46953006115683,407.03510803243256,354.0578770175265,TRUE,40396,TRUE
465172,operating_expense_per_day,Operating expense per resident day,dollar,Cost,FALSE,Same state + same rural/urban + same bed-size band,24,2022,368.34398732097645,400.68289304626103,435.43395186133563,383.87513366989134,TRUE,40211,TRUE
465172,operating_expense_per_day,Operating expense per resident day,dollar,Cost,FALSE,Same state + same rural/urban + same bed-size band,24,2023,367.32648331807826,400.4870983488861,422.03125102659965,372.2011841270587,TRUE,42563,TRUE
465172,patient_service_margin,Patient service margin,percent,Margin,TRUE,Same state + same rural/urban + same bed-size band,24,2011,-0.09428714756493536,-0.026239276699036734,0.016924741450738176,0.09957779315343249,TRUE,42364,TRUE
465172,patient_service_margin,Patient service margin,percent,Margin,TRUE,Same state + same rural/urban + same bed-size band,24,2012,-0.04141469128001377,0.005763344933856832,0.046089084962529205,0.0643229739827131,TRUE,43041,TRUE
465172,patient_service_margin,Patient service margin,percent,Margin,TRUE,Same state + same rural/urban + same bed-size band,24,2013,-0.025771031797791288,0.0088687457757765,0.0336139279704399,0.08151213243211047,TRUE,42224,TRUE
465172,patient_service_margin,Patient service margin,percent,Margin,TRUE,Same state + same rural/urban + same bed-size band,24,2014,0.007433716329380778,0.029425446946423243,0.06905074517941977,0.09967180653981726,TRUE,42055,TRUE
465172,patient_service_margin,Patient service margin,percent,Margin,TRUE,Same state + same rural/urban + same bed-size band,24,2015,-0.07816650109428577,-0.017639085425999658,0.04282024542094974,0.03120177989441246,TRUE,42264,TRUE
465172,patient_service_margin,Patient service margin,percent,Margin,TRUE,Same state + same rural/urban + same bed-size band,24,2016,-0.09078940599165111,-0.01588252644146054,0.0470285473791361,0.008748503013990445,TRUE,41867,TRUE
465172,patient_service_margin,Patient service margin,percent,Margin,TRUE,Same state + same rural/urban + same bed-size band,24,2017,-0.12546894980040982,-0.07139756044343551,0.022837543333121657,0.02950632333880968,TRUE,42014,TRUE
465172,patient_service_margin,Patient service margin,percent,Margin,TRUE,Same state + same rural/urban + same bed-size band,24,2018,-0.06640334300105206,0.028199891648286023,0.07510413726783664,0.023782892915581527,TRUE,42571,TRUE
465172,patient_service_margin,Patient service margin,percent,Margin,TRUE,Same state + same rural/urban + same bed-size band,24,2019,-0.03529730657550314,8.610061811188485e-4,0.08611983419782299,0.032109830582554885,TRUE,42754,TRUE
465172,patient_service_margin,Patient service margin,percent,Margin,TRUE,Same state + same rural/urban + same bed-size band,24,2020,-0.0699412581799109,-0.021536610419200884,0.052810892361627726,-0.02371578087097756,TRUE,39504,TRUE
465172,patient_service_margin,Patient service margin,percent,Margin,TRUE,Same state + same rural/urban + same bed-size band,24,2021,-0.05908927597419542,-0.026836675470209938,0.04305853154161295,-0.06854175431751487,TRUE,19617,TRUE
465172,patient_service_margin,Patient service margin,percent,Margin,TRUE,Same state + same rural/urban + same bed-size band,24,2021,-0.05908927597419542,-0.026836675470209938,0.04305853154161295,-0.0337232866690773,TRUE,40396,TRUE
465172,patient_service_margin,Patient service margin,percent,Margin,TRUE,Same state + same rural/urban + same bed-size band,24,2022,-0.10497856552696183,-0.04750227389607377,0.03865853255341725,-0.0265506541399491,TRUE,40211,TRUE
465172,patient_service_margin,Patient service margin,percent,Margin,TRUE,Same state + same rural/urban + same bed-size band,24,2023,-0.028147899551639696,-2.767002622954963e-5,0.06751320334665023,0.08973128684320318,TRUE,42563,TRUE
465172,total_margin,Total margin,percent,Margin,TRUE,Same state + same rural/urban + same bed-size band,24,2011,-0.06830638800613067,-0.004761416736405383,0.03104359426893068,0.10024355378522107,TRUE,42364,TRUE
465172,total_margin,Total margin,percent,Margin,TRUE,Same state + same rural/urban + same bed-size band,24,2012,-0.037631686402101655,0.012293322218626206,0.05356495994939653,0.0658644836284414,TRUE,43041,TRUE
465172,total_margin,Total margin,percent,Margin,TRUE,Same state + same rural/urban + same bed-size band,24,2013,-0.0020295492740584156,0.02079484027936083,0.039524148282542665,0.08459241183266572,TRUE,42224,TRUE
465172,total_margin,Total margin,percent,Margin,TRUE,Same state + same rural/urban + same bed-size band,24,2014,0.021302477561586645,0.03772294468525305,0.07187529397461544,0.10187628573888215,TRUE,42055,TRUE
465172,total_margin,Total margin,percent,Margin,TRUE,Same state + same rural/urban + same bed-size band,24,2015,-0.05858723154324557,0.001105201186652745,0.04308374584263195,0.03357646058969211,TRUE,42264,TRUE
465172,total_margin,Total margin,percent,Margin,TRUE,Same state + same rural/urban + same bed-size band,24,2016,-0.08589955020757087,-0.0068902399058888225,0.053179746607892535,0.011216720832138916,TRUE,41867,TRUE
465172,total_margin,Total margin,percent,Margin,TRUE,Same state + same rural/urban + same bed-size band,24,2017,-0.09338510014130391,-0.013559615676112857,0.02488197464256781,0.031625022604555623,TRUE,42014,TRUE
465172,total_margin,Total margin,percent,Margin,TRUE,Same state + same rural/urban + same bed-size band,24,2018,-0.06421337208564247,0.032572886638595505,0.07745210789081258,0.029822551346963124,TRUE,42571,TRUE
465172,total_margin,Total margin,percent,Margin,TRUE,Same state + same rural/urban + same bed-size band,24,2019,-0.04046364312297294,0.06253880423814513,0.08984449448612956,0.036123645609450174,TRUE,42754,TRUE
465172,total_margin,Total margin,percent,Margin,TRUE,Same state + same rural/urban + same bed-size band,24,2020,0.030063162837594207,0.0958120223830431,0.11583350561873512,0.03508507274805155,TRUE,39504,TRUE
465172,total_margin,Total margin,percent,Margin,TRUE,Same state + same rural/urban + same bed-size band,24,2021,-0.018938959800801947,0.03945439318922369,0.07545863520672073,-0.019951056486605202,TRUE,19617,TRUE
465172,total_margin,Total margin,percent,Margin,TRUE,Same state + same rural/urban + same bed-size band,24,2021,-0.018938959800801947,0.03945439318922369,0.07545863520672073,0.01306901762794533,TRUE,40396,TRUE
465172,total_margin,Total margin,percent,Margin,TRUE,Same state + same rural/urban + same bed-size band,24,2022,-0.05590871030968014,0.03604378220727018,0.0717074953882317,-0.023683614968563388,TRUE,40211,TRUE
465172,total_margin,Total margin,percent,Margin,TRUE,Same state + same rural/urban + same bed-size band,24,2023,-0.004802671431650256,0.06937474974743925,0.12066375735712295,0.09191243837284487,TRUE,42563,TRUE
465172,salary_cost_per_day,Salary cost per resident day,dollar,Labor,FALSE,Same state + same rural/urban + same bed-size band,24,2011,95.78439650188535,112.77864487100672,126.47803410610496,98.35801624020395,TRUE,42364,TRUE
465172,salary_cost_per_day,Salary cost per resident day,dollar,Labor,FALSE,Same state + same rural/urban + same bed-size band,24,2012,92.48366007421173,106.05844761462922,121.54294232117353,105.17790014172533,TRUE,43041,TRUE
465172,salary_cost_per_day,Salary cost per resident day,dollar,Labor,FALSE,Same state + same rural/urban + same bed-size band,24,2013,91.55604107258023,107.89973801862865,128.4489170792985,111.50836017430845,TRUE,42224,TRUE
465172,salary_cost_per_day,Salary cost per resident day,dollar,Labor,FALSE,Same state + same rural/urban + same bed-size band,24,2014,97.885255621635,117.42100760631469,131.1026859417658,117.55615265723458,TRUE,42055,TRUE
465172,salary_cost_per_day,Salary cost per resident day,dollar,Labor,FALSE,Same state + same rural/urban + same bed-size band,24,2015,100.30822036093602,122.7633508688028,136.87171052631578,128.64953624834374,TRUE,42264,TRUE
465172,salary_cost_per_day,Salary cost per resident day,dollar,Labor,FALSE,Same state + same rural/urban + same bed-size band,24,2016,114.31349843829354,131.6591560835723,141.47062602901832,135.73635560226433,TRUE,41867,TRUE
465172,salary_cost_per_day,Salary cost per resident day,dollar,Labor,FALSE,Same state + same rural/urban + same bed-size band,24,2017,113.36334641812475,134.25863142898004,150.2018385135876,137.88270576474508,TRUE,42014,TRUE
465172,salary_cost_per_day,Salary cost per resident day,dollar,Labor,FALSE,Same state + same rural/urban + same bed-size band,24,2018,102.41292376212219,134.17218625065078,154.92725684311156,146.3046440064833,TRUE,42571,TRUE
465172,salary_cost_per_day,Salary cost per resident day,dollar,Labor,FALSE,Same state + same rural/urban + same bed-size band,24,2019,110.09011559330031,119.57365623154165,167.944692492322,153.17659166393787,TRUE,42754,TRUE
465172,salary_cost_per_day,Salary cost per resident day,dollar,Labor,FALSE,Same state + same rural/urban + same bed-size band,24,2020,115.99499657452681,143.4801264466756,170.39711622603298,181.92555184285135,TRUE,39504,TRUE
465172,salary_cost_per_day,Salary cost per resident day,dollar,Labor,FALSE,Same state + same rural/urban + same bed-size band,24,2021,116.43007462013787,141.144407332538,173.1752822334439,190.92899016159453,TRUE,19617,TRUE
465172,salary_cost_per_day,Salary cost per resident day,dollar,Labor,FALSE,Same state + same rural/urban + same bed-size band,24,2021,116.43007462013787,141.144407332538,173.1752822334439,183.37474007327458,TRUE,40396,TRUE
465172,salary_cost_per_day,Salary cost per resident day,dollar,Labor,FALSE,Same state + same rural/urban + same bed-size band,24,2022,117.49319549901499,156.04139861606774,184.23453640903432,198.56685981447862,TRUE,40211,TRUE
465172,salary_cost_per_day,Salary cost per resident day,dollar,Labor,FALSE,Same state + same rural/urban + same bed-size band,24,2023,134.7582728862473,167.08636521239032,195.7916376503466,209.0615558113855,TRUE,42563,TRUE
465172,contract_labor_per_day,Contract labor per resident day,dollar,Labor,FALSE,Same state + same rural/urban + same bed-size band,24,2011,4.275119191043526,17.548570557146057,20.44241244805466,12.704324426399774,TRUE,42364,TRUE
465172,contract_labor_per_day,Contract labor per resident day,dollar,Labor,FALSE,Same state + same rural/urban + same bed-size band,24,2012,3.2836523591029665,16.98842436050792,20.506387382980872,16.500522757370877,TRUE,43041,TRUE
465172,contract_labor_per_day,Contract labor per resident day,dollar,Labor,FALSE,Same state + same rural/urban + same bed-size band,24,2013,0.6573416177393958,16.085861026600803,21.641935429431488,17.537466843501328,TRUE,42224,TRUE
465172,contract_labor_per_day,Contract labor per resident day,dollar,Labor,FALSE,Same state + same rural/urban + same bed-size band,24,2014,2.5209442505541046,15.964213483070154,23.08379747150621,16.56057543692783,TRUE,42055,TRUE
465172,contract_labor_per_day,Contract labor per resident day,dollar,Labor,FALSE,Same state + same rural/urban + same bed-size band,24,2015,0.4897887353348484,17.197548493669046,22.030813073876672,15.546659095211055,TRUE,42264,TRUE
465172,contract_labor_per_day,Contract labor per resident day,dollar,Labor,FALSE,Same state + same rural/urban + same bed-size band,24,2016,1.6282030730533688,4.947314800533251,21.79482412114544,14.0265125277665,TRUE,41867,TRUE
465172,contract_labor_per_day,Contract labor per resident day,dollar,Labor,FALSE,Same state + same rural/urban + same bed-size band,24,2017,3.328253945687218,18.560249119956676,36.289678187820115,15.881182462988528,TRUE,42014,TRUE
465172,contract_labor_per_day,Contract labor per resident day,dollar,Labor,FALSE,Same state + same rural/urban + same bed-size band,24,2018,6.6825829936310015,18.34587278938038,29.013796537091736,15.291747903502385,TRUE,42571,TRUE
465172,contract_labor_per_day,Contract labor per resident day,dollar,Labor,FALSE,Same state + same rural/urban + same bed-size band,24,2019,17.25082569048305,22.202593618476918,36.60820897298187,16.225312251485242,TRUE,42754,TRUE
465172,contract_labor_per_day,Contract labor per resident day,dollar,Labor,FALSE,Same state + same rural/urban + same bed-size band,24,2020,0.8788855908911766,12.823242201803904,24.631551432975776,15.414008707978939,TRUE,39504,TRUE
465172,contract_labor_per_day,Contract labor per resident day,dollar,Labor,FALSE,Same state + same rural/urban + same bed-size band,24,2021,6.372620470968849,25.50858217088056,63.01873175329255,18.510475607891117,TRUE,19617,TRUE
465172,contract_labor_per_day,Contract labor per resident day,dollar,Labor,FALSE,Same state + same rural/urban + same bed-size band,24,2021,6.372620470968849,25.50858217088056,63.01873175329255,20.61285770868403,TRUE,40396,TRUE
465172,contract_labor_per_day,Contract labor per resident day,dollar,Labor,FALSE,Same state + same rural/urban + same bed-size band,24,2022,9.570624795811732,39.95241396507181,80.54012611101794,21.027256223421453,TRUE,40211,TRUE
465172,contract_labor_per_day,Contract labor per resident day,dollar,Labor,FALSE,Same state + same rural/urban + same bed-size band,24,2023,7.640727341895186,21.409181108612252,42.53030582312387,14.63959307379649,TRUE,42563,TRUE
465172,contract_labor_ratio,Contract labor ratio,percent,Labor,FALSE,Same state + same rural/urban + same bed-size band,24,2011,0.030934876224655846,0.16453632202426843,0.1888383911667582,0.11438912911566201,TRUE,42364,TRUE
465172,contract_labor_ratio,Contract labor ratio,percent,Labor,FALSE,Same state + same rural/urban + same bed-size band,24,2012,0.024238870875626976,0.16216183323239425,0.1747915550427375,0.13560763169205606,TRUE,43041,TRUE
465172,contract_labor_ratio,Contract labor ratio,percent,Labor,FALSE,Same state + same rural/urban + same bed-size band,24,2013,0.005218693861356606,0.1313973271129848,0.18645201845272666,0.13590107676307084,TRUE,42224,TRUE
465172,contract_labor_ratio,Contract labor ratio,percent,Labor,FALSE,Same state + same rural/urban + same bed-size band,24,2014,0.018651951755076616,0.11857661050586096,0.18592176013145856,0.12347882081719716,TRUE,42055,TRUE
465172,contract_labor_ratio,Contract labor ratio,percent,Labor,FALSE,Same state + same rural/urban + same bed-size band,24,2015,0.0038288570856244023,0.1214770309334883,0.18849048463160553,0.10781601454997024,TRUE,42264,TRUE
465172,contract_labor_ratio,Contract labor ratio,percent,Labor,FALSE,Same state + same rural/urban + same bed-size band,24,2016,0.012573986508398714,0.0340697287499617,0.13684559650337275,0.09365814572667007,TRUE,41867,TRUE
465172,contract_labor_ratio,Contract labor ratio,percent,Labor,FALSE,Same state + same rural/urban + same bed-size band,24,2017,0.021215494967551055,0.11021035479023554,0.2433091269566959,0.10328291412264196,TRUE,42014,TRUE
465172,contract_labor_ratio,Contract labor ratio,percent,Labor,FALSE,Same state + same rural/urban + same bed-size band,24,2018,0.043689920336919534,0.10686253786462718,0.22675670604680262,0.09462926568323614,TRUE,42571,TRUE
465172,contract_labor_ratio,Contract labor ratio,percent,Labor,FALSE,Same state + same rural/urban + same bed-size band,24,2019,0.09320876401301385,0.174359738047339,0.24148805979538818,0.09577998757077733,TRUE,42754,TRUE
465172,contract_labor_ratio,Contract labor ratio,percent,Labor,FALSE,Same state + same rural/urban + same bed-size band,24,2020,0.00684778491214354,0.08218024891043715,0.1741859654432993,0.07810906573904441,TRUE,39504,TRUE
465172,contract_labor_ratio,Contract labor ratio,percent,Labor,FALSE,Same state + same rural/urban + same bed-size band,24,2021,0.0312429656733954,0.10926861092211113,0.34055140271206175,0.08838102952508584,TRUE,19617,TRUE
465172,contract_labor_ratio,Contract labor ratio,percent,Labor,FALSE,Same state + same rural/urban + same bed-size band,24,2021,0.0312429656733954,0.10926861092211113,0.34055140271206175,0.10104956346766246,TRUE,40396,TRUE
465172,contract_labor_ratio,Contract labor ratio,percent,Labor,FALSE,Same state + same rural/urban + same bed-size band,24,2022,0.046581607388451046,0.20666910371349012,0.32966689198963134,0.09575509855552015,TRUE,40211,TRUE
465172,contract_labor_ratio,Contract labor ratio,percent,Labor,FALSE,Same state + same rural/urban + same bed-size band,24,2023,0.03516542724287901,0.08201701278300157,0.20944066634713954,0.06544263695896567,TRUE,42563,TRUE
465172,days_cash_on_hand,Days cash on hand,number,Liquidity,TRUE,Same state + same rural/urban + same bed-size band,24,2011,0.16530385416144355,0.5667920968875247,5.998914242625718,3.7620473357115234,TRUE,42364,TRUE
465172,days_cash_on_hand,Days cash on hand,number,Liquidity,TRUE,Same state + same rural/urban + same bed-size band,24,2012,0.10711123655207895,1.1013062918059229,5.535393291061664,16.967884687550505,TRUE,43041,TRUE
465172,days_cash_on_hand,Days cash on hand,number,Liquidity,TRUE,Same state + same rural/urban + same bed-size band,24,2013,0.10302492585668942,0.5280081614601615,4.137435870716652,48.583471512120404,TRUE,42224,TRUE
465172,days_cash_on_hand,Days cash on hand,number,Liquidity,TRUE,Same state + same rural/urban + same bed-size band,24,2014,0.23880052841938282,1.11483808063109,19.780390900851955,51.35191574776466,TRUE,42055,TRUE
465172,days_cash_on_hand,Days cash on hand,number,Liquidity,TRUE,Same state + same rural/urban + same bed-size band,24,2015,0.588166897334949,1.3755498522212193,6.367443175988638,36.74634470689656,TRUE,42264,TRUE
465172,days_cash_on_hand,Days cash on hand,number,Liquidity,TRUE,Same state + same rural/urban + same bed-size band,24,2016,0.147495495434413,0.8091799321802667,10.881161123525597,41.57543616873791,TRUE,41867,TRUE
465172,days_cash_on_hand,Days cash on hand,number,Liquidity,TRUE,Same state + same rural/urban + same bed-size band,24,2017,0.038742343354800285,5.984958833867022,13.429844087395805,34.600323079537894,TRUE,42014,TRUE
465172,days_cash_on_hand,Days cash on hand,number,Liquidity,TRUE,Same state + same rural/urban + same bed-size band,24,2018,-1.2626689525930213,0.11246823783089609,7.567593903845999,29.039440432572214,TRUE,42571,TRUE
465172,days_cash_on_hand,Days cash on hand,number,Liquidity,TRUE,Same state + same rural/urban + same bed-size band,24,2019,5.793202129103604,22.956019675602747,41.79149562602933,32.005413501929326,TRUE,42754,TRUE
465172,days_cash_on_hand,Days cash on hand,number,Liquidity,TRUE,Same state + same rural/urban + same bed-size band,24,2020,5.706361576733496,28.263131883222144,45.96836820618631,31.117949718585624,TRUE,39504,TRUE
465172,days_cash_on_hand,Days cash on hand,number,Liquidity,TRUE,Same state + same rural/urban + same bed-size band,24,2021,2.14244907809409,8.013549972059485,30.56324036519815,31.34196318605473,TRUE,19617,TRUE
465172,days_cash_on_hand,Days cash on hand,number,Liquidity,TRUE,Same state + same rural/urban + same bed-size band,24,2021,2.14244907809409,8.013549972059485,30.56324036519815,37.050869070503786,TRUE,40396,TRUE
465172,days_cash_on_hand,Days cash on hand,number,Liquidity,TRUE,Same state + same rural/urban + same bed-size band,24,2022,6.48766164824953,11.01706179492244,12.905894456724706,9.184940881392677,TRUE,40211,TRUE
465172,days_cash_on_hand,Days cash on hand,number,Liquidity,TRUE,Same state + same rural/urban + same bed-size band,24,2023,0.951676829037241,16.66938674877047,44.20226526489033,46.11611842672128,TRUE,42563,TRUE
465172,current_ratio,Current ratio,number,Liquidity,TRUE,Same state + same rural/urban + same bed-size band,24,2011,0.6263805330167193,1.123348771834694,1.9734019893080395,2.4512512131469117,TRUE,42364,TRUE
465172,current_ratio,Current ratio,number,Liquidity,TRUE,Same state + same rural/urban + same bed-size band,24,2012,0.7105159540861542,1.4447588071711617,2.007193185825615,2.1120157973980125,TRUE,43041,TRUE
465172,current_ratio,Current ratio,number,Liquidity,TRUE,Same state + same rural/urban + same bed-size band,24,2013,0.7544573551154813,1.3514347169728649,1.9513432543794287,3.207524144170682,TRUE,42224,TRUE
465172,current_ratio,Current ratio,number,Liquidity,TRUE,Same state + same rural/urban + same bed-size band,24,2014,0.3824052063904114,1.2399009280575681,2.2726514098572723,-6.70754771432969,TRUE,42055,TRUE
465172,current_ratio,Current ratio,number,Liquidity,TRUE,Same state + same rural/urban + same bed-size band,24,2015,0.324583901235983,1.1153568871878803,2.26663779512499,-6.649564372183441,TRUE,42264,TRUE
465172,current_ratio,Current ratio,number,Liquidity,TRUE,Same state + same rural/urban + same bed-size band,24,2016,0.3493136748334881,0.8102778733039377,1.4451173823968753,-8.868017709696145,TRUE,41867,TRUE
465172,current_ratio,Current ratio,number,Liquidity,TRUE,Same state + same rural/urban + same bed-size band,24,2017,0.8665545005913065,1.9356234463484592,2.256742048223242,-5.203581808423376,TRUE,42014,TRUE
465172,current_ratio,Current ratio,number,Liquidity,TRUE,Same state + same rural/urban + same bed-size band,24,2018,1.2093011585392075,1.4762284837868846,2.5099543384956564,-12.821660073633089,TRUE,42571,TRUE
465172,current_ratio,Current ratio,number,Liquidity,TRUE,Same state + same rural/urban + same bed-size band,24,2019,0.9638114668822799,1.7596482863072866,3.1329562576157355,-13.748986220015775,TRUE,42754,TRUE
465172,current_ratio,Current ratio,number,Liquidity,TRUE,Same state + same rural/urban + same bed-size band,24,2020,1.180423297169349,2.4172473868313045,6.6014711219694195,-10.028540614736016,TRUE,39504,TRUE
465172,current_ratio,Current ratio,number,Liquidity,TRUE,Same state + same rural/urban + same bed-size band,24,2021,1.0859395083436651,1.299020743073414,5.0224698455789465,7.020934269282719,TRUE,19617,TRUE
465172,current_ratio,Current ratio,number,Liquidity,TRUE,Same state + same rural/urban + same bed-size band,24,2021,1.0859395083436651,1.299020743073414,5.0224698455789465,8.050367755933351,TRUE,40396,TRUE
465172,current_ratio,Current ratio,number,Liquidity,TRUE,Same state + same rural/urban + same bed-size band,24,2022,0.7489929312966388,1.2784949389391342,5.678507864679258,12.392731300360131,TRUE,40211,TRUE
465172,current_ratio,Current ratio,number,Liquidity,TRUE,Same state + same rural/urban + same bed-size band,24,2023,1.1167934266281176,1.7176305199482553,3.7398587873799354,23.353201896202116,TRUE,42563,TRUE
465172,days_accounts_receivable,Days accounts receivable,number,Liquidity,FALSE,Same state + same rural/urban + same bed-size band,24,2011,39.5082353773177,48.854573751561766,53.45000200890018,52.026360770340226,TRUE,42364,TRUE
465172,days_accounts_receivable,Days accounts receivable,number,Liquidity,FALSE,Same state + same rural/urban + same bed-size band,24,2012,42.46323774365648,52.15225936667035,62.54936585782892,30.397059779925605,TRUE,43041,TRUE
465172,days_accounts_receivable,Days accounts receivable,number,Liquidity,FALSE,Same state + same rural/urban + same bed-size band,24,2013,39.36836736157089,47.26043619463025,57.07959086378455,28.398801314527265,TRUE,42224,TRUE
465172,days_accounts_receivable,Days accounts receivable,number,Liquidity,FALSE,Same state + same rural/urban + same bed-size band,24,2014,36.35868189041231,47.6320351258051,56.42404354560614,25.83137790088931,TRUE,42055,TRUE
465172,days_accounts_receivable,Days accounts receivable,number,Liquidity,FALSE,Same state + same rural/urban + same bed-size band,24,2015,35.970535807199795,48.92463778485441,60.38727341987551,27.39201804212885,TRUE,42264,TRUE
465172,days_accounts_receivable,Days accounts receivable,number,Liquidity,FALSE,Same state + same rural/urban + same bed-size band,24,2016,37.323580419262484,49.81276463707135,117.41595415095676,26.982582616810447,TRUE,41867,TRUE
465172,days_accounts_receivable,Days accounts receivable,number,Liquidity,FALSE,Same state + same rural/urban + same bed-size band,24,2017,44.640854366984115,53.64323479623182,71.42128562237374,30.005131244804794,TRUE,42014,TRUE
465172,days_accounts_receivable,Days accounts receivable,number,Liquidity,FALSE,Same state + same rural/urban + same bed-size band,24,2018,43.45314891263628,46.367512272118915,55.159572715049975,49.65374644491544,TRUE,42571,TRUE
465172,days_accounts_receivable,Days accounts receivable,number,Liquidity,FALSE,Same state + same rural/urban + same bed-size band,24,2019,43.00763155299684,48.899337765130646,68.54062164587776,52.22072925276698,TRUE,42754,TRUE
465172,days_accounts_receivable,Days accounts receivable,number,Liquidity,FALSE,Same state + same rural/urban + same bed-size band,24,2020,38.21449564595835,56.6555826959889,63.489976115235265,25.7558896917717,TRUE,39504,TRUE
465172,days_accounts_receivable,Days accounts receivable,number,Liquidity,FALSE,Same state + same rural/urban + same bed-size band,24,2021,38.07501931574093,64.8019509279944,78.68469138053143,106.18930947234163,TRUE,19617,TRUE
465172,days_accounts_receivable,Days accounts receivable,number,Liquidity,FALSE,Same state + same rural/urban + same bed-size band,24,2021,38.07501931574093,64.8019509279944,78.68469138053143,33.485967223451354,TRUE,40396,TRUE
465172,days_accounts_receivable,Days accounts receivable,number,Liquidity,FALSE,Same state + same rural/urban + same bed-size band,24,2022,39.134655603514034,46.54302532706758,68.00969638987877,40.07202346089422,TRUE,40211,TRUE
465172,days_accounts_receivable,Days accounts receivable,number,Liquidity,FALSE,Same state + same rural/urban + same bed-size band,24,2023,41.102049003839426,55.210258182519055,72.99430467651683,28.741397193037255,TRUE,42563,TRUE
465172,debt_to_assets,Debt to assets,percent,Solvency,FALSE,Same state + same rural/urban + same bed-size band,24,2011,0.49094242147970996,0.7818522117127398,1.1700455880866745,0.38595204800890504,TRUE,42364,TRUE
465172,debt_to_assets,Debt to assets,percent,Solvency,FALSE,Same state + same rural/urban + same bed-size band,24,2012,0.48123148218710565,0.80375305272826,1.1258432161456216,0.44964150103480505,TRUE,43041,TRUE
465172,debt_to_assets,Debt to assets,percent,Solvency,FALSE,Same state + same rural/urban + same bed-size band,24,2013,0.49606064681220247,0.63987478044010615,1.0334114467956612,0.28773309439828326,TRUE,42224,TRUE
465172,debt_to_assets,Debt to assets,percent,Solvency,FALSE,Same state + same rural/urban + same bed-size band,24,2014,0.524321998669127,0.8407828919255315,1.0432807137984073,-0.13542587654921442,TRUE,42055,TRUE
465172,debt_to_assets,Debt to assets,percent,Solvency,FALSE,Same state + same rural/urban + same bed-size band,24,2015,0.42669666790024763,0.898828803779797,1.0675769242079456,-0.13133798321863357,TRUE,42264,TRUE
465172,debt_to_assets,Debt to assets,percent,Solvency,FALSE,Same state + same rural/urban + same bed-size band,24,2016,0.3151522173616693,0.8691820857863751,1.0677312216983759,-0.10007608650884316,TRUE,41867,TRUE
465172,debt_to_assets,Debt to assets,percent,Solvency,FALSE,Same state + same rural/urban + same bed-size band,24,2017,0.29897558706820715,0.7049936402462048,1.0355559730035568,-0.16958113036627748,TRUE,42014,TRUE
465172,debt_to_assets,Debt to assets,percent,Solvency,FALSE,Same state + same rural/urban + same bed-size band,24,2018,0.36606065172555574,0.6401695593649909,0.8800545689094199,-0.07078164201655046,TRUE,42571,TRUE
465172,debt_to_assets,Debt to assets,percent,Solvency,FALSE,Same state + same rural/urban + same bed-size band,24,2019,0.40749491816442174,0.5661005594025819,1,-0.0644166324205178,TRUE,42754,TRUE
465172,debt_to_assets,Debt to assets,percent,Solvency,FALSE,Same state + same rural/urban + same bed-size band,24,2020,0.23332815963640616,0.5153183210693643,0.9960803987613479,-0.08435986539806369,TRUE,39504,TRUE
465172,debt_to_assets,Debt to assets,percent,Solvency,FALSE,Same state + same rural/urban + same bed-size band,24,2021,0.3122871300015546,0.5334378764453778,0.9686360141169976,0.1240889300543541,TRUE,19617,TRUE
465172,debt_to_assets,Debt to assets,percent,Solvency,FALSE,Same state + same rural/urban + same bed-size band,24,2021,0.3122871300015546,0.5334378764453778,0.9686360141169976,0.11014114198970033,TRUE,40396,TRUE
465172,debt_to_assets,Debt to assets,percent,Solvency,FALSE,Same state + same rural/urban + same bed-size band,24,2022,0.328771102967095,0.7335034888809712,1,0.06972750864661213,TRUE,40211,TRUE
465172,debt_to_assets,Debt to assets,percent,Solvency,FALSE,Same state + same rural/urban + same bed-size band,24,2023,0.34683280253793725,0.5976535373858022,0.9826139872003088,0.039538440120021605,TRUE,42563,TRUE
465150,occupancy_rate,Occupancy rate,percent,Utilization,TRUE,Same state + same rural/urban + same bed-size band,25,2011,0.5603582833437789,0.6449286971830164,0.7105787126373474,0.995636732623034,TRUE,29436,TRUE
465150,occupancy_rate,Occupancy rate,percent,Utilization,TRUE,Same state + same rural/urban + same bed-size band,25,2012,0.5487256049960968,0.6012951569944105,0.7247851812189039,1.0727248195372057,TRUE,31802,TRUE
465150,occupancy_rate,Occupancy rate,percent,Utilization,TRUE,Same state + same rural/urban + same bed-size band,25,2013,0.538273635751179,0.572402103224021,0.7654531682074963,0.978217486893286,TRUE,28921,TRUE
465150,occupancy_rate,Occupancy rate,percent,Utilization,TRUE,Same state + same rural/urban + same bed-size band,25,2014,0.5395026092628833,0.6096757990867581,0.7854976438694969,0.943581938102486,TRUE,27897,TRUE
465150,occupancy_rate,Occupancy rate,percent,Utilization,TRUE,Same state + same rural/urban + same bed-size band,25,2015,0.5570431446591411,0.6103652968036529,0.7136871446707512,0.9730086250634196,TRUE,28767,TRUE
465150,occupancy_rate,Occupancy rate,percent,Utilization,TRUE,Same state + same rural/urban + same bed-size band,25,2016,0.54588473888795,0.6031420765027322,0.7582781456953642,0.9469405653376509,TRUE,28073,TRUE
465150,occupancy_rate,Occupancy rate,percent,Utilization,TRUE,Same state + same rural/urban + same bed-size band,25,2017,0.5739943465970864,0.6406109613656783,0.7467112597547381,0.9658718078809403,TRUE,28556,TRUE
465150,occupancy_rate,Occupancy rate,percent,Utilization,TRUE,Same state + same rural/urban + same bed-size band,25,2018,0.5713909125906657,0.6730430528375734,0.7849043650413513,0.9659056316590563,TRUE,28557,TRUE
465150,occupancy_rate,Occupancy rate,percent,Utilization,TRUE,Same state + same rural/urban + same bed-size band,25,2019,0.6420298879202989,0.6795922656578395,0.8053213909378293,0.9822425164890918,TRUE,29040,TRUE
465150,occupancy_rate,Occupancy rate,percent,Utilization,TRUE,Same state + same rural/urban + same bed-size band,25,2020,0.5640095227401538,0.6486906208513039,0.756471987446892,0.825473925656075,TRUE,24472,TRUE
465150,occupancy_rate,Occupancy rate,percent,Utilization,TRUE,Same state + same rural/urban + same bed-size band,25,2021,0.5324635790389215,0.6310072522159549,0.721875,0.8789304958734057,TRUE,12886,TRUE
465150,occupancy_rate,Occupancy rate,percent,Utilization,TRUE,Same state + same rural/urban + same bed-size band,25,2021,0.5324635790389215,0.6310072522159549,0.721875,0.9017419245729748,TRUE,26660,TRUE
465150,occupancy_rate,Occupancy rate,percent,Utilization,TRUE,Same state + same rural/urban + same bed-size band,25,2022,0.49616438356164383,0.6611120064464142,0.7989989462592202,0.9221376627769322,TRUE,27263,TRUE
465150,occupancy_rate,Occupancy rate,percent,Utilization,TRUE,Same state + same rural/urban + same bed-size band,25,2023,0.6235990037359901,0.708094262295082,0.8301282051282052,0.9212035350468866,TRUE,27310,TRUE
465150,medicare_day_share,Medicare day share,percent,Payer mix,TRUE,Same state + same rural/urban + same bed-size band,25,2011,0.07934838344185302,0.10667416067868117,0.13372352598126097,0.052418806903111834,TRUE,29436,TRUE
465150,medicare_day_share,Medicare day share,percent,Payer mix,TRUE,Same state + same rural/urban + same bed-size band,25,2012,0.05945604304602598,0.10310887863155037,0.149926184979225,0.04062637569964153,TRUE,31802,TRUE
465150,medicare_day_share,Medicare day share,percent,Payer mix,TRUE,Same state + same rural/urban + same bed-size band,25,2013,0.08182596855144963,0.1106504738470199,0.15871762838005038,0.03419660454341136,TRUE,28921,TRUE
465150,medicare_day_share,Medicare day share,percent,Payer mix,TRUE,Same state + same rural/urban + same bed-size band,25,2014,0.08334223023114741,0.11889891310269923,0.15169052480326106,0.04366060866759867,TRUE,27897,TRUE
465150,medicare_day_share,Medicare day share,percent,Payer mix,TRUE,Same state + same rural/urban + same bed-size band,25,2015,0.07288008240770807,0.122144801808869,0.2086515188143771,0.038933500191191295,TRUE,28767,TRUE
465150,medicare_day_share,Medicare day share,percent,Payer mix,TRUE,Same state + same rural/urban + same bed-size band,25,2016,0.06964991943752746,0.0889348500517063,0.13952434881087203,0.05389520179531935,TRUE,28073,TRUE
465150,medicare_day_share,Medicare day share,percent,Payer mix,TRUE,Same state + same rural/urban + same bed-size band,25,2017,0.07539427023163314,0.09943291146975423,0.12843577301508013,0.0371900826446281,TRUE,28556,TRUE
465150,medicare_day_share,Medicare day share,percent,Payer mix,TRUE,Same state + same rural/urban + same bed-size band,25,2018,0.07603671439072351,0.09952623759055651,0.14289902579907376,0.022936582974402073,TRUE,28557,TRUE
465150,medicare_day_share,Medicare day share,percent,Payer mix,TRUE,Same state + same rural/urban + same bed-size band,25,2019,0.05431093007467753,0.08913510006487997,0.17511983918354723,0.021453168044077136,TRUE,29040,TRUE
465150,medicare_day_share,Medicare day share,percent,Payer mix,TRUE,Same state + same rural/urban + same bed-size band,25,2020,0.06633784988752722,0.11687729689690825,0.17131161822675806,0.04049525988885257,TRUE,24472,TRUE
465150,medicare_day_share,Medicare day share,percent,Payer mix,TRUE,Same state + same rural/urban + same bed-size band,25,2021,0.05163948304080366,0.09162070805906422,0.14886992197516394,0.019556107403383517,TRUE,12886,TRUE
465150,medicare_day_share,Medicare day share,percent,Payer mix,TRUE,Same state + same rural/urban + same bed-size band,25,2021,0.05163948304080366,0.09162070805906422,0.14886992197516394,0.030307576894223556,TRUE,26660,TRUE
465150,medicare_day_share,Medicare day share,percent,Payer mix,TRUE,Same state + same rural/urban + same bed-size band,25,2022,0.04973692048049241,0.0784424090467175,0.11809590479523976,0.035065840149653374,TRUE,27263,TRUE
465150,medicare_day_share,Medicare day share,percent,Payer mix,TRUE,Same state + same rural/urban + same bed-size band,25,2023,0.037793310034947576,0.05842668812279507,0.1340782122905028,0.01222995239838887,TRUE,27310,TRUE
465150,medicaid_day_share,Medicaid day share,percent,Payer mix,FALSE,Same state + same rural/urban + same bed-size band,25,2011,0.49646096703299103,0.5702459929497008,0.714756438230511,0.0223196086424786,TRUE,29436,TRUE
465150,medicaid_day_share,Medicaid day share,percent,Payer mix,FALSE,Same state + same rural/urban + same bed-size band,25,2012,0.5200833915966769,0.6130880857750254,0.74890194416503,0.013835607823407333,TRUE,31802,TRUE
465150,medicaid_day_share,Medicaid day share,percent,Payer mix,FALSE,Same state + same rural/urban + same bed-size band,25,2013,0.5032641298594366,0.6243693239152371,0.7336973005762815,0.020020054631582587,TRUE,28921,TRUE
465150,medicaid_day_share,Medicaid day share,percent,Payer mix,FALSE,Same state + same rural/urban + same bed-size band,25,2014,0.49127021251773906,0.627777501615549,0.7130727067707086,0.02297738108040291,TRUE,27897,TRUE
465150,medicaid_day_share,Medicaid day share,percent,Payer mix,FALSE,Same state + same rural/urban + same bed-size band,25,2015,0.5311911137558266,0.6267823358405242,0.6974639036433007,0.05082212257100149,TRUE,28767,TRUE
465150,medicaid_day_share,Medicaid day share,percent,Payer mix,FALSE,Same state + same rural/urban + same bed-size band,25,2016,0.5844642893698302,0.650950977765872,0.7057623814602039,0.045346062052505964,TRUE,28073,TRUE
465150,medicaid_day_share,Medicaid day share,percent,Payer mix,FALSE,Same state + same rural/urban + same bed-size band,25,2017,0.570658366196038,0.6219130853110969,0.6857695351332116,0.03736517719568567,TRUE,28556,TRUE
465150,medicaid_day_share,Medicaid day share,percent,Payer mix,FALSE,Same state + same rural/urban + same bed-size band,25,2018,0.5599298654942574,0.6378046985591983,0.7303925524078995,0.01771894806877473,TRUE,28557,TRUE
465150,medicaid_day_share,Medicaid day share,percent,Payer mix,FALSE,Same state + same rural/urban + same bed-size band,25,2019,0.5289664650482907,0.6474380929321175,0.7404606768891207,0.01921487603305785,TRUE,29040,TRUE
465150,medicaid_day_share,Medicaid day share,percent,Payer mix,FALSE,Same state + same rural/urban + same bed-size band,25,2020,0.4946134347275032,0.6838008894970921,0.8127717666093639,0.04033180778032037,TRUE,24472,TRUE
465150,medicaid_day_share,Medicaid day share,percent,Payer mix,FALSE,Same state + same rural/urban + same bed-size band,25,2021,0.5713193532386089,0.6548159915355196,0.7569455792861106,0.054865745770603755,TRUE,12886,TRUE
465150,medicaid_day_share,Medicaid day share,percent,Payer mix,FALSE,Same state + same rural/urban + same bed-size band,25,2021,0.5713193532386089,0.6548159915355196,0.7569455792861106,0.03225806451612903,TRUE,26660,TRUE
465150,medicaid_day_share,Medicaid day share,percent,Payer mix,FALSE,Same state + same rural/urban + same bed-size band,25,2022,0.5823943504596545,0.685985043385243,0.7651719617633354,0.026776216850676743,TRUE,27263,TRUE
465150,medicaid_day_share,Medicaid day share,percent,Payer mix,FALSE,Same state + same rural/urban + same bed-size band,25,2023,0.5645039876812686,0.6927202564737212,0.776301314025763,0.02065177590626144,TRUE,27310,TRUE
465150,other_day_share,Other/private day share,percent,Payer mix,TRUE,Same state + same rural/urban + same bed-size band,25,2011,0.19286220616829455,0.28675640804082003,0.3703772290536459,0.9252615844544095,TRUE,29436,TRUE
465150,other_day_share,Other/private day share,percent,Payer mix,TRUE,Same state + same rural/urban + same bed-size band,25,2012,0.1678609346483284,0.23389684789113477,0.3225134417418638,0.9455380164769511,TRUE,31802,TRUE
465150,other_day_share,Other/private day share,percent,Payer mix,TRUE,Same state + same rural/urban + same bed-size band,25,2013,0.17685041389664619,0.26198864972386926,0.34229443477560445,0.945783340825006,TRUE,28921,TRUE
465150,other_day_share,Other/private day share,percent,Payer mix,TRUE,Same state + same rural/urban + same bed-size band,25,2014,0.19397621384904523,0.26877092332325625,0.34851051677066364,0.9333620102519984,TRUE,27897,TRUE
465150,other_day_share,Other/private day share,percent,Payer mix,TRUE,Same state + same rural/urban + same bed-size band,25,2015,0.17415582690042858,0.25107286235060683,0.30104929931873914,0.9102443772378072,TRUE,28767,TRUE
465150,other_day_share,Other/private day share,percent,Payer mix,TRUE,Same state + same rural/urban + same bed-size band,25,2016,0.19082222349373462,0.2448780487804878,0.31046602447279353,0.9007587361521747,TRUE,28073,TRUE
465150,other_day_share,Other/private day share,percent,Payer mix,TRUE,Same state + same rural/urban + same bed-size band,25,2017,0.21335673139270647,0.270534923651358,0.3211329028811464,0.9254447401596863,TRUE,28556,TRUE
465150,other_day_share,Other/private day share,percent,Payer mix,TRUE,Same state + same rural/urban + same bed-size band,25,2018,0.18453335084927514,0.26553349847852326,0.32551998156259154,0.9593444689568232,TRUE,28557,TRUE
465150,other_day_share,Other/private day share,percent,Payer mix,TRUE,Same state + same rural/urban + same bed-size band,25,2019,0.19084579766148108,0.23884241700005196,0.33753390596745025,0.959331955922865,TRUE,29040,TRUE
465150,other_day_share,Other/private day share,percent,Payer mix,TRUE,Same state + same rural/urban + same bed-size band,25,2020,0.11877053208640614,0.19289965943673854,0.28578296423379,0.9191729323308271,TRUE,24472,TRUE
465150,other_day_share,Other/private day share,percent,Payer mix,TRUE,Same state + same rural/urban + same bed-size band,25,2021,0.13155241935483872,0.251090238175109,0.3085118376550169,0.9255781468260127,TRUE,12886,TRUE
465150,other_day_share,Other/private day share,percent,Payer mix,TRUE,Same state + same rural/urban + same bed-size band,25,2021,0.13155241935483872,0.251090238175109,0.3085118376550169,0.9374343585896474,TRUE,26660,TRUE
465150,other_day_share,Other/private day share,percent,Payer mix,TRUE,Same state + same rural/urban + same bed-size band,25,2022,0.1471746108654836,0.2533619310250911,0.29676748011144305,0.9381579429996699,TRUE,27263,TRUE
465150,other_day_share,Other/private day share,percent,Payer mix,TRUE,Same state + same rural/urban + same bed-size band,25,2023,0.18042651518798442,0.23883495145631067,0.3424639494304339,0.9671182716953497,TRUE,27310,TRUE
465150,net_patient_revenue_per_day,Net patient revenue per resident day,dollar,Revenue,TRUE,Same state + same rural/urban + same bed-size band,25,2011,202.20401140774752,206.1321723920026,253.17635918882678,193.70882592743578,TRUE,29436,TRUE
465150,net_patient_revenue_per_day,Net patient revenue per resident day,dollar,Revenue,TRUE,Same state + same rural/urban + same bed-size band,25,2012,202.57909156101758,216.98003710400616,236.1984712519287,171.28740330796805,TRUE,31802,TRUE
465150,net_patient_revenue_per_day,Net patient revenue per resident day,dollar,Revenue,TRUE,Same state + same rural/urban + same bed-size band,25,2013,207.4578900852316,234.7463295048326,253.4293798458973,203.1719511773452,TRUE,28921,TRUE
465150,net_patient_revenue_per_day,Net patient revenue per resident day,dollar,Revenue,TRUE,Same state + same rural/urban + same bed-size band,25,2014,224.03807524026217,240.6384649260604,254.77146096679596,225.7303652722515,TRUE,27897,TRUE
465150,net_patient_revenue_per_day,Net patient revenue per resident day,dollar,Revenue,TRUE,Same state + same rural/urban + same bed-size band,25,2015,228.77876959946082,242.40596724049928,289.2587963694764,235.2970765112803,TRUE,28767,TRUE
465150,net_patient_revenue_per_day,Net patient revenue per resident day,dollar,Revenue,TRUE,Same state + same rural/urban + same bed-size band,25,2016,234.48269410664173,257.5532574974147,279.3568406205924,253.81555231004882,TRUE,28073,TRUE
465150,net_patient_revenue_per_day,Net patient revenue per resident day,dollar,Revenue,TRUE,Same state + same rural/urban + same bed-size band,25,2017,242.89394866979617,283.43690232360353,331.4070931195417,253.5742050707382,TRUE,28556,TRUE
465150,net_patient_revenue_per_day,Net patient revenue per resident day,dollar,Revenue,TRUE,Same state + same rural/urban + same bed-size band,25,2018,275.9506637129046,303.5077653631203,331.5807996854975,274.78296039499946,TRUE,28557,TRUE
465150,net_patient_revenue_per_day,Net patient revenue per resident day,dollar,Revenue,TRUE,Same state + same rural/urban + same bed-size band,25,2019,296.0652700998933,333.8249882647473,370.7379528082419,292.0124655647383,TRUE,29040,TRUE
465150,net_patient_revenue_per_day,Net patient revenue per resident day,dollar,Revenue,TRUE,Same state + same rural/urban + same bed-size band,25,2020,316.6762110220276,356.6613093568022,399.35800900521735,345.3170562275253,TRUE,24472,TRUE
465150,net_patient_revenue_per_day,Net patient revenue per resident day,dollar,Revenue,TRUE,Same state + same rural/urban + same bed-size band,25,2021,349.72641762966947,369.1006801578638,409.31038242200606,332.1822908582958,TRUE,12886,TRUE
465150,net_patient_revenue_per_day,Net patient revenue per resident day,dollar,Revenue,TRUE,Same state + same rural/urban + same bed-size band,25,2021,349.72641762966947,369.1006801578638,409.31038242200606,365.93904726181546,TRUE,26660,TRUE
465150,net_patient_revenue_per_day,Net patient revenue per resident day,dollar,Revenue,TRUE,Same state + same rural/urban + same bed-size band,25,2022,343.6752077562327,371.9368143922773,405.44292533443337,410.1047206837105,TRUE,27263,TRUE
465150,net_patient_revenue_per_day,Net patient revenue per resident day,dollar,Revenue,TRUE,Same state + same rural/urban + same bed-size band,25,2023,370.6304270777955,390.8538628606888,424.2304172114585,467.6349322592457,TRUE,27310,TRUE
465150,operating_expense_per_day,Operating expense per resident day,dollar,Cost,FALSE,Same state + same rural/urban + same bed-size band,25,2011,206.19326583709267,218.81958945888755,246.86236341218833,183.82395705938308,TRUE,29436,TRUE
465150,operating_expense_per_day,Operating expense per resident day,dollar,Cost,FALSE,Same state + same rural/urban + same bed-size band,25,2012,199.84479655421126,218.34963575390273,246.5719456848526,171.33501037670587,TRUE,31802,TRUE
465150,operating_expense_per_day,Operating expense per resident day,dollar,Cost,FALSE,Same state + same rural/urban + same bed-size band,25,2013,214.84866542251774,235.37829557567403,300.9674700123872,195.3782372670378,TRUE,28921,TRUE
465150,operating_expense_per_day,Operating expense per resident day,dollar,Cost,FALSE,Same state + same rural/urban + same bed-size band,25,2014,216.80918462953485,237.27751417162546,291.1031248336591,202.63042621070366,TRUE,27897,TRUE
465150,operating_expense_per_day,Operating expense per resident day,dollar,Cost,FALSE,Same state + same rural/urban + same bed-size band,25,2015,226.6551534712717,242.56044827928196,302.9635307482381,221.3399728855981,TRUE,28767,TRUE
465150,operating_expense_per_day,Operating expense per resident day,dollar,Cost,FALSE,Same state + same rural/urban + same bed-size band,25,2016,235.90624162871686,245.37560092401824,290.53172700157904,242.04986998183307,TRUE,28073,TRUE
465150,operating_expense_per_day,Operating expense per resident day,dollar,Cost,FALSE,Same state + same rural/urban + same bed-size band,25,2017,247.79098653845878,279.39147078548376,340.91746048812814,244.67453424849418,TRUE,28556,TRUE
465150,operating_expense_per_day,Operating expense per resident day,dollar,Cost,FALSE,Same state + same rural/urban + same bed-size band,25,2018,258.9236375867765,301.4150868561385,358.45949512002903,256.7444059249921,TRUE,28557,TRUE
465150,operating_expense_per_day,Operating expense per resident day,dollar,Cost,FALSE,Same state + same rural/urban + same bed-size band,25,2019,289.03791817359854,313.25995828458053,369.1225927665571,267.09855371900824,TRUE,29040,TRUE
465150,operating_expense_per_day,Operating expense per resident day,dollar,Cost,FALSE,Same state + same rural/urban + same bed-size band,25,2020,333.0281389198268,350.94561487505456,410.3880554707818,339.42195161817585,TRUE,24472,TRUE
465150,operating_expense_per_day,Operating expense per resident day,dollar,Cost,FALSE,Same state + same rural/urban + same bed-size band,25,2021,342.0253645200486,378.71611875209663,427.6067042334923,342.72520564954215,TRUE,12886,TRUE
465150,operating_expense_per_day,Operating expense per resident day,dollar,Cost,FALSE,Same state + same rural/urban + same bed-size band,25,2021,342.0253645200486,378.71611875209663,427.6067042334923,369.7599024756189,TRUE,26660,TRUE
465150,operating_expense_per_day,Operating expense per resident day,dollar,Cost,FALSE,Same state + same rural/urban + same bed-size band,25,2022,368.06796353176344,407.01319190359504,429.45505822416305,393.3537028206727,TRUE,27263,TRUE
465150,operating_expense_per_day,Operating expense per resident day,dollar,Cost,FALSE,Same state + same rural/urban + same bed-size band,25,2023,359.63852115727144,387.12787723785164,417.12355578830227,417.2927132918345,TRUE,27310,TRUE
465150,patient_service_margin,Patient service margin,percent,Margin,TRUE,Same state + same rural/urban + same bed-size band,25,2011,-0.0815154155345328,-0.01903426748415972,0.008402296783552312,0.051029522380955636,TRUE,29436,TRUE
465150,patient_service_margin,Patient service margin,percent,Margin,TRUE,Same state + same rural/urban + same bed-size band,25,2012,-0.05146157546892132,0.0015949347178756425,0.01743710909000263,-2.779367765428704e-4,TRUE,31802,TRUE
465150,patient_service_margin,Patient service margin,percent,Margin,TRUE,Same state + same rural/urban + same bed-size band,25,2013,-0.15259387175338415,-0.021329964313086876,0.013229199454805007,0.0383601863600965,TRUE,28921,TRUE
465150,patient_service_margin,Patient service margin,percent,Margin,TRUE,Same state + same rural/urban + same bed-size band,25,2014,-0.0966266164916838,-0.04756918381377046,0.046561706118869804,0.10233421203074382,TRUE,27897,TRUE
465150,patient_service_margin,Patient service margin,percent,Margin,TRUE,Same state + same rural/urban + same bed-size band,25,2015,-0.0591709101651226,-0.005752454321354899,0.04343042972034344,0.05931694448831409,TRUE,28767,TRUE
465150,patient_service_margin,Patient service margin,percent,Margin,TRUE,Same state + same rural/urban + same bed-size band,25,2016,-0.13599904406850888,0.00392808194962848,0.07821888810487615,0.046355245851299666,TRUE,28073,TRUE
465150,patient_service_margin,Patient service margin,percent,Margin,TRUE,Same state + same rural/urban + same bed-size band,25,2017,-0.06357853165444326,0.050592853429954475,0.09962868028737633,0.03509690908726824,TRUE,28556,TRUE
465150,patient_service_margin,Patient service margin,percent,Margin,TRUE,Same state + same rural/urban + same bed-size band,25,2018,-0.11134835416187122,-0.006681645380972058,0.03806986208526714,0.06564655408063513,TRUE,28557,TRUE
465150,patient_service_margin,Patient service margin,percent,Margin,TRUE,Same state + same rural/urban + same bed-size band,25,2019,-0.034658930860320944,0.03782814227133936,0.08547724305447899,0.08531797366097951,TRUE,29040,TRUE
465150,patient_service_margin,Patient service margin,percent,Margin,TRUE,Same state + same rural/urban + same bed-size band,25,2020,-0.07765603801961485,0.02602750488333997,0.05673747778991964,0.017071570902843693,TRUE,24472,TRUE
465150,patient_service_margin,Patient service margin,percent,Margin,TRUE,Same state + same rural/urban + same bed-size band,25,2021,-0.12133055904643686,-0.011568422003092563,0.052596260549199705,-0.03173834090915993,TRUE,12886,TRUE
465150,patient_service_margin,Patient service margin,percent,Margin,TRUE,Same state + same rural/urban + same bed-size band,25,2021,-0.12133055904643686,-0.011568422003092563,0.052596260549199705,-0.010441233977061143,TRUE,26660,TRUE
465150,patient_service_margin,Patient service margin,percent,Margin,TRUE,Same state + same rural/urban + same bed-size band,25,2022,-0.1239281520604608,-0.029851529251810487,0.01404273411364246,0.04084570846956157,TRUE,27263,TRUE
465150,patient_service_margin,Patient service margin,percent,Margin,TRUE,Same state + same rural/urban + same bed-size band,25,2023,-0.04991736271971117,0.019752118753528482,0.08445278358464928,0.1076528195278249,TRUE,27310,TRUE
465150,total_margin,Total margin,percent,Margin,TRUE,Same state + same rural/urban + same bed-size band,25,2011,-0.06752829691505122,-0.006733871432298877,0.015137636560103633,0.05111370317815831,TRUE,29436,TRUE
465150,total_margin,Total margin,percent,Margin,TRUE,Same state + same rural/urban + same bed-size band,25,2012,-0.043182620877138235,0.008882874638445898,0.039280576082809666,-0.0015001977132815963,TRUE,31802,TRUE
465150,total_margin,Total margin,percent,Margin,TRUE,Same state + same rural/urban + same bed-size band,25,2013,-0.14196869129699458,-0.007853375796213907,0.013166330482774097,0.04001115737135326,TRUE,28921,TRUE
465150,total_margin,Total margin,percent,Margin,TRUE,Same state + same rural/urban + same bed-size band,25,2014,-0.09756307584767845,-0.0348667009770987,0.05140192894465648,0.10464111033475196,TRUE,27897,TRUE
465150,total_margin,Total margin,percent,Margin,TRUE,Same state + same rural/urban + same bed-size band,25,2015,-0.07547796878435128,-0.005632664340445239,0.04545997236312192,0.06212749071436834,TRUE,28767,TRUE
465150,total_margin,Total margin,percent,Margin,TRUE,Same state + same rural/urban + same bed-size band,25,2016,-0.13230122191591057,0.005712639170034105,0.07941564229212315,0.049732897856165664,TRUE,28073,TRUE
465150,total_margin,Total margin,percent,Margin,TRUE,Same state + same rural/urban + same bed-size band,25,2017,-0.047046316748892585,0.04218984430220689,0.10055328597189755,0.03836024120761242,TRUE,28556,TRUE
465150,total_margin,Total margin,percent,Margin,TRUE,Same state + same rural/urban + same bed-size band,25,2018,-0.11253213887279824,-0.002318643220893634,0.0398494338245427,0.06885390386641888,TRUE,28557,TRUE
465150,total_margin,Total margin,percent,Margin,TRUE,Same state + same rural/urban + same bed-size band,25,2019,3.5876805766637626e-4,0.05941714295893663,0.0902842102615396,0.08715369570103544,TRUE,29040,TRUE
465150,total_margin,Total margin,percent,Margin,TRUE,Same state + same rural/urban + same bed-size band,25,2020,0.028131136138004182,0.05126285585801859,0.10957297340880517,0.08318759415752658,TRUE,24472,TRUE
465150,total_margin,Total margin,percent,Margin,TRUE,Same state + same rural/urban + same bed-size band,25,2021,-0.07347306106916554,0.015664189504061798,0.08103834068903437,0.02172199001939259,TRUE,12886,TRUE
465150,total_margin,Total margin,percent,Margin,TRUE,Same state + same rural/urban + same bed-size band,25,2021,-0.07347306106916554,0.015664189504061798,0.08103834068903437,0.03588707796843665,TRUE,26660,TRUE
465150,total_margin,Total margin,percent,Margin,TRUE,Same state + same rural/urban + same bed-size band,25,2022,-0.13547028062535502,-0.016932820079260103,0.038834578055754874,0.0427750178097317,TRUE,27263,TRUE
465150,total_margin,Total margin,percent,Margin,TRUE,Same state + same rural/urban + same bed-size band,25,2023,-0.03228495933682721,0.03749296292749291,0.10332843552763671,0.10794707742709914,TRUE,27310,TRUE
465150,salary_cost_per_day,Salary cost per resident day,dollar,Labor,FALSE,Same state + same rural/urban + same bed-size band,25,2011,88.06506764182541,93.17174736947672,113.9862063831857,100.85762331838565,TRUE,29436,TRUE
465150,salary_cost_per_day,Salary cost per resident day,dollar,Labor,FALSE,Same state + same rural/urban + same bed-size band,25,2012,81.85703594831693,91.12966368869067,105.9935763878678,96.14106031067229,TRUE,31802,TRUE
465150,salary_cost_per_day,Salary cost per resident day,dollar,Labor,FALSE,Same state + same rural/urban + same bed-size band,25,2013,86.36913507245036,101.52517362186245,118.24643215598377,108.1264133328723,TRUE,28921,TRUE
465150,salary_cost_per_day,Salary cost per resident day,dollar,Labor,FALSE,Same state + same rural/urban + same bed-size band,25,2014,89.00607908319363,104.07052835393696,117.3080783640005,113.10882890633401,TRUE,27897,TRUE
465150,salary_cost_per_day,Salary cost per resident day,dollar,Labor,FALSE,Same state + same rural/urban + same bed-size band,25,2015,93.49870415897578,110.70594125500668,131.05597843341326,114.11009142420134,TRUE,28767,TRUE
465150,salary_cost_per_day,Salary cost per resident day,dollar,Labor,FALSE,Same state + same rural/urban + same bed-size band,25,2016,97.18896487228943,119.5993332943447,133.04375990939977,122.98678445481423,TRUE,28073,TRUE
465150,salary_cost_per_day,Salary cost per resident day,dollar,Labor,FALSE,Same state + same rural/urban + same bed-size band,25,2017,100.63050947697215,118.3553951264807,134.43241728077197,124.35880375402718,TRUE,28556,TRUE
465150,salary_cost_per_day,Salary cost per resident day,dollar,Labor,FALSE,Same state + same rural/urban + same bed-size band,25,2018,99.69468240265626,126.68761434208044,161.4328218585124,131.98949469482088,TRUE,28557,TRUE
465150,salary_cost_per_day,Salary cost per resident day,dollar,Labor,FALSE,Same state + same rural/urban + same bed-size band,25,2019,98.90841070945642,133.466837669476,164.34488491712995,132.10547520661157,TRUE,29040,TRUE
465150,salary_cost_per_day,Salary cost per resident day,dollar,Labor,FALSE,Same state + same rural/urban + same bed-size band,25,2020,115.93117695042608,149.14732707325487,194.93004826858143,170.06529911735862,TRUE,24472,TRUE
465150,salary_cost_per_day,Salary cost per resident day,dollar,Labor,FALSE,Same state + same rural/urban + same bed-size band,25,2021,109.32007713958095,157.44750083864474,193.83305199189738,153.83183299705107,TRUE,12886,TRUE
465150,salary_cost_per_day,Salary cost per resident day,dollar,Labor,FALSE,Same state + same rural/urban + same bed-size band,25,2021,109.32007713958095,157.44750083864474,193.83305199189738,146.11196549137284,TRUE,26660,TRUE
465150,salary_cost_per_day,Salary cost per resident day,dollar,Labor,FALSE,Same state + same rural/urban + same bed-size band,25,2022,125.1841577540107,141.30738538569864,192.23582903910275,161.80853170964312,TRUE,27263,TRUE
465150,salary_cost_per_day,Salary cost per resident day,dollar,Labor,FALSE,Same state + same rural/urban + same bed-size band,25,2023,121.4597214244687,162.09494260006204,209.9917820342626,214.18227755400952,TRUE,27310,TRUE
465150,contract_labor_per_day,Contract labor per resident day,dollar,Labor,FALSE,Same state + same rural/urban + same bed-size band,25,2011,9.724087113148846,15.901657899993342,17.875496299201018,8.14655523848349,TRUE,29436,TRUE
465150,contract_labor_per_day,Contract labor per resident day,dollar,Labor,FALSE,Same state + same rural/urban + same bed-size band,25,2012,0.41948591672904645,12.144542802955858,18.86861635950468,6.423369599396264,TRUE,31802,TRUE
465150,contract_labor_per_day,Contract labor per resident day,dollar,Labor,FALSE,Same state + same rural/urban + same bed-size band,25,2013,1.390505598297078,14.755229974544946,20.496384900864747,7.9566750803914115,TRUE,28921,TRUE
465150,contract_labor_per_day,Contract labor per resident day,dollar,Labor,FALSE,Same state + same rural/urban + same bed-size band,25,2014,0.1595214947966459,19.084069964265563,24.027298198210516,8.23034734917733,TRUE,27897,TRUE
465150,contract_labor_per_day,Contract labor per resident day,dollar,Labor,FALSE,Same state + same rural/urban + same bed-size band,25,2015,0.36487116704194433,1.1082096071648666,15.858611916501474,10.864149893975735,TRUE,28767,TRUE
465150,contract_labor_per_day,Contract labor per resident day,dollar,Labor,FALSE,Same state + same rural/urban + same bed-size band,25,2016,1.2368153481190185,3.761303640308583,17.170227052027368,15.63947565276244,TRUE,28073,TRUE
465150,contract_labor_per_day,Contract labor per resident day,dollar,Labor,FALSE,Same state + same rural/urban + same bed-size band,25,2017,0.748155869146889,5.2021121116401865,26.607800421644413,20.56482000280151,TRUE,28556,TRUE
465150,contract_labor_per_day,Contract labor per resident day,dollar,Labor,FALSE,Same state + same rural/urban + same bed-size band,25,2018,2.600084777053354,12.310571652310102,27.513994036313726,19.049515005077563,TRUE,28557,TRUE
465150,contract_labor_per_day,Contract labor per resident day,dollar,Labor,FALSE,Same state + same rural/urban + same bed-size band,25,2019,4.440657726554676,15.418806395416993,32.055389278376396,29.85671487603306,TRUE,29040,TRUE
465150,contract_labor_per_day,Contract labor per resident day,dollar,Labor,FALSE,Same state + same rural/urban + same bed-size band,25,2020,3.8983363173995937,14.299253754737654,59.16344056422367,35.91157240928408,TRUE,24472,TRUE
465150,contract_labor_per_day,Contract labor per resident day,dollar,Labor,FALSE,Same state + same rural/urban + same bed-size band,25,2021,10.099224800861537,62.64337788578372,81.31765227094408,52.70929691137669,TRUE,12886,TRUE
465150,contract_labor_per_day,Contract labor per resident day,dollar,Labor,FALSE,Same state + same rural/urban + same bed-size band,25,2021,10.099224800861537,62.64337788578372,81.31765227094408,84.78454613653413,TRUE,26660,TRUE
465150,contract_labor_per_day,Contract labor per resident day,dollar,Labor,FALSE,Same state + same rural/urban + same bed-size band,25,2022,15.56683642759339,38.370500910810264,78.02286491396602,79.9749110516084,TRUE,27263,TRUE
465150,contract_labor_per_day,Contract labor per resident day,dollar,Labor,FALSE,Same state + same rural/urban + same bed-size band,25,2023,3.245205002411511,13.70072442848171,52.314904312284455,45.31515928231417,TRUE,27310,TRUE
465150,contract_labor_ratio,Contract labor ratio,percent,Labor,FALSE,Same state + same rural/urban + same bed-size band,25,2011,0.09867642159432584,0.15320658226289022,0.17293404449291538,0.07473617384523758,TRUE,29436,TRUE
465150,contract_labor_ratio,Contract labor ratio,percent,Labor,FALSE,Same state + same rural/urban + same bed-size band,25,2012,0.003244200012827085,0.12490687577588672,0.18400507094767768,0.06262765371024302,TRUE,31802,TRUE
465150,contract_labor_ratio,Contract labor ratio,percent,Labor,FALSE,Same state + same rural/urban + same bed-size band,25,2013,0.012410820921585554,0.14624541936317154,0.18665496215793217,0.06854293066415587,TRUE,28921,TRUE
465150,contract_labor_ratio,Contract labor ratio,percent,Labor,FALSE,Same state + same rural/urban + same bed-size band,25,2014,0.0013309368294706736,0.17633473303601477,0.2052468389007473,0.06782926671470213,TRUE,27897,TRUE
465150,contract_labor_ratio,Contract labor ratio,percent,Labor,FALSE,Same state + same rural/urban + same bed-size band,25,2015,0.0032734780873204627,0.00925171566665663,0.15448243682471927,0.08693111299884788,TRUE,28767,TRUE
465150,contract_labor_ratio,Contract labor ratio,percent,Labor,FALSE,Same state + same rural/urban + same bed-size band,25,2016,0.010804879186249183,0.02928121763049486,0.15889605860765083,0.11281755448517404,TRUE,28073,TRUE
465150,contract_labor_ratio,Contract labor ratio,percent,Labor,FALSE,Same state + same rural/urban + same bed-size band,25,2017,0.006131991931347451,0.03539897391674815,0.2564668315443702,0.14190108879217503,TRUE,28556,TRUE
465150,contract_labor_ratio,Contract labor ratio,percent,Labor,FALSE,Same state + same rural/urban + same bed-size band,25,2018,0.016874121053542204,0.08162514373853813,0.22166084495358146,0.12612314555641826,TRUE,28557,TRUE
465150,contract_labor_ratio,Contract labor ratio,percent,Labor,FALSE,Same state + same rural/urban + same bed-size band,25,2019,0.02652704678679261,0.12017501130385946,0.21751947937609994,0.1843437339344327,TRUE,29040,TRUE
465150,contract_labor_ratio,Contract labor ratio,percent,Labor,FALSE,Same state + same rural/urban + same bed-size band,25,2020,0.012292897656436971,0.08718612341305988,0.3504826713966509,0.17434759613114617,TRUE,24472,TRUE
465150,contract_labor_ratio,Contract labor ratio,percent,Labor,FALSE,Same state + same rural/urban + same bed-size band,25,2021,0.03918955054355949,0.36840915851069245,0.4499527601264627,0.25520000270525256,TRUE,12886,TRUE
465150,contract_labor_ratio,Contract labor ratio,percent,Labor,FALSE,Same state + same rural/urban + same bed-size band,25,2021,0.03918955054355949,0.36840915851069245,0.4499527601264627,0.3671971721823396,TRUE,26660,TRUE
465150,contract_labor_ratio,Contract labor ratio,percent,Labor,FALSE,Same state + same rural/urban + same bed-size band,25,2022,0.08025378767125288,0.18181875083630658,0.3902479575878601,0.3307708341740317,TRUE,27263,TRUE
465150,contract_labor_ratio,Contract labor ratio,percent,Labor,FALSE,Same state + same rural/urban + same bed-size band,25,2023,0.013496400629176486,0.0727365078382456,0.2912057532081485,0.17462661610371286,TRUE,27310,TRUE
465150,days_cash_on_hand,Days cash on hand,number,Liquidity,TRUE,Same state + same rural/urban + same bed-size band,25,2011,0.2456860247932591,0.5409548225608958,1.1037732364750632,13.85916705137384,TRUE,29436,TRUE
465150,days_cash_on_hand,Days cash on hand,number,Liquidity,TRUE,Same state + same rural/urban + same bed-size band,25,2012,0.1513650581717002,0.41778695974719077,4.748550529507776,-2.132807321103598,TRUE,31802,TRUE
465150,days_cash_on_hand,Days cash on hand,number,Liquidity,TRUE,Same state + same rural/urban + same bed-size band,25,2013,0.025059757110722797,0.35766993897539623,2.0747226751522203,5.111196570094084,TRUE,28921,TRUE
465150,days_cash_on_hand,Days cash on hand,number,Liquidity,TRUE,Same state + same rural/urban + same bed-size band,25,2014,0.12180440601781338,2.7277819709716518,6.684416109641828,54.67250632918558,TRUE,27897,TRUE
465150,days_cash_on_hand,Days cash on hand,number,Liquidity,TRUE,Same state + same rural/urban + same bed-size band,25,2015,0.06526628566671125,0.7369193867970223,13.573531476121547,40.69322931414903,TRUE,28767,TRUE
465150,days_cash_on_hand,Days cash on hand,number,Liquidity,TRUE,Same state + same rural/urban + same bed-size band,25,2016,0.14174904469180927,0.6493236952744653,4.086427587214721,62.77994385926494,TRUE,28073,TRUE
465150,days_cash_on_hand,Days cash on hand,number,Liquidity,TRUE,Same state + same rural/urban + same bed-size band,25,2017,0.0678320077533015,1.7429437501347054,13.945380310258793,41.78978208728703,TRUE,28556,TRUE
465150,days_cash_on_hand,Days cash on hand,number,Liquidity,TRUE,Same state + same rural/urban + same bed-size band,25,2018,0.035486731469416666,0.16730406164546452,4.826911772095391,51.9240048555276,TRUE,28557,TRUE
465150,days_cash_on_hand,Days cash on hand,number,Liquidity,TRUE,Same state + same rural/urban + same bed-size band,25,2019,4.967900237139598,9.591130453263787,33.53059632846005,46.08692378639863,TRUE,29040,TRUE
465150,days_cash_on_hand,Days cash on hand,number,Liquidity,TRUE,Same state + same rural/urban + same bed-size band,25,2020,5.159105611336907,14.16739679826398,34.825125420422204,35.78676007971748,TRUE,24472,TRUE
465150,days_cash_on_hand,Days cash on hand,number,Liquidity,TRUE,Same state + same rural/urban + same bed-size band,25,2021,2.093806992877408,11.59834337387839,33.19627889856271,68.9875229742523,TRUE,12886,TRUE
465150,days_cash_on_hand,Days cash on hand,number,Liquidity,TRUE,Same state + same rural/urban + same bed-size band,25,2021,2.093806992877408,11.59834337387839,33.19627889856271,45.75811497069478,TRUE,26660,TRUE
465150,days_cash_on_hand,Days cash on hand,number,Liquidity,TRUE,Same state + same rural/urban + same bed-size band,25,2022,9.07888403341526,13.158344824709229,17.837110309990166,37.81081400395114,TRUE,27263,TRUE
465150,days_cash_on_hand,Days cash on hand,number,Liquidity,TRUE,Same state + same rural/urban + same bed-size band,25,2023,1.4158497870161877,5.373594235927761,34.8309640026968,50.437781013146065,TRUE,27310,TRUE
465150,current_ratio,Current ratio,number,Liquidity,TRUE,Same state + same rural/urban + same bed-size band,25,2011,0.8764972980560266,1.1806842311993804,1.7825900505905683,1.7478349629943404,TRUE,29436,TRUE
465150,current_ratio,Current ratio,number,Liquidity,TRUE,Same state + same rural/urban + same bed-size band,25,2012,0.7999441692714866,1.1995450872927695,1.6220444631577196,0.7480078562859153,TRUE,31802,TRUE
465150,current_ratio,Current ratio,number,Liquidity,TRUE,Same state + same rural/urban + same bed-size band,25,2013,0.14343125753104413,0.5652419781564793,1.1678212429843762,1.3875953096046074,TRUE,28921,TRUE
465150,current_ratio,Current ratio,number,Liquidity,TRUE,Same state + same rural/urban + same bed-size band,25,2014,0.4738586737584624,0.7515251172532584,1.40558255942267,2.9297270703994376,TRUE,27897,TRUE
465150,current_ratio,Current ratio,number,Liquidity,TRUE,Same state + same rural/urban + same bed-size band,25,2015,0.14559282442241686,0.58670316613275,1.042868849070987,2.9925545607759756,TRUE,28767,TRUE
465150,current_ratio,Current ratio,number,Liquidity,TRUE,Same state + same rural/urban + same bed-size band,25,2016,0.3297590240142759,0.9968061938002284,1.7375027603761084,3.13148487061077,TRUE,28073,TRUE
465150,current_ratio,Current ratio,number,Liquidity,TRUE,Same state + same rural/urban + same bed-size band,25,2017,0.686123671666331,1.4206997333372167,2.1669159621947554,2.7316082659478886,TRUE,28556,TRUE
465150,current_ratio,Current ratio,number,Liquidity,TRUE,Same state + same rural/urban + same bed-size band,25,2018,0.6915117178094964,1.2963622949226292,2.4218878461681532,3.195821063904903,TRUE,28557,TRUE
465150,current_ratio,Current ratio,number,Liquidity,TRUE,Same state + same rural/urban + same bed-size band,25,2019,0.8732218820277996,1.4165474474904407,3.0098425649937277,3.396149043915857,TRUE,29040,TRUE
465150,current_ratio,Current ratio,number,Liquidity,TRUE,Same state + same rural/urban + same bed-size band,25,2020,1.126270449330001,2.7066848417760987,4.766205017823386,3.5040248123897357,TRUE,24472,TRUE
465150,current_ratio,Current ratio,number,Liquidity,TRUE,Same state + same rural/urban + same bed-size band,25,2021,1.0267701403690612,2.1994279459020447,4.522117822885914,2.6147119857122436,TRUE,12886,TRUE
465150,current_ratio,Current ratio,number,Liquidity,TRUE,Same state + same rural/urban + same bed-size band,25,2021,1.0267701403690612,2.1994279459020447,4.522117822885914,2.615465516363632,TRUE,26660,TRUE
465150,current_ratio,Current ratio,number,Liquidity,TRUE,Same state + same rural/urban + same bed-size band,25,2022,0.5868661334028594,1.7563204243663975,4.804438192184842,2.6488614022524577,TRUE,27263,TRUE
465150,current_ratio,Current ratio,number,Liquidity,TRUE,Same state + same rural/urban + same bed-size band,25,2023,1.0324210593113623,2.721262281975215,4.471668185504045,3.3115702211295837,TRUE,27310,TRUE
465150,days_accounts_receivable,Days accounts receivable,number,Liquidity,FALSE,Same state + same rural/urban + same bed-size band,25,2011,41.07210695713981,46.5844624297882,57.12337053365313,25.251899636146042,TRUE,29436,TRUE
465150,days_accounts_receivable,Days accounts receivable,number,Liquidity,FALSE,Same state + same rural/urban + same bed-size band,25,2012,38.72153412159333,56.34438697460533,60.503673505312044,27.54311452941118,TRUE,31802,TRUE
465150,days_accounts_receivable,Days accounts receivable,number,Liquidity,FALSE,Same state + same rural/urban + same bed-size band,25,2013,41.908726428470125,47.17970743604738,67.6370343339064,29.890197919105994,TRUE,28921,TRUE
465150,days_accounts_receivable,Days accounts receivable,number,Liquidity,FALSE,Same state + same rural/urban + same bed-size band,25,2014,37.117272497192204,44.63445799326466,62.06166566720586,23.386674236168457,TRUE,27897,TRUE
465150,days_accounts_receivable,Days accounts receivable,number,Liquidity,FALSE,Same state + same rural/urban + same bed-size band,25,2015,40.324429218806344,45.07703865330692,64.91803648507583,31.797340174929317,TRUE,28767,TRUE
465150,days_accounts_receivable,Days accounts receivable,number,Liquidity,FALSE,Same state + same rural/urban + same bed-size band,25,2016,44.043262496972325,55.014914811268305,113.21606352072345,25.059882695115647,TRUE,28073,TRUE
465150,days_accounts_receivable,Days accounts receivable,number,Liquidity,FALSE,Same state + same rural/urban + same bed-size band,25,2017,38.299792520309715,46.22761367400765,69.02900846522174,28.008067183487512,TRUE,28556,TRUE
465150,days_accounts_receivable,Days accounts receivable,number,Liquidity,FALSE,Same state + same rural/urban + same bed-size band,25,2018,43.145846453995084,56.40731250715096,79.41223346537059,26.04843368344268,TRUE,28557,TRUE
465150,days_accounts_receivable,Days accounts receivable,number,Liquidity,FALSE,Same state + same rural/urban + same bed-size band,25,2019,43.69297656159881,50.13486477101631,60.26634963221507,49.53524758485866,TRUE,29040,TRUE
465150,days_accounts_receivable,Days accounts receivable,number,Liquidity,FALSE,Same state + same rural/urban + same bed-size band,25,2020,40.00016678576999,47.730522863461275,60.21723480388029,23.392455375056844,TRUE,24472,TRUE
465150,days_accounts_receivable,Days accounts receivable,number,Liquidity,FALSE,Same state + same rural/urban + same bed-size band,25,2021,42.476462241416044,54.5730495591603,68.51386118223482,63.75053293995259,TRUE,12886,TRUE
465150,days_accounts_receivable,Days accounts receivable,number,Liquidity,FALSE,Same state + same rural/urban + same bed-size band,25,2021,42.476462241416044,54.5730495591603,68.51386118223482,35.99385656013494,TRUE,26660,TRUE
465150,days_accounts_receivable,Days accounts receivable,number,Liquidity,FALSE,Same state + same rural/urban + same bed-size band,25,2022,35.62094287203155,52.23361907990916,63.8735476553487,30.03886747547221,TRUE,27263,TRUE
465150,days_accounts_receivable,Days accounts receivable,number,Liquidity,FALSE,Same state + same rural/urban + same bed-size band,25,2023,40.97874673303422,56.914750798559616,75.21315118615652,25.528301611997705,TRUE,27310,TRUE
465150,debt_to_assets,Debt to assets,percent,Solvency,FALSE,Same state + same rural/urban + same bed-size band,25,2011,0.6090826860066624,0.9158952097510804,1.1681298060005458,0.5398759365898126,TRUE,29436,TRUE
465150,debt_to_assets,Debt to assets,percent,Solvency,FALSE,Same state + same rural/urban + same bed-size band,25,2012,0.36004662843343527,0.8160036590908872,1.0652964565654646,1.0198763978574557,TRUE,31802,TRUE
465150,debt_to_assets,Debt to assets,percent,Solvency,FALSE,Same state + same rural/urban + same bed-size band,25,2013,0.5174901996981911,0.8189329323935106,1.2815533761831217,0.6397164572838194,TRUE,28921,TRUE
465150,debt_to_assets,Debt to assets,percent,Solvency,FALSE,Same state + same rural/urban + same bed-size band,25,2014,0.7659152580860447,1.0039672699840576,1.3121382163272228,0.3255896616796567,TRUE,27897,TRUE
465150,debt_to_assets,Debt to assets,percent,Solvency,FALSE,Same state + same rural/urban + same bed-size band,25,2015,0.8741534385656935,0.9604958039427371,1.256997451239351,0.31125193117278077,TRUE,28767,TRUE
465150,debt_to_assets,Debt to assets,percent,Solvency,FALSE,Same state + same rural/urban + same bed-size band,25,2016,0.3830323793210097,0.8515223521246504,1.0721434320475778,0.3067797162395987,TRUE,28073,TRUE
465150,debt_to_assets,Debt to assets,percent,Solvency,FALSE,Same state + same rural/urban + same bed-size band,25,2017,0.21922718882679487,0.4838218833187638,1.0970157100330753,0.34298193292934714,TRUE,28556,TRUE
465150,debt_to_assets,Debt to assets,percent,Solvency,FALSE,Same state + same rural/urban + same bed-size band,25,2018,0.42416503788140497,0.8639241420982522,1.3038254956420723,0.29589393971226413,TRUE,28557,TRUE
465150,debt_to_assets,Debt to assets,percent,Solvency,FALSE,Same state + same rural/urban + same bed-size band,25,2019,0.616485567706379,0.8022429681812009,1.1603514308229523,0.28018853977568614,TRUE,29040,TRUE
465150,debt_to_assets,Debt to assets,percent,Solvency,FALSE,Same state + same rural/urban + same bed-size band,25,2020,0.35840297022111955,0.6689435898706073,0.9381023443663157,0.2465867747788197,TRUE,24472,TRUE
465150,debt_to_assets,Debt to assets,percent,Solvency,FALSE,Same state + same rural/urban + same bed-size band,25,2021,0.4074724017923757,0.6410771004123424,1,0.33786103262408196,TRUE,12886,TRUE
465150,debt_to_assets,Debt to assets,percent,Solvency,FALSE,Same state + same rural/urban + same bed-size band,25,2021,0.4074724017923757,0.6410771004123424,1,0.3483553587741882,TRUE,26660,TRUE
465150,debt_to_assets,Debt to assets,percent,Solvency,FALSE,Same state + same rural/urban + same bed-size band,25,2022,0.39266776423696964,0.734250504773181,1.1053857328241135,0.3440643358422711,TRUE,27263,TRUE
465150,debt_to_assets,Debt to assets,percent,Solvency,FALSE,Same state + same rural/urban + same bed-size band,25,2023,0.2664416862208748,0.688986873892341,0.9568300944793154,0.2827591443730998,TRUE,27310,TRUE
465072,occupancy_rate,Occupancy rate,percent,Utilization,TRUE,Same state + same rural/urban + same bed-size band,25,2011,0.5695868602450087,0.6699869758291047,0.7353970368797678,0.5432775240994419,TRUE,21416,TRUE
465072,occupancy_rate,Occupancy rate,percent,Utilization,TRUE,Same state + same rural/urban + same bed-size band,25,2012,0.5585745653901952,0.6221215607324322,0.7549291271916914,0.5183161303379883,TRUE,20488,TRUE
465072,occupancy_rate,Occupancy rate,percent,Utilization,TRUE,Same state + same rural/urban + same bed-size band,25,2013,0.5411222771165506,0.5909774456897745,0.7902551999020555,0.402156265854896,TRUE,15853,TRUE
465072,occupancy_rate,Occupancy rate,percent,Utilization,TRUE,Same state + same rural/urban + same bed-size band,25,2014,0.5447133887801696,0.6520384250883088,0.7969081223190811,0.46306443429731103,TRUE,18254,TRUE
465072,occupancy_rate,Occupancy rate,percent,Utilization,TRUE,Same state + same rural/urban + same bed-size band,25,2015,0.5655666705838572,0.6120321988419715,0.7573268753104818,0.5467021816336884,TRUE,21551,TRUE
465072,occupancy_rate,Occupancy rate,percent,Utilization,TRUE,Same state + same rural/urban + same bed-size band,25,2016,0.5430406121449574,0.6184790334044066,0.7836448440647856,0.5871281117182756,TRUE,3868,TRUE
465072,occupancy_rate,Occupancy rate,percent,Utilization,TRUE,Same state + same rural/urban + same bed-size band,25,2016,0.5430406121449574,0.6184790334044066,0.7836448440647856,0.5713192531374349,TRUE,7466,TRUE
465072,occupancy_rate,Occupancy rate,percent,Utilization,TRUE,Same state + same rural/urban + same bed-size band,25,2016,0.5430406121449574,0.6184790334044066,0.7836448440647856,0.5940892947742262,TRUE,23419,TRUE
465072,occupancy_rate,Occupancy rate,percent,Utilization,TRUE,Same state + same rural/urban + same bed-size band,25,2017,0.5739943465970864,0.6609436834094369,0.7706006322444678,0.5845002536783359,TRUE,23041,TRUE
465072,occupancy_rate,Occupancy rate,percent,Utilization,TRUE,Same state + same rural/urban + same bed-size band,25,2018,0.5713909125906657,0.6730430528375734,0.822696885418646,0.7175342465753425,TRUE,20952,TRUE
465072,occupancy_rate,Occupancy rate,percent,Utilization,TRUE,Same state + same rural/urban + same bed-size band,25,2019,0.6420298879202989,0.703859649122807,0.8126027397260274,0.6573428961748634,TRUE,19247,TRUE
465072,occupancy_rate,Occupancy rate,percent,Utilization,TRUE,Same state + same rural/urban + same bed-size band,25,2020,0.5999025001871398,0.6572985878524891,0.7658847431107705,0.38253424657534246,TRUE,11170,TRUE
465072,occupancy_rate,Occupancy rate,percent,Utilization,TRUE,Same state + same rural/urban + same bed-size band,25,2021,0.5445890410958905,0.6443448831587429,0.7489278985854328,0.45195205479452055,TRUE,13197,TRUE
465072,occupancy_rate,Occupancy rate,percent,Utilization,TRUE,Same state + same rural/urban + same bed-size band,25,2022,0.49616438356164383,0.6611120064464142,0.812868410128684,0.6692808219178082,TRUE,19543,TRUE
465072,occupancy_rate,Occupancy rate,percent,Utilization,TRUE,Same state + same rural/urban + same bed-size band,25,2023,0.6235990037359901,0.711828993892639,0.8352028948048591,0.708094262295082,TRUE,20733,TRUE
465072,medicare_day_share,Medicare day share,percent,Payer mix,TRUE,Same state + same rural/urban + same bed-size band,25,2011,0.07624562015149482,0.10667416067868117,0.13372352598126097,0.08867202091893911,TRUE,21416,TRUE
465072,medicare_day_share,Medicare day share,percent,Payer mix,TRUE,Same state + same rural/urban + same bed-size band,25,2012,0.056483232689517104,0.10310887863155037,0.149926184979225,0.05827801639984381,TRUE,20488,TRUE
465072,medicare_day_share,Medicare day share,percent,Payer mix,TRUE,Same state + same rural/urban + same bed-size band,25,2013,0.08182596855144963,0.1106504738470199,0.15871762838005038,0.06358417965053934,TRUE,15853,TRUE
465072,medicare_day_share,Medicare day share,percent,Payer mix,TRUE,Same state + same rural/urban + same bed-size band,25,2014,0.08054337429863673,0.11889891310269923,0.15169052480326106,0.08589898104525036,TRUE,18254,TRUE
465072,medicare_day_share,Medicare day share,percent,Payer mix,TRUE,Same state + same rural/urban + same bed-size band,25,2015,0.07100315411998934,0.122144801808869,0.2086515188143771,0.10927567166256787,TRUE,21551,TRUE
465072,medicare_day_share,Medicare day share,percent,Payer mix,TRUE,Same state + same rural/urban + same bed-size band,25,2016,0.05919927521132237,0.0877990110918081,0.14092019986336835,0.0889348500517063,TRUE,3868,TRUE
465072,medicare_day_share,Medicare day share,percent,Payer mix,TRUE,Same state + same rural/urban + same bed-size band,25,2016,0.05919927521132237,0.0877990110918081,0.14092019986336835,0.10407179212429682,TRUE,7466,TRUE
465072,medicare_day_share,Medicare day share,percent,Payer mix,TRUE,Same state + same rural/urban + same bed-size band,25,2016,0.05919927521132237,0.0877990110918081,0.14092019986336835,0.09539262991588027,TRUE,23419,TRUE
465072,medicare_day_share,Medicare day share,percent,Payer mix,TRUE,Same state + same rural/urban + same bed-size band,25,2017,0.07399838357376129,0.09943291146975423,0.12843577301508013,0.07742719500021701,TRUE,23041,TRUE
465072,medicare_day_share,Medicare day share,percent,Payer mix,TRUE,Same state + same rural/urban + same bed-size band,25,2018,0.07595459850412449,0.09952623759055651,0.14289902579907376,0.09216303932798778,TRUE,20952,TRUE
465072,medicare_day_share,Medicare day share,percent,Payer mix,TRUE,Same state + same rural/urban + same bed-size band,25,2019,0.051606849636406285,0.08902532617037605,0.17511983918354723,0.12105782719384839,TRUE,19247,TRUE
465072,medicare_day_share,Medicare day share,percent,Payer mix,TRUE,Same state + same rural/urban + same bed-size band,25,2020,0.060024088993701014,0.10162332076777206,0.16636833701078418,0.464189794091316,TRUE,11170,TRUE
465072,medicare_day_share,Medicare day share,percent,Payer mix,TRUE,Same state + same rural/urban + same bed-size band,25,2021,0.04531051114667054,0.08853854412085771,0.14558693836470618,0.1698870955520194,TRUE,13197,TRUE
465072,medicare_day_share,Medicare day share,percent,Payer mix,TRUE,Same state + same rural/urban + same bed-size band,25,2022,0.04225482912332838,0.0749216934424573,0.11809590479523976,0.0784424090467175,TRUE,19543,TRUE
465072,medicare_day_share,Medicare day share,percent,Payer mix,TRUE,Same state + same rural/urban + same bed-size band,25,2023,0.037793310034947576,0.05842668812279507,0.1340782122905028,0.033376742391356774,TRUE,20733,TRUE
465072,medicaid_day_share,Medicaid day share,percent,Payer mix,FALSE,Same state + same rural/urban + same bed-size band,25,2011,0.49646096703299103,0.5702459929497008,0.714756438230511,0.3114493836384012,TRUE,21416,TRUE
465072,medicaid_day_share,Medicaid day share,percent,Payer mix,FALSE,Same state + same rural/urban + same bed-size band,25,2012,0.5179121220052526,0.6048992030004688,0.7174358788286841,0.7667903162827021,TRUE,20488,TRUE
465072,medicaid_day_share,Medicaid day share,percent,Payer mix,FALSE,Same state + same rural/urban + same bed-size band,25,2013,0.49125194401244165,0.605488223187743,0.7061162079510703,0.7630101558064719,TRUE,15853,TRUE
465072,medicaid_day_share,Medicaid day share,percent,Payer mix,FALSE,Same state + same rural/urban + same bed-size band,25,2014,0.4685317051938587,0.6160126296797475,0.7124336133741842,0.7084474635696286,TRUE,18254,TRUE
465072,medicaid_day_share,Medicaid day share,percent,Payer mix,FALSE,Same state + same rural/urban + same bed-size band,25,2015,0.5160977280511474,0.6051575931232092,0.6808343716830495,0.7037724467542109,TRUE,21551,TRUE
465072,medicaid_day_share,Medicaid day share,percent,Payer mix,FALSE,Same state + same rural/urban + same bed-size band,25,2016,0.5425045417528034,0.6293544733861834,0.7053658536585365,0.6951913133402275,TRUE,3868,TRUE
465072,medicaid_day_share,Medicaid day share,percent,Payer mix,FALSE,Same state + same rural/urban + same bed-size band,25,2016,0.5425045417528034,0.6293544733861834,0.7053658536585365,0.650950977765872,TRUE,7466,TRUE
465072,medicaid_day_share,Medicaid day share,percent,Payer mix,FALSE,Same state + same rural/urban + same bed-size band,25,2016,0.5425045417528034,0.6293544733861834,0.7053658536585365,0.7381613220035015,TRUE,23419,TRUE
465072,medicaid_day_share,Medicaid day share,percent,Payer mix,FALSE,Same state + same rural/urban + same bed-size band,25,2017,0.5563944041291897,0.6133076181292189,0.6654390649245794,0.7805216787465822,TRUE,23041,TRUE
465072,medicaid_day_share,Medicaid day share,percent,Payer mix,FALSE,Same state + same rural/urban + same bed-size band,25,2018,0.5479436936816283,0.631864959305525,0.7303925524078995,0.70589919816723945,TRUE,20952,TRUE
465072,medicaid_day_share,Medicaid day share,percent,Payer mix,FALSE,Same state + same rural/urban + same bed-size band,25,2019,0.5233045014923042,0.6299950727087296,0.7404606768891207,0.6400997558060997,TRUE,19247,TRUE
465072,medicaid_day_share,Medicaid day share,percent,Payer mix,FALSE,Same state + same rural/urban + same bed-size band,25,2020,0.4946134347275032,0.6838008894970921,0.8127717666093639,0.1611459265890779,TRUE,11170,TRUE
465072,medicaid_day_share,Medicaid day share,percent,Payer mix,FALSE,Same state + same rural/urban + same bed-size band,25,2021,0.4999636349745832,0.6470687711386697,0.7564160755157429,0.5485337576721983,TRUE,13197,TRUE
465072,medicaid_day_share,Medicaid day share,percent,Payer mix,FALSE,Same state + same rural/urban + same bed-size band,25,2022,0.5609392221024218,0.6772101314503188,0.7651719617633354,0.6869467328455201,TRUE,19543,TRUE
465072,medicaid_day_share,Medicaid day share,percent,Payer mix,FALSE,Same state + same rural/urban + same bed-size band,25,2023,0.553963093877103,0.6814146278178936,0.7635831596195547,0.7607196257174552,TRUE,20733,TRUE
465072,other_day_share,Other/private day share,percent,Payer mix,TRUE,Same state + same rural/urban + same bed-size band,25,2011,0.19286220616829455,0.28675640804082003,0.3703772290536459,0.5998785954426596,TRUE,21416,TRUE
465072,other_day_share,Other/private day share,percent,Payer mix,TRUE,Same state + same rural/urban + same bed-size band,25,2012,0.1740748283988206,0.26918788863881216,0.3304004837277511,0.17493166731745413,TRUE,20488,TRUE
465072,other_day_share,Other/private day share,percent,Payer mix,TRUE,Same state + same rural/urban + same bed-size band,25,2013,0.19163849646821393,0.2754083508766827,0.36753629997389714,0.1734056645429887,TRUE,15853,TRUE
465072,other_day_share,Other/private day share,percent,Payer mix,TRUE,Same state + same rural/urban + same bed-size band,25,2014,0.19397621384904523,0.28254402641449305,0.3747450127631948,0.20565355538512106,TRUE,18254,TRUE
465072,other_day_share,Other/private day share,percent,Payer mix,TRUE,Same state + same rural/urban + same bed-size band,25,2015,0.17415582690042858,0.2560390274608545,0.31859778706579145,0.1869518815832212,TRUE,21551,TRUE
465072,other_day_share,Other/private day share,percent,Payer mix,TRUE,Same state + same rural/urban + same bed-size band,25,2016,0.1981518904353919,0.24822901504124212,0.32176753502901456,0.2158738366080662,TRUE,3868,TRUE
465072,other_day_share,Other/private day share,percent,Payer mix,TRUE,Same state + same rural/urban + same bed-size band,25,2016,0.1981518904353919,0.24822901504124212,0.32176753502901456,0.24497723010983125,TRUE,7466,TRUE
465072,other_day_share,Other/private day share,percent,Payer mix,TRUE,Same state + same rural/urban + same bed-size band,25,2016,0.1981518904353919,0.24822901504124212,0.32176753502901456,0.1664460480806183,TRUE,23419,TRUE
465072,other_day_share,Other/private day share,percent,Payer mix,TRUE,Same state + same rural/urban + same bed-size band,25,2017,0.21980861321624193,0.28243111122820563,0.3302182461598313,0.14205112625320082,TRUE,23041,TRUE
465072,other_day_share,Other/private day share,percent,Payer mix,TRUE,Same state + same rural/urban + same bed-size band,25,2018,0.18453335084927514,0.27289685858380935,0.32601775370019226,0.20193776250477283,TRUE,20952,TRUE
465072,other_day_share,Other/private day share,percent,Payer mix,TRUE,Same state + same rural/urban + same bed-size band,25,2019,0.19084579766148108,0.25198921105866484,0.34024409325614147,0.23884241700005196,TRUE,19247,TRUE
465072,other_day_share,Other/private day share,percent,Payer mix,TRUE,Same state + same rural/urban + same bed-size band,25,2020,0.11877053208640614,0.19289965943673854,0.28578296423379,0.3746642793196061,TRUE,11170,TRUE
465072,other_day_share,Other/private day share,percent,Payer mix,TRUE,Same state + same rural/urban + same bed-size band,25,2021,0.1372121402384421,0.25532091890282027,0.36155804639431033,0.2815791467757824,TRUE,13197,TRUE
465072,other_day_share,Other/private day share,percent,Payer mix,TRUE,Same state + same rural/urban + same bed-size band,25,2022,0.1471746108654836,0.2590909090909091,0.30319995285520657,0.23461085810776236,TRUE,19543,TRUE
465072,other_day_share,Other/private day share,percent,Payer mix,TRUE,Same state + same rural/urban + same bed-size band,25,2023,0.18042651518798442,0.2521244121772131,0.353469084607291,0.20590363189118796,TRUE,20733,TRUE
465072,net_patient_revenue_per_day,Net patient revenue per resident day,dollar,Revenue,TRUE,Same state + same rural/urban + same bed-size band,25,2011,201.42639196670598,205.57953277971166,253.17635918882678,219.632517743743,TRUE,21416,TRUE
465072,net_patient_revenue_per_day,Net patient revenue per resident day,dollar,Revenue,TRUE,Same state + same rural/urban + same bed-size band,25,2012,198.86854874026338,216.98003710400616,236.1984712519287,213.5333365872706,TRUE,20488,TRUE
465072,net_patient_revenue_per_day,Net patient revenue per resident day,dollar,Revenue,TRUE,Same state + same rural/urban + same bed-size band,25,2013,207.4578900852316,234.7463295048326,253.4293798458973,201.34914527218822,TRUE,15853,TRUE
465072,net_patient_revenue_per_day,Net patient revenue per resident day,dollar,Revenue,TRUE,Same state + same rural/urban + same bed-size band,25,2014,224.03807524026217,240.6384649260604,254.77146096679596,225.13991453927906,TRUE,18254,TRUE
465072,net_patient_revenue_per_day,Net patient revenue per resident day,dollar,Revenue,TRUE,Same state + same rural/urban + same bed-size band,25,2015,228.77876959946082,239.9006618342263,289.2587963694764,242.40596724049928,TRUE,21551,TRUE
465072,net_patient_revenue_per_day,Net patient revenue per resident day,dollar,Revenue,TRUE,Same state + same rural/urban + same bed-size band,25,2016,231.38233138025802,253.81555231004882,286.7148816579605,257.5532574974147,TRUE,3868,TRUE
465072,net_patient_revenue_per_day,Net patient revenue per resident day,dollar,Revenue,TRUE,Same state + same rural/urban + same bed-size band,25,2016,231.38233138025802,253.81555231004882,286.7148816579605,235.47816769354407,TRUE,7466,TRUE
465072,net_patient_revenue_per_day,Net patient revenue per resident day,dollar,Revenue,TRUE,Same state + same rural/urban + same bed-size band,25,2016,231.38233138025802,253.81555231004882,286.7148816579605,273.7110038857338,TRUE,23419,TRUE
465072,net_patient_revenue_per_day,Net patient revenue per resident day,dollar,Revenue,TRUE,Same state + same rural/urban + same bed-size band,25,2017,242.89394866979617,283.43690232360353,331.4070931195417,271.3048912807604,TRUE,23041,TRUE
465072,net_patient_revenue_per_day,Net patient revenue per resident day,dollar,Revenue,TRUE,Same state + same rural/urban + same bed-size band,25,2018,273.1524225074803,303.5077653631203,331.5807996854975,286.18222604047344,TRUE,20952,TRUE
465072,net_patient_revenue_per_day,Net patient revenue per resident day,dollar,Revenue,TRUE,Same state + same rural/urban + same bed-size band,25,2019,292.88628805321054,328.5539678057046,368.34416946308727,383.72286590117943,TRUE,19247,TRUE
465072,net_patient_revenue_per_day,Net patient revenue per resident day,dollar,Revenue,TRUE,Same state + same rural/urban + same bed-size band,25,2020,316.6762110220276,349.7434193054089,393.5107257222237,947.2157564905998,TRUE,11170,TRUE
465072,net_patient_revenue_per_day,Net patient revenue per resident day,dollar,Revenue,TRUE,Same state + same rural/urban + same bed-size band,25,2021,336.5683225511392,363.13247725993995,403.3066592226098,376.1239675683868,TRUE,13197,TRUE
465072,net_patient_revenue_per_day,Net patient revenue per resident day,dollar,Revenue,TRUE,Same state + same rural/urban + same bed-size band,25,2022,358.09812276862834,372.32154321361514,407.71724890829694,338.85319551757664,TRUE,19543,TRUE
465072,net_patient_revenue_per_day,Net patient revenue per resident day,dollar,Revenue,TRUE,Same state + same rural/urban + same bed-size band,25,2023,370.6304270777955,394.7424107142857,426.29039174520926,380.10770269618484,TRUE,20733,TRUE
465072,operating_expense_per_day,Operating expense per resident day,dollar,Cost,FALSE,Same state + same rural/urban + same bed-size band,25,2011,203.4284244398748,218.81958945888755,246.86236341218833,217.82298281658572,TRUE,21416,TRUE
465072,operating_expense_per_day,Operating expense per resident day,dollar,Cost,FALSE,Same state + same rural/urban + same bed-size band,25,2012,196.88070407207277,213.27034515871577,246.5719456848526,219.9903846153846,TRUE,20488,TRUE
465072,operating_expense_per_day,Operating expense per resident day,dollar,Cost,FALSE,Same state + same rural/urban + same bed-size band,25,2013,208.6941103571353,233.13336991918064,300.9674700123872,248.71481738472212,TRUE,15853,TRUE
465072,operating_expense_per_day,Operating expense per resident day,dollar,Cost,FALSE,Same state + same rural/urban + same bed-size band,25,2014,208.92759978677606,231.5021731206523,291.1031248336591,238.2369343705489,TRUE,18254,TRUE
465072,operating_expense_per_day,Operating expense per resident day,dollar,Cost,FALSE,Same state + same rural/urban + same bed-size band,25,2015,222.5196103294574,242.56044827928196,302.9635307482381,232.34620203238828,TRUE,21551,TRUE
465072,operating_expense_per_day,Operating expense per resident day,dollar,Cost,FALSE,Same state + same rural/urban + same bed-size band,25,2016,236.7519605428352,248.3058444411894,291.3036211451836,223.21406411582214,TRUE,3868,TRUE
465072,operating_expense_per_day,Operating expense per resident day,dollar,Cost,FALSE,Same state + same rural/urban + same bed-size band,25,2016,236.7519605428352,248.3058444411894,291.3036211451836,235.90624162871686,TRUE,7466,TRUE
465072,operating_expense_per_day,Operating expense per resident day,dollar,Cost,FALSE,Same state + same rural/urban + same bed-size band,25,2016,236.7519605428352,248.3058444411894,291.3036211451836,244.479525171869,TRUE,23419,TRUE
465072,operating_expense_per_day,Operating expense per resident day,dollar,Cost,FALSE,Same state + same rural/urban + same bed-size band,25,2017,247.79098653845878,279.39147078548376,340.91746048812814,243.1083286315698,TRUE,23041,TRUE
465072,operating_expense_per_day,Operating expense per resident day,dollar,Cost,FALSE,Same state + same rural/urban + same bed-size band,25,2018,258.58564966023863,301.4150868561385,358.45949512002903,270.7286655211913,TRUE,20952,TRUE
465072,operating_expense_per_day,Operating expense per resident day,dollar,Cost,FALSE,Same state + same rural/urban + same bed-size band,25,2019,283.37744523573423,312.33116883116884,369.1225927665571,326.05413830726866,TRUE,19247,TRUE
465072,operating_expense_per_day,Operating expense per resident day,dollar,Cost,FALSE,Same state + same rural/urban + same bed-size band,25,2020,333.0281389198268,346.1805871664763,407.4232507079361,817.3412712623098,TRUE,11170,TRUE
465072,operating_expense_per_day,Operating expense per resident day,dollar,Cost,FALSE,Same state + same rural/urban + same bed-size band,25,2021,342.20032480242196,370.3315286405974,408.0852903575179,437.6702280821399,TRUE,13197,TRUE
465072,operating_expense_per_day,Operating expense per resident day,dollar,Cost,FALSE,Same state + same rural/urban + same bed-size band,25,2022,368.06796353176344,407.01319190359504,429.45505822416305,380.8466458578519,TRUE,19543,TRUE
465072,operating_expense_per_day,Operating expense per resident day,dollar,Cost,FALSE,Same state + same rural/urban + same bed-size band,25,2023,359.63852115727144,390.49815761321764,417.2927132918345,386.73684464380455,TRUE,20733,TRUE
465072,patient_service_margin,Patient service margin,percent,Margin,TRUE,Same state + same rural/urban + same bed-size band,25,2011,-0.0815154155345328,-0.01903426748415972,0.009933718475407517,0.008238920838072561,TRUE,21416,TRUE
465072,patient_service_margin,Patient service margin,percent,Margin,TRUE,Same state + same rural/urban + same bed-size band,25,2012,-0.05146157546892132,0.0015949347178756425,0.01743710909000263,-0.030239063048944758,TRUE,20488,TRUE
465072,patient_service_margin,Patient service margin,percent,Margin,TRUE,Same state + same rural/urban + same bed-size band,25,2013,-0.09288078839806957,-0.012228568090394602,0.02240075546649784,-0.23524148587024762,TRUE,15853,TRUE
465072,patient_service_margin,Patient service margin,percent,Margin,TRUE,Same state + same rural/urban + same bed-size band,25,2014,-0.0966266164916838,-0.027587511593199932,0.055357344055544336,-0.05817280271279878,TRUE,18254,TRUE
465072,patient_service_margin,Patient service margin,percent,Margin,TRUE,Same state + same rural/urban + same bed-size band,25,2015,-0.0591709101651226,-0.005752454321354899,0.046723800834087136,0.04149965994083947,TRUE,21551,TRUE
465072,patient_service_margin,Patient service margin,percent,Margin,TRUE,Same state + same rural/urban + same bed-size band,25,2016,-0.14015389171025505,0.00392808194962848,0.05554344561033034,0.13332851510114271,TRUE,3868,TRUE
465072,patient_service_margin,Patient service margin,percent,Margin,TRUE,Same state + same rural/urban + same bed-size band,25,2016,-0.14015389171025505,0.00392808194962848,0.05554344561033034,-0.00181789224608664,TRUE,7466,TRUE
465072,patient_service_margin,Patient service margin,percent,Margin,TRUE,Same state + same rural/urban + same bed-size band,25,2016,-0.14015389171025505,0.00392808194962848,0.05554344561033034,0.10679687078298132,TRUE,23419,TRUE
465072,patient_service_margin,Patient service margin,percent,Margin,TRUE,Same state + same rural/urban + same bed-size band,25,2017,-0.06357853165444326,0.04580927703819759,0.08544003132828931,0.10392942978684194,TRUE,23041,TRUE
465072,patient_service_margin,Patient service margin,percent,Margin,TRUE,Same state + same rural/urban + same bed-size band,25,2018,-0.11134835416187122,-0.006681645380972058,0.03806986208526714,0.05399902269645719,TRUE,20952,TRUE
465072,patient_service_margin,Patient service margin,percent,Margin,TRUE,Same state + same rural/urban + same bed-size band,25,2019,-0.034658930860320944,0.03782814227133936,0.08531797366097951,0.15028744106368222,TRUE,19247,TRUE
465072,patient_service_margin,Patient service margin,percent,Margin,TRUE,Same state + same rural/urban + same bed-size band,25,2020,-0.07765603801961485,0.01029191886052101,0.05431889193906999,0.1371118294204378,TRUE,11170,TRUE
465072,patient_service_margin,Patient service margin,percent,Margin,TRUE,Same state + same rural/urban + same bed-size band,25,2021,-0.10049722037422389,-0.011004827990076852,0.05018312455455483,-0.1636329131367115,TRUE,13197,TRUE
465072,patient_service_margin,Patient service margin,percent,Margin,TRUE,Same state + same rural/urban + same bed-size band,25,2022,-0.11195803465540308,-0.025449941418798895,0.025167738865173823,-0.1239281520604608,TRUE,19543,TRUE
465072,patient_service_margin,Patient service margin,percent,Margin,TRUE,Same state + same rural/urban + same bed-size band,25,2023,-0.04991736271971117,0.026784877335792906,0.09699066962949858,-0.017440167354141528,TRUE,20733,TRUE
465072,total_margin,Total margin,percent,Margin,TRUE,Same state + same rural/urban + same bed-size band,25,2011,-0.06752829691505122,-0.006733871432298877,0.016731870267799532,0.008720461769051694,TRUE,21416,TRUE
465072,total_margin,Total margin,percent,Margin,TRUE,Same state + same rural/urban + same bed-size band,25,2012,-0.043182620877138235,0.008882874638445898,0.039280576082809666,-0.028175687923141048,TRUE,20488,TRUE
465072,total_margin,Total margin,percent,Margin,TRUE,Same state + same rural/urban + same bed-size band,25,2013,-0.07384842501815264,-0.004191425563334351,0.017518645917718803,-0.2347631006131602,TRUE,15853,TRUE
465072,total_margin,Total margin,percent,Margin,TRUE,Same state + same rural/urban + same bed-size band,25,2014,-0.09756307584767845,-0.007813145384277416,0.05875508437920564,-0.058018533694884106,TRUE,18254,TRUE
465072,total_margin,Total margin,percent,Margin,TRUE,Same state + same rural/urban + same bed-size band,25,2015,-0.07547796878435128,-0.005632664340445239,0.051399380244302836,0.041959835691989286,TRUE,21551,TRUE
465072,total_margin,Total margin,percent,Margin,TRUE,Same state + same rural/urban + same bed-size band,25,2016,-0.13455945829186974,0.005712639170034105,0.07463299717986861,0.11882664000578187,TRUE,3868,TRUE
465072,total_margin,Total margin,percent,Margin,TRUE,Same state + same rural/urban + same bed-size band,25,2016,-0.13455945829186974,0.005712639170034105,0.07463299717986861,-0.001567619220968329,TRUE,7466,TRUE
465072,total_margin,Total margin,percent,Margin,TRUE,Same state + same rural/urban + same bed-size band,25,2016,-0.13455945829186974,0.005712639170034105,0.07463299717986861,0.09230647306615031,TRUE,23419,TRUE
465072,total_margin,Total margin,percent,Margin,TRUE,Same state + same rural/urban + same bed-size band,25,2017,-0.047046316748892585,0.038124215562674445,0.08831586910181766,0.10717699950856932,TRUE,23041,TRUE
465072,total_margin,Total margin,percent,Margin,TRUE,Same state + same rural/urban + same bed-size band,25,2018,-0.11253213887279824,-0.002318643220893634,0.0398494338245427,0.056605554619760544,TRUE,20952,TRUE
465072,total_margin,Total margin,percent,Margin,TRUE,Same state + same rural/urban + same bed-size band,25,2019,3.5876805766637626e-4,0.05941714295893663,0.08750078851019696,0.15530036230382882,TRUE,19247,TRUE
465072,total_margin,Total margin,percent,Margin,TRUE,Same state + same rural/urban + same bed-size band,25,2020,0.028131136138004182,0.05126285585801859,0.08912245874187935,0.16127310876715437,TRUE,11170,TRUE
465072,total_margin,Total margin,percent,Margin,TRUE,Same state + same rural/urban + same bed-size band,25,2021,-0.06413830847472912,0.022167944052794597,0.07474587741672825,-0.16311676673970346,TRUE,13197,TRUE
465072,total_margin,Total margin,percent,Margin,TRUE,Same state + same rural/urban + same bed-size band,25,2022,-0.13547028062535502,-0.0044558269411537925,0.04548469242641135,-0.12339826837211999,TRUE,19543,TRUE
465072,total_margin,Total margin,percent,Margin,TRUE,Same state + same rural/urban + same bed-size band,25,2023,-0.03228495933682721,0.05218800670436893,0.11142818014353792,-0.01689237845069259,TRUE,20733,TRUE
465072,salary_cost_per_day,Salary cost per resident day,dollar,Labor,FALSE,Same state + same rural/urban + same bed-size band,25,2011,88.06506764182541,93.17174736947672,113.9862063831857,103.96796787448636,TRUE,21416,TRUE
465072,salary_cost_per_day,Salary cost per resident day,dollar,Labor,FALSE,Same state + same rural/urban + same bed-size band,25,2012,81.85703594831693,91.12966368869067,103.33666157922522,108.9423076923077,TRUE,20488,TRUE
465072,salary_cost_per_day,Salary cost per resident day,dollar,Labor,FALSE,Same state + same rural/urban + same bed-size band,25,2013,86.36913507245036,101.52517362186245,118.24643215598377,111.52469564120356,TRUE,15853,TRUE
465072,salary_cost_per_day,Salary cost per resident day,dollar,Labor,FALSE,Same state + same rural/urban + same bed-size band,25,2014,89.00607908319363,104.07052835393696,117.3080783640005,111.59734852635039,TRUE,18254,TRUE
465072,salary_cost_per_day,Salary cost per resident day,dollar,Labor,FALSE,Same state + same rural/urban + same bed-size band,25,2015,93.49870415897578,110.70594125500668,131.05597843341326,113.29910444990952,TRUE,21551,TRUE
465072,salary_cost_per_day,Salary cost per resident day,dollar,Labor,FALSE,Same state + same rural/urban + same bed-size band,25,2016,95.23535523795721,120.68662909836065,133.23324898863842,112.84953464322648,TRUE,3868,TRUE
465072,salary_cost_per_day,Salary cost per resident day,dollar,Labor,FALSE,Same state + same rural/urban + same bed-size band,25,2016,95.23535523795721,120.68662909836065,133.23324898863842,114.63661934101259,TRUE,7466,TRUE
465072,salary_cost_per_day,Salary cost per resident day,dollar,Labor,FALSE,Same state + same rural/urban + same bed-size band,25,2016,95.23535523795721,120.68662909836065,133.23324898863842,117.63986506682608,TRUE,23419,TRUE
465072,salary_cost_per_day,Salary cost per resident day,dollar,Labor,FALSE,Same state + same rural/urban + same bed-size band,25,2017,100.63050947697215,118.8146924242823,134.43241728077197,120.34186884249816,TRUE,23041,TRUE
465072,salary_cost_per_day,Salary cost per resident day,dollar,Labor,FALSE,Same state + same rural/urban + same bed-size band,25,2018,99.69468240265626,126.68761434208044,161.4328218585124,132.72107674684995,TRUE,20952,TRUE
465072,salary_cost_per_day,Salary cost per resident day,dollar,Labor,FALSE,Same state + same rural/urban + same bed-size band,25,2019,98.90841070945642,132.10547520661157,164.0234297108674,164.34488491712995,TRUE,19247,TRUE
465072,salary_cost_per_day,Salary cost per resident day,dollar,Labor,FALSE,Same state + same rural/urban + same bed-size band,25,2020,115.93117695042608,149.14732707325487,183.89868362029196,444.785496866607,TRUE,11170,TRUE
465072,salary_cost_per_day,Salary cost per resident day,dollar,Labor,FALSE,Same state + same rural/urban + same bed-size band,25,2021,109.96098320526092,149.97189924421195,177.9266174178939,219.4859437751004,TRUE,13197,TRUE
465072,salary_cost_per_day,Salary cost per resident day,dollar,Labor,FALSE,Same state + same rural/urban + same bed-size band,25,2022,125.1841577540107,141.30738538569864,192.23582903910275,166.14219925292943,TRUE,19543,TRUE
465072,salary_cost_per_day,Salary cost per resident day,dollar,Labor,FALSE,Same state + same rural/urban + same bed-size band,25,2023,121.4597214244687,162.09494260006204,212.56603279547016,187.93739449187285,TRUE,20733,TRUE
465072,contract_labor_per_day,Contract labor per resident day,dollar,Labor,FALSE,Same state + same rural/urban + same bed-size band,25,2011,8.540938207149829,14.193728936364645,17.77261010666513,NA,TRUE,21416,TRUE
465072,contract_labor_per_day,Contract labor per resident day,dollar,Labor,FALSE,Same state + same rural/urban + same bed-size band,25,2012,0.6660709147316335,12.144542802955858,18.86861635950468,0.3408824677860211,TRUE,20488,TRUE
465072,contract_labor_per_day,Contract labor per resident day,dollar,Labor,FALSE,Same state + same rural/urban + same bed-size band,25,2013,2.562274909659544,14.755229974544946,20.496384900864747,1.5019870056140794,TRUE,15853,TRUE
465072,contract_labor_per_day,Contract labor per resident day,dollar,Labor,FALSE,Same state + same rural/urban + same bed-size band,25,2014,4.200112973340682,19.084069964265563,24.027298198210516,0.03056864248931741,TRUE,18254,TRUE
465072,contract_labor_per_day,Contract labor per resident day,dollar,Labor,FALSE,Same state + same rural/urban + same bed-size band,25,2015,0.6086084671674192,1.8355167389217892,15.858611916501474,0.18518862233771055,TRUE,21551,TRUE
465072,contract_labor_per_day,Contract labor per resident day,dollar,Labor,FALSE,Same state + same rural/urban + same bed-size band,25,2016,1.1664949212424556,4.922926829268293,17.615060804490177,1.4477766287487073,TRUE,3868,TRUE
465072,contract_labor_per_day,Contract labor per resident day,dollar,Labor,FALSE,Same state + same rural/urban + same bed-size band,25,2016,1.1664949212424556,4.922926829268293,17.615060804490177,NA,TRUE,7466,TRUE
465072,contract_labor_per_day,Contract labor per resident day,dollar,Labor,FALSE,Same state + same rural/urban + same bed-size band,25,2016,1.1664949212424556,4.922926829268293,17.615060804490177,1.9078098979461122,TRUE,23419,TRUE
465072,contract_labor_per_day,Contract labor per resident day,dollar,Labor,FALSE,Same state + same rural/urban + same bed-size band,25,2017,0.748155869146889,6.749629980462968,26.607800421644413,2.137928041317651,TRUE,23041,TRUE
465072,contract_labor_per_day,Contract labor per resident day,dollar,Labor,FALSE,Same state + same rural/urban + same bed-size band,25,2018,4.5191696462125615,19.049515005077563,27.513994036313726,2.861683848797251,TRUE,20952,TRUE
465072,contract_labor_per_day,Contract labor per resident day,dollar,Labor,FALSE,Same state + same rural/urban + same bed-size band,25,2019,4.777043030853676,22.02317547437221,32.055389278376396,2.2914739959474204,TRUE,19247,TRUE
465072,contract_labor_per_day,Contract labor per resident day,dollar,Labor,FALSE,Same state + same rural/urban + same bed-size band,25,2020,3.8983363173995937,29.115245868063667,59.16344056422367,6.27958818263205,TRUE,11170,TRUE
465072,contract_labor_per_day,Contract labor per resident day,dollar,Labor,FALSE,Same state + same rural/urban + same bed-size band,25,2021,16.604258664432788,70.92068969862282,83.45036926726979,9.922482382359627,TRUE,13197,TRUE
465072,contract_labor_per_day,Contract labor per resident day,dollar,Labor,FALSE,Same state + same rural/urban + same bed-size band,25,2022,15.56683642759339,40.73367320063703,79.5675752554653,42.37082331269508,TRUE,19543,TRUE
465072,contract_labor_per_day,Contract labor per resident day,dollar,Labor,FALSE,Same state + same rural/urban + same bed-size band,25,2023,3.245205002411511,13.70072442848171,55.0334488887649,20.04659238894516,TRUE,20733,TRUE
465072,contract_labor_ratio,Contract labor ratio,percent,Labor,FALSE,Same state + same rural/urban + same bed-size band,25,2011,0.08072123578250964,0.13722993821695323,0.17256280717035152,NA,TRUE,21416,TRUE
465072,contract_labor_ratio,Contract labor ratio,percent,Labor,FALSE,Same state + same rural/urban + same bed-size band,25,2012,0.006179449023310851,0.12490687577588672,0.18400507094767768,0.003119258023916098,TRUE,20488,TRUE
465072,contract_labor_ratio,Contract labor ratio,percent,Labor,FALSE,Same state + same rural/urban + same bed-size band,25,2013,0.020417866088058092,0.14624541936317154,0.18665496215793217,0.013288782528524197,TRUE,15853,TRUE
465072,contract_labor_ratio,Contract labor ratio,percent,Labor,FALSE,Same state + same rural/urban + same bed-size band,25,2014,0.03465731289762464,0.17633473303601477,0.2052468389007473,2.7384406396369163e-4,TRUE,18254,TRUE
465072,contract_labor_ratio,Contract labor ratio,percent,Labor,FALSE,Same state + same rural/urban + same bed-size band,25,2015,0.005190341931614176,0.010344435208471578,0.15448243682471927,0.0016318436439465183,TRUE,21551,TRUE
465072,contract_labor_ratio,Contract labor ratio,percent,Labor,FALSE,Same state + same rural/urban + same bed-size band,25,2016,0.01018425219519217,0.03670102892830474,0.16153450455863758,0.012666760159420224,TRUE,3868,TRUE
465072,contract_labor_ratio,Contract labor ratio,percent,Labor,FALSE,Same state + same rural/urban + same bed-size band,25,2016,0.01018425219519217,0.03670102892830474,0.16153450455863758,NA,TRUE,7466,TRUE
465072,contract_labor_ratio,Contract labor ratio,percent,Labor,FALSE,Same state + same rural/urban + same bed-size band,25,2016,0.01018425219519217,0.03670102892830474,0.16153450455863758,0.01595856965439351,TRUE,23419,TRUE
465072,contract_labor_ratio,Contract labor ratio,percent,Labor,FALSE,Same state + same rural/urban + same bed-size band,25,2017,0.006131991931347451,0.050997398867847724,0.2564668315443702,0.017455352602729145,TRUE,23041,TRUE
465072,contract_labor_ratio,Contract labor ratio,percent,Labor,FALSE,Same state + same rural/urban + same bed-size band,25,2018,0.029759512694028645,0.12612314555641826,0.22166084495358146,0.021106546556694934,TRUE,20952,TRUE
465072,contract_labor_ratio,Contract labor ratio,percent,Labor,FALSE,Same state + same rural/urban + same bed-size band,25,2019,0.03146261458782518,0.17490533223671995,0.21751947937609994,0.013751344609868267,TRUE,19247,TRUE
465072,contract_labor_ratio,Contract labor ratio,percent,Labor,FALSE,Same state + same rural/urban + same bed-size band,25,2020,0.015455548415587935,0.1548436247381217,0.3504826713966509,0.013921689775537736,TRUE,11170,TRUE
465072,contract_labor_ratio,Contract labor ratio,percent,Labor,FALSE,Same state + same rural/urban + same bed-size band,25,2021,0.08378494502598206,0.367803165346516,0.44984143393241555,0.04325247572009012,TRUE,13197,TRUE
465072,contract_labor_ratio,Contract labor ratio,percent,Labor,FALSE,Same state + same rural/urban + same bed-size band,25,2022,0.08025378767125288,0.2052058707791527,0.3902479575878601,0.20320468616946874,TRUE,19543,TRUE
465072,contract_labor_ratio,Contract labor ratio,percent,Labor,FALSE,Same state + same rural/urban + same bed-size band,25,2023,0.013496400629176486,0.0727365078382456,0.2912057532081485,0.09638526835449379,TRUE,20733,TRUE
465072,days_cash_on_hand,Days cash on hand,number,Liquidity,TRUE,Same state + same rural/urban + same bed-size band,25,2011,0.28058320902051115,0.7961909265807547,1.27916736088435,0.2456860247932591,TRUE,21416,TRUE
465072,days_cash_on_hand,Days cash on hand,number,Liquidity,TRUE,Same state + same rural/urban + same bed-size band,25,2012,0.10717875811217155,0.41778695974719077,4.748550529507776,0.25717330391645477,TRUE,20488,TRUE
465072,days_cash_on_hand,Days cash on hand,number,Liquidity,TRUE,Same state + same rural/urban + same bed-size band,25,2013,0.025059757110722797,0.5138629318133592,2.236977184468373,0.2906761460416204,TRUE,15853,TRUE
465072,days_cash_on_hand,Days cash on hand,number,Liquidity,TRUE,Same state + same rural/urban + same bed-size band,25,2014,0.12180440601781338,3.680044509652939,13.544860640124066,0.4419001020286853,TRUE,18254,TRUE
465072,days_cash_on_hand,Days cash on hand,number,Liquidity,TRUE,Same state + same rural/urban + same bed-size band,25,2015,0.06526628566671125,0.8609346654648222,16.309356244601148,0.7719440424197266,TRUE,21551,TRUE
465072,days_cash_on_hand,Days cash on hand,number,Liquidity,TRUE,Same state + same rural/urban + same bed-size band,25,2016,0.11288525903615082,0.7763931115850614,8.390219229351004,1.0991531077424854,TRUE,3868,TRUE
465072,days_cash_on_hand,Days cash on hand,number,Liquidity,TRUE,Same state + same rural/urban + same bed-size band,25,2016,0.11288525903615082,0.7763931115850614,8.390219229351004,0.5388139053731499,TRUE,7466,TRUE
465072,days_cash_on_hand,Days cash on hand,number,Liquidity,TRUE,Same state + same rural/urban + same bed-size band,25,2016,0.11288525903615082,0.7763931115850614,8.390219229351004,0.2969487549135738,TRUE,23419,TRUE
465072,days_cash_on_hand,Days cash on hand,number,Liquidity,TRUE,Same state + same rural/urban + same bed-size band,25,2017,0.0678320077533015,1.7429437501347054,13.945380310258793,16.619660163539535,TRUE,23041,TRUE
465072,days_cash_on_hand,Days cash on hand,number,Liquidity,TRUE,Same state + same rural/urban + same bed-size band,25,2018,0.035486731469416666,0.2460764846165117,6.995322214835582,0.16730406164546452,TRUE,20952,TRUE
465072,days_cash_on_hand,Days cash on hand,number,Liquidity,TRUE,Same state + same rural/urban + same bed-size band,25,2019,4.967900237139598,9.878787270770625,36.35906139304652,9.745922756902806,TRUE,19247,TRUE
465072,days_cash_on_hand,Days cash on hand,number,Liquidity,TRUE,Same state + same rural/urban + same bed-size band,25,2020,5.159105611336907,14.16739679826398,35.37421940963696,31.274524623038076,TRUE,11170,TRUE
465072,days_cash_on_hand,Days cash on hand,number,Liquidity,TRUE,Same state + same rural/urban + same bed-size band,25,2021,2.3099556782835227,13.283455928327802,44.68197798266582,8.389218955756766,TRUE,13197,TRUE
465072,days_cash_on_hand,Days cash on hand,number,Liquidity,TRUE,Same state + same rural/urban + same bed-size band,25,2022,9.07888403341526,13.158344824709229,18.430897648542654,14.089323684388019,TRUE,19543,TRUE
465072,days_cash_on_hand,Days cash on hand,number,Liquidity,TRUE,Same state + same rural/urban + same bed-size band,25,2023,1.5668768323911948,16.32514767096135,43.82454238439403,1.4158497870161877,TRUE,20733,TRUE
465072,current_ratio,Current ratio,number,Liquidity,TRUE,Same state + same rural/urban + same bed-size band,25,2011,1.0212651784454931,1.2510419808623914,1.866446587662806,0.5209537041473036,TRUE,21416,TRUE
465072,current_ratio,Current ratio,number,Liquidity,TRUE,Same state + same rural/urban + same bed-size band,25,2012,0.7999441692714866,1.1995450872927695,1.6220444631577196,0.6007550573301197,TRUE,20488,TRUE
465072,current_ratio,Current ratio,number,Liquidity,TRUE,Same state + same rural/urban + same bed-size band,25,2013,0.18756983250374307,0.7612436164796998,1.2255776654190762,0.13121263764582838,TRUE,15853,TRUE
465072,current_ratio,Current ratio,number,Liquidity,TRUE,Same state + same rural/urban + same bed-size band,25,2014,0.5375253786579184,0.9993516703502128,1.463245124036632,0.08034737197185171,TRUE,18254,TRUE
465072,current_ratio,Current ratio,number,Liquidity,TRUE,Same state + same rural/urban + same bed-size band,25,2015,0.24017164857694911,0.7646530598997073,1.0622886803651896,0.07256464100005415,TRUE,21551,TRUE
465072,current_ratio,Current ratio,number,Liquidity,TRUE,Same state + same rural/urban + same bed-size band,25,2016,0.3339061939887976,1.0529965003198631,2.2048816663460373,0.3171567875579549,TRUE,3868,TRUE
465072,current_ratio,Current ratio,number,Liquidity,TRUE,Same state + same rural/urban + same bed-size band,25,2016,0.3339061939887976,1.0529965003198631,2.2048816663460373,0.40915406836359675,TRUE,7466,TRUE
465072,current_ratio,Current ratio,number,Liquidity,TRUE,Same state + same rural/urban + same bed-size band,25,2016,0.3339061939887976,1.0529965003198631,2.2048816663460373,2.7473447940421325,TRUE,23419,TRUE
465072,current_ratio,Current ratio,number,Liquidity,TRUE,Same state + same rural/urban + same bed-size band,25,2017,0.686123671666331,1.6157087936179078,2.3190192650558816,1.4819085068696816,TRUE,23041,TRUE
465072,current_ratio,Current ratio,number,Liquidity,TRUE,Same state + same rural/urban + same bed-size band,25,2018,0.6915117178094964,1.2963622949226292,2.5143820912765498,2.416679221594476,TRUE,20952,TRUE
465072,current_ratio,Current ratio,number,Liquidity,TRUE,Same state + same rural/urban + same bed-size band,25,2019,0.8732218820277996,1.4165474474904407,3.147193703121819,3.0098425649937277,TRUE,19247,TRUE
465072,current_ratio,Current ratio,number,Liquidity,TRUE,Same state + same rural/urban + same bed-size band,25,2020,1.126270449330001,2.7066848417760987,4.457945708880851,6.414407892075422,TRUE,11170,TRUE
465072,current_ratio,Current ratio,number,Liquidity,TRUE,Same state + same rural/urban + same bed-size band,25,2021,1.0274161528135959,2.2136050880755587,4.028713001274193,7.931478768692301,TRUE,13197,TRUE
465072,current_ratio,Current ratio,number,Liquidity,TRUE,Same state + same rural/urban + same bed-size band,25,2022,0.5868661334028594,1.7563204243663975,4.804438192184842,4.02055312964135,TRUE,19543,TRUE
465072,current_ratio,Current ratio,number,Liquidity,TRUE,Same state + same rural/urban + same bed-size band,25,2023,1.0324210593113623,2.721262281975215,4.471668185504045,4.035185191684713,TRUE,20733,TRUE
465072,days_accounts_receivable,Days accounts receivable,number,Liquidity,FALSE,Same state + same rural/urban + same bed-size band,25,2011,41.07210695713981,46.5844624297882,57.12337053365313,24.66144908741084,TRUE,21416,TRUE
465072,days_accounts_receivable,Days accounts receivable,number,Liquidity,FALSE,Same state + same rural/urban + same bed-size band,25,2012,38.16312467828695,56.34438697460533,60.503673505312044,35.72717092686847,TRUE,20488,TRUE
465072,days_accounts_receivable,Days accounts receivable,number,Liquidity,FALSE,Same state + same rural/urban + same bed-size band,25,2013,41.908726428470125,47.17970743604738,67.6370343339064,35.611761385067865,TRUE,15853,TRUE
465072,days_accounts_receivable,Days accounts receivable,number,Liquidity,FALSE,Same state + same rural/urban + same bed-size band,25,2014,33.88041488793855,44.63445799326466,62.06166566720586,37.91486321155976,TRUE,18254,TRUE
465072,days_accounts_receivable,Days accounts receivable,number,Liquidity,FALSE,Same state + same rural/urban + same bed-size band,25,2015,35.42381319672673,45.07703865330692,64.91803648507583,41.693886075108566,TRUE,21551,TRUE
465072,days_accounts_receivable,Days accounts receivable,number,Liquidity,FALSE,Same state + same rural/urban + same bed-size band,25,2016,42.82843633057759,51.23935531357871,101.53752823277215,235.04164257550573,TRUE,3868,TRUE
465072,days_accounts_receivable,Days accounts receivable,number,Liquidity,FALSE,Same state + same rural/urban + same bed-size band,25,2016,42.82843633057759,51.23935531357871,101.53752823277215,132.65194701037495,TRUE,7466,TRUE
465072,days_accounts_receivable,Days accounts receivable,number,Liquidity,FALSE,Same state + same rural/urban + same bed-size band,25,2016,42.82843633057759,51.23935531357871,101.53752823277215,42.418044167600875,TRUE,23419,TRUE
465072,days_accounts_receivable,Days accounts receivable,number,Liquidity,FALSE,Same state + same rural/urban + same bed-size band,25,2017,38.12713640609208,46.22761367400765,69.02900846522174,38.090024757100146,TRUE,23041,TRUE
465072,days_accounts_receivable,Days accounts receivable,number,Liquidity,FALSE,Same state + same rural/urban + same bed-size band,25,2018,38.807821514549865,53.831807144806334,79.41223346537059,57.75301738299458,TRUE,20952,TRUE
465072,days_accounts_receivable,Days accounts receivable,number,Liquidity,FALSE,Same state + same rural/urban + same bed-size band,25,2019,43.69297656159881,49.53524758485866,57.990631149558965,80.29649635759948,TRUE,19247,TRUE
465072,days_accounts_receivable,Days accounts receivable,number,Liquidity,FALSE,Same state + same rural/urban + same bed-size band,25,2020,40.00016678576999,47.730522863461275,60.21723480388029,21.379911912593094,TRUE,11170,TRUE
465072,days_accounts_receivable,Days accounts receivable,number,Liquidity,FALSE,Same state + same rural/urban + same bed-size band,25,2021,39.163785603622316,55.00108578486483,67.32302912166426,48.92346608624037,TRUE,13197,TRUE
465072,days_accounts_receivable,Days accounts receivable,number,Liquidity,FALSE,Same state + same rural/urban + same bed-size band,25,2022,33.923705290086545,45.6800971029027,62.81205861618409,64.22987997356773,TRUE,19543,TRUE
465072,days_accounts_receivable,Days accounts receivable,number,Liquidity,FALSE,Same state + same rural/urban + same bed-size band,25,2023,40.26432971107607,56.914750798559616,75.21315118615652,52.959974611627565,TRUE,20733,TRUE
465072,debt_to_assets,Debt to assets,percent,Solvency,FALSE,Same state + same rural/urban + same bed-size band,25,2011,0.5536476962577959,0.9158952097510804,1.1681298060005458,0.7658255407626741,TRUE,21416,TRUE
465072,debt_to_assets,Debt to assets,percent,Solvency,FALSE,Same state + same rural/urban + same bed-size band,25,2012,0.36004662843343527,0.8286794464951142,1.0652964565654646,0.8446148601585809,TRUE,20488,TRUE
465072,debt_to_assets,Debt to assets,percent,Solvency,FALSE,Same state + same rural/urban + same bed-size band,25,2013,0.5174901996981911,0.7411858173537405,1.203199551630117,1.2935166806682197,TRUE,15853,TRUE
465072,debt_to_assets,Debt to assets,percent,Solvency,FALSE,Same state + same rural/urban + same bed-size band,25,2014,0.6840033643498078,0.9598471170695343,1.2995494807043153,1.2021638194851865,TRUE,18254,TRUE
465072,debt_to_assets,Debt to assets,percent,Solvency,FALSE,Same state + same rural/urban + same bed-size band,25,2015,0.8392985594501539,0.9588235787337781,1.256997451239351,1.0891769906088826,TRUE,21551,TRUE
465072,debt_to_assets,Debt to assets,percent,Solvency,FALSE,Same state + same rural/urban + same bed-size band,25,2016,0.3449060477803042,0.7357957704997714,1.0297903014934606,1.2541907267987233,TRUE,3868,TRUE
465072,debt_to_assets,Debt to assets,percent,Solvency,FALSE,Same state + same rural/urban + same bed-size band,25,2016,0.3449060477803042,0.7357957704997714,1.0297903014934606,1.6185261062903333,TRUE,7466,TRUE
465072,debt_to_assets,Debt to assets,percent,Solvency,FALSE,Same state + same rural/urban + same bed-size band,25,2016,0.3449060477803042,0.7357957704997714,1.0297903014934606,0.3131314117585794,TRUE,23419,TRUE
465072,debt_to_assets,Debt to assets,percent,Solvency,FALSE,Same state + same rural/urban + same bed-size band,25,2017,0.21922718882679487,0.4838218833187638,1.0970157100330753,0.3078080686974738,TRUE,23041,TRUE
465072,debt_to_assets,Debt to assets,percent,Solvency,FALSE,Same state + same rural/urban + same bed-size band,25,2018,0.38903925105017917,0.8639241420982522,1.3038254956420723,0.678800446481439,TRUE,20952,TRUE
465072,debt_to_assets,Debt to assets,percent,Solvency,FALSE,Same state + same rural/urban + same bed-size band,25,2019,0.5139977579974122,0.8022429681812009,1.1603514308229523,0.616485567706379,TRUE,19247,TRUE
465072,debt_to_assets,Debt to assets,percent,Solvency,FALSE,Same state + same rural/urban + same bed-size band,25,2020,0.32975347946008676,0.6689435898706073,0.9381023443663157,0.4714620011681446,TRUE,11170,TRUE
465072,debt_to_assets,Debt to assets,percent,Solvency,FALSE,Same state + same rural/urban + same bed-size band,25,2021,0.39027189866525464,0.6321018947931485,0.9997672497866072,0.494100609608291,TRUE,13197,TRUE
465072,debt_to_assets,Debt to assets,percent,Solvency,FALSE,Same state + same rural/urban + same bed-size band,25,2022,0.3698871318119896,0.734250504773181,1.1053857328241135,0.5646746670126608,TRUE,19543,TRUE
465072,debt_to_assets,Debt to assets,percent,Solvency,FALSE,Same state + same rural/urban + same bed-size band,25,2023,0.2664416862208748,0.688986873892341,0.9568300944793154,0.5641404183333417,TRUE,20733,TRUE
465078,occupancy_rate,Occupancy rate,percent,Utilization,TRUE,Same state + same rural/urban + same bed-size band,24,2011,0.5656248548873926,0.63271297753414,0.7076240049854278,0.839971160778659,TRUE,29126,TRUE
465078,occupancy_rate,Occupancy rate,percent,Utilization,TRUE,Same state + same rural/urban + same bed-size band,24,2012,0.5797594065423004,0.6124430783242258,0.7342708386531162,0.930859137826351,TRUE,36795,TRUE
465078,occupancy_rate,Occupancy rate,percent,Utilization,TRUE,Same state + same rural/urban + same bed-size band,24,2013,0.5640636432126221,0.5986002801437569,0.7057933789954338,0.708675799086758,TRUE,27936,TRUE
465078,occupancy_rate,Occupancy rate,percent,Utilization,TRUE,Same state + same rural/urban + same bed-size band,24,2014,0.5479597919837647,0.6243695179872017,0.7497536456031817,0.7075849822425165,TRUE,27893,TRUE
465078,occupancy_rate,Occupancy rate,percent,Utilization,TRUE,Same state + same rural/urban + same bed-size band,24,2015,0.5439569270331083,0.574953300124533,0.7655510018214936,0.7073566717402334,TRUE,27884,TRUE
465078,occupancy_rate,Occupancy rate,percent,Utilization,TRUE,Same state + same rural/urban + same bed-size band,24,2016,0.5478675588060478,0.5939936775553214,0.7226571925342418,0.7206483102551859,TRUE,27167,TRUE
465078,occupancy_rate,Occupancy rate,percent,Utilization,TRUE,Same state + same rural/urban + same bed-size band,24,2017,0.5537111926366736,0.5973972602739726,0.7605420743639921,0.9559834187847714,TRUE,17527,TRUE
465078,occupancy_rate,Occupancy rate,percent,Utilization,TRUE,Same state + same rural/urban + same bed-size band,24,2017,0.5537111926366736,0.5973972602739726,0.7605420743639921,0.7260447446179823,TRUE,27520,TRUE
465078,occupancy_rate,Occupancy rate,percent,Utilization,TRUE,Same state + same rural/urban + same bed-size band,24,2018,0.5634588945415627,0.6965493088595609,0.8494206621004565,0.7170634392871392,TRUE,26958,TRUE
465078,occupancy_rate,Occupancy rate,percent,Utilization,TRUE,Same state + same rural/urban + same bed-size band,24,2019,0.5620128997581295,0.6826189442342286,0.8413251366120219,0.6357366438537854,TRUE,23966,TRUE
465078,occupancy_rate,Occupancy rate,percent,Utilization,TRUE,Same state + same rural/urban + same bed-size band,24,2020,0.5157809623732379,0.6610543052837573,0.7988849478147423,0.5846256151083921,TRUE,21979,TRUE
465078,occupancy_rate,Occupancy rate,percent,Utilization,TRUE,Same state + same rural/urban + same bed-size band,24,2021,0.5630857966834896,0.6871917808219178,0.8684931506849315,0.6437292193110786,TRUE,24201,TRUE
465078,occupancy_rate,Occupancy rate,percent,Utilization,TRUE,Same state + same rural/urban + same bed-size band,24,2022,0.615230013238172,0.6997419556502901,0.857095156555773,0.6737332092033516,TRUE,25329,TRUE
465078,occupancy_rate,Occupancy rate,percent,Utilization,TRUE,Same state + same rural/urban + same bed-size band,24,2023,0.619892905932865,0.6887146093154776,0.8559483151183971,0.7012043079208446,TRUE,26434,TRUE
465078,medicare_day_share,Medicare day share,percent,Payer mix,TRUE,Same state + same rural/urban + same bed-size band,24,2011,0.09755406244796962,0.12653912264308076,0.17755124892555854,0.4987983245210465,TRUE,29126,TRUE
465078,medicare_day_share,Medicare day share,percent,Payer mix,TRUE,Same state + same rural/urban + same bed-size band,24,2012,0.09772324327775367,0.14597196174409083,0.18581348988658108,0.3811387416768583,TRUE,36795,TRUE
465078,medicare_day_share,Medicare day share,percent,Payer mix,TRUE,Same state + same rural/urban + same bed-size band,24,2013,0.09290568702371127,0.17079717316166582,0.18900908956545587,0.3924684994272623,TRUE,27936,TRUE
465078,medicare_day_share,Medicare day share,percent,Payer mix,TRUE,Same state + same rural/urban + same bed-size band,24,2014,0.1075628326170038,0.11806620710910701,0.18060182337119213,0.4202488079446456,TRUE,27893,TRUE
465078,medicare_day_share,Medicare day share,percent,Payer mix,TRUE,Same state + same rural/urban + same bed-size band,24,2015,0.09822473337568119,0.12857632345382902,0.20452715018439235,0.4080476258786401,TRUE,27884,TRUE
465078,medicare_day_share,Medicare day share,percent,Payer mix,TRUE,Same state + same rural/urban + same bed-size band,24,2016,0.07886585134687941,0.10234944639481501,0.1592220683234858,0.3326094158353885,TRUE,27167,TRUE
465078,medicare_day_share,Medicare day share,percent,Payer mix,TRUE,Same state + same rural/urban + same bed-size band,24,2017,0.0674685609718945,0.08706649156087358,0.14375309389569685,0.2540651566155075,TRUE,17527,TRUE
465078,medicare_day_share,Medicare day share,percent,Payer mix,TRUE,Same state + same rural/urban + same bed-size band,24,2017,0.0674685609718945,0.08706649156087358,0.14375309389569685,0.3304869186046512,TRUE,27520,TRUE
465078,medicare_day_share,Medicare day share,percent,Payer mix,TRUE,Same state + same rural/urban + same bed-size band,24,2018,0.058526916809521566,0.07534530234185063,0.17733271562913513,0.28140069738111134,TRUE,26958,TRUE
465078,medicare_day_share,Medicare day share,percent,Payer mix,TRUE,Same state + same rural/urban + same bed-size band,24,2019,0.04997046662728884,0.06966283345067668,0.14281729428172943,0.2080864558124009,TRUE,23966,TRUE
465078,medicare_day_share,Medicare day share,percent,Payer mix,TRUE,Same state + same rural/urban + same bed-size band,24,2020,0.08283772217600416,0.10020059139998552,0.12522256117431302,0.16988943991992356,TRUE,21979,TRUE
465078,medicare_day_share,Medicare day share,percent,Payer mix,TRUE,Same state + same rural/urban + same bed-size band,24,2021,0.047374463713819565,0.10167822411882976,0.14327207171115228,0.19267798851287138,TRUE,24201,TRUE
465078,medicare_day_share,Medicare day share,percent,Payer mix,TRUE,Same state + same rural/urban + same bed-size band,24,2022,0.05533646456136447,0.08234211744055138,0.1171780283612911,0.18662402779422796,TRUE,25329,TRUE
465078,medicare_day_share,Medicare day share,percent,Payer mix,TRUE,Same state + same rural/urban + same bed-size band,24,2023,0.041511883167079155,0.06144429379148118,0.08200002237775877,0.09635318150866308,TRUE,26434,TRUE
465078,medicaid_day_share,Medicaid day share,percent,Payer mix,FALSE,Same state + same rural/urban + same bed-size band,24,2011,0.485028668507114,0.5690806151766098,0.6616269515201315,NA,TRUE,29126,TRUE
465078,medicaid_day_share,Medicaid day share,percent,Payer mix,FALSE,Same state + same rural/urban + same bed-size band,24,2012,0.4822529467667155,0.5265066716490909,0.5944165474909207,0.11504280472890338,TRUE,36795,TRUE
465078,medicaid_day_share,Medicaid day share,percent,Payer mix,FALSE,Same state + same rural/urban + same bed-size band,24,2013,0.46197205504810795,0.5164409762080393,0.6220604446977522,0.15349369988545247,TRUE,27936,TRUE
465078,medicaid_day_share,Medicaid day share,percent,Payer mix,FALSE,Same state + same rural/urban + same bed-size band,24,2014,0.4137094968625858,0.4916264949267374,0.5411017041749373,0.20679023410891623,TRUE,27893,TRUE
465078,medicaid_day_share,Medicaid day share,percent,Payer mix,FALSE,Same state + same rural/urban + same bed-size band,24,2015,0.43549088608595943,0.4604869157661763,0.5320352301182972,0.21252331085927414,TRUE,27884,TRUE
465078,medicaid_day_share,Medicaid day share,percent,Payer mix,FALSE,Same state + same rural/urban + same bed-size band,24,2016,0.44063725557308187,0.5180402449693788,0.6065226334655867,0.252843523392351,TRUE,27167,TRUE
465078,medicaid_day_share,Medicaid day share,percent,Payer mix,FALSE,Same state + same rural/urban + same bed-size band,24,2017,0.455791453915801,0.5458415624314242,0.6467784614036703,0.1845153192217721,TRUE,17527,TRUE
465078,medicaid_day_share,Medicaid day share,percent,Payer mix,FALSE,Same state + same rural/urban + same bed-size band,24,2017,0.455791453915801,0.5458415624314242,0.6467784614036703,0.39131540697674416,TRUE,27520,TRUE
465078,medicaid_day_share,Medicaid day share,percent,Payer mix,FALSE,Same state + same rural/urban + same bed-size band,24,2018,0.4802937442237296,0.5669247561913842,0.6577703561144749,0.416277171897025,TRUE,26958,TRUE
465078,medicaid_day_share,Medicaid day share,percent,Payer mix,FALSE,Same state + same rural/urban + same bed-size band,24,2019,0.5079233910169162,0.5788573915205769,0.7094884488448845,0.5532003671868481,TRUE,23966,TRUE
465078,medicaid_day_share,Medicaid day share,percent,Payer mix,FALSE,Same state + same rural/urban + same bed-size band,24,2020,0.5564892020765634,0.6450986046526919,0.7074630184549289,0.6172255334637609,TRUE,21979,TRUE
465078,medicaid_day_share,Medicaid day share,percent,Payer mix,FALSE,Same state + same rural/urban + same bed-size band,24,2021,0.5301469052426373,0.5941061164822752,0.6617714547957779,0.6177843890748316,TRUE,24201,TRUE
465078,medicaid_day_share,Medicaid day share,percent,Payer mix,FALSE,Same state + same rural/urban + same bed-size band,24,2022,0.5229426641587631,0.6012906262109845,0.72963873089794,0.5268664376801295,TRUE,25329,TRUE
465078,medicaid_day_share,Medicaid day share,percent,Payer mix,FALSE,Same state + same rural/urban + same bed-size band,24,2023,0.5409814907459137,0.6573452330093521,0.7259713784506963,0.6418627525156995,TRUE,26434,TRUE
465078,other_day_share,Other/private day share,percent,Payer mix,TRUE,Same state + same rural/urban + same bed-size band,24,2011,0.23950828767888604,0.28824020321814803,0.3508260072112922,0.5012016754789536,TRUE,29126,TRUE
465078,other_day_share,Other/private day share,percent,Payer mix,TRUE,Same state + same rural/urban + same bed-size band,24,2012,0.25213216498598756,0.2806089979356912,0.38579555840982654,0.5038184535942384,TRUE,36795,TRUE
465078,other_day_share,Other/private day share,percent,Payer mix,TRUE,Same state + same rural/urban + same bed-size band,24,2013,0.22469634771940597,0.31008822038225936,0.35546688300588736,0.4540378006872852,TRUE,27936,TRUE
465078,other_day_share,Other/private day share,percent,Payer mix,TRUE,Same state + same rural/urban + same bed-size band,24,2014,0.2753524781368111,0.3490889128783088,0.40646514943357553,0.3729609579464382,TRUE,27893,TRUE
465078,other_day_share,Other/private day share,percent,Payer mix,TRUE,Same state + same rural/urban + same bed-size band,24,2015,0.29180129850520914,0.3378234762739784,0.3984772328465634,0.3794290632620858,TRUE,27884,TRUE
465078,other_day_share,Other/private day share,percent,Payer mix,TRUE,Same state + same rural/urban + same bed-size band,24,2016,0.27004456668322213,0.31321473951715373,0.4097129899492806,0.41454706077226045,TRUE,27167,TRUE
465078,other_day_share,Other/private day share,percent,Payer mix,TRUE,Same state + same rural/urban + same bed-size band,24,2017,0.24070014164905032,0.31629425919559984,0.3977512596285383,0.5614195241627203,TRUE,17527,TRUE
465078,other_day_share,Other/private day share,percent,Payer mix,TRUE,Same state + same rural/urban + same bed-size band,24,2017,0.24070014164905032,0.31629425919559984,0.3977512596285383,0.27819767441860466,TRUE,27520,TRUE
465078,other_day_share,Other/private day share,percent,Payer mix,TRUE,Same state + same rural/urban + same bed-size band,24,2018,0.23730271626657695,0.30204228315409637,0.3712414570059214,0.30232213072186365,TRUE,26958,TRUE
465078,other_day_share,Other/private day share,percent,Payer mix,TRUE,Same state + same rural/urban + same bed-size band,24,2019,0.21322020323371876,0.27801109136919183,0.3596502134361142,0.23871317700075106,TRUE,23966,TRUE
465078,other_day_share,Other/private day share,percent,Payer mix,TRUE,Same state + same rural/urban + same bed-size band,24,2020,0.1746441278460742,0.21132978928949292,0.32502836562818543,0.2128850266163156,TRUE,21979,TRUE
465078,other_day_share,Other/private day share,percent,Payer mix,TRUE,Same state + same rural/urban + same bed-size band,24,2021,0.1768888888888889,0.27431650893796006,0.35593800253190544,0.18953762241229702,TRUE,24201,TRUE
465078,other_day_share,Other/private day share,percent,Payer mix,TRUE,Same state + same rural/urban + same bed-size band,24,2022,0.19190739838417614,0.259758855492348,0.339958844257874,0.28650953452564254,TRUE,25329,TRUE
465078,other_day_share,Other/private day share,percent,Payer mix,TRUE,Same state + same rural/urban + same bed-size band,24,2023,0.2248748832174844,0.2658038847132938,0.31940187537473913,0.2617840659756374,TRUE,26434,TRUE
465078,net_patient_revenue_per_day,Net patient revenue per resident day,dollar,Revenue,TRUE,Same state + same rural/urban + same bed-size band,24,2011,222.0016878674495,228.96784445976317,241.9647656184105,441.51950147634415,TRUE,29126,TRUE
465078,net_patient_revenue_per_day,Net patient revenue per resident day,dollar,Revenue,TRUE,Same state + same rural/urban + same bed-size band,24,2012,226.42169113782793,241.23667515985778,254.5294493877746,327.7242288354396,TRUE,36795,TRUE
465078,net_patient_revenue_per_day,Net patient revenue per resident day,dollar,Revenue,TRUE,Same state + same rural/urban + same bed-size band,24,2013,235.508196141371,250.04361337438067,274.33345851240017,390.67944587628864,TRUE,27936,TRUE
465078,net_patient_revenue_per_day,Net patient revenue per resident day,dollar,Revenue,TRUE,Same state + same rural/urban + same bed-size band,24,2014,238.11517184214046,263.7839546303266,279.61073871544176,397.01814075216004,TRUE,27893,TRUE
465078,net_patient_revenue_per_day,Net patient revenue per resident day,dollar,Revenue,TRUE,Same state + same rural/urban + same bed-size band,24,2015,246.0172511784962,263.3372896443559,302.7417832823977,380.350846363506,TRUE,27884,TRUE
465078,net_patient_revenue_per_day,Net patient revenue per resident day,dollar,Revenue,TRUE,Same state + same rural/urban + same bed-size band,24,2016,256.8239971805119,288.342742697351,311.47241317629954,368.97298192660213,TRUE,27167,TRUE
465078,net_patient_revenue_per_day,Net patient revenue per resident day,dollar,Revenue,TRUE,Same state + same rural/urban + same bed-size band,24,2017,254.06855145363312,296.2266882158668,320.35121777781853,296.1554744109089,TRUE,17527,TRUE
465078,net_patient_revenue_per_day,Net patient revenue per resident day,dollar,Revenue,TRUE,Same state + same rural/urban + same bed-size band,24,2017,254.06855145363312,296.2266882158668,320.35121777781853,408.11980377906974,TRUE,27520,TRUE
465078,net_patient_revenue_per_day,Net patient revenue per resident day,dollar,Revenue,TRUE,Same state + same rural/urban + same bed-size band,24,2018,291.0879222736729,320.88644483937384,343.29644756608127,493.2653015802359,TRUE,26958,TRUE
465078,net_patient_revenue_per_day,Net patient revenue per resident day,dollar,Revenue,TRUE,Same state + same rural/urban + same bed-size band,24,2019,292.05893604303645,323.1236449641942,356.0346435882155,471.319410832012,TRUE,23966,TRUE
465078,net_patient_revenue_per_day,Net patient revenue per resident day,dollar,Revenue,TRUE,Same state + same rural/urban + same bed-size band,24,2020,331.5668842109552,350.6610349666679,364.78098420892945,485.7232358160062,TRUE,21979,TRUE
465078,net_patient_revenue_per_day,Net patient revenue per resident day,dollar,Revenue,TRUE,Same state + same rural/urban + same bed-size band,24,2021,348.12837856340883,363.9767652111021,384.67539697025006,455.6686500557828,TRUE,24201,TRUE
465078,net_patient_revenue_per_day,Net patient revenue per resident day,dollar,Revenue,TRUE,Same state + same rural/urban + same bed-size band,24,2022,365.05203620708306,383.97826481347107,398.8097995741475,503.5936673378341,TRUE,25329,TRUE
465078,net_patient_revenue_per_day,Net patient revenue per resident day,dollar,Revenue,TRUE,Same state + same rural/urban + same bed-size band,24,2023,381.14537675905177,409.6711263067286,430.21821840403163,558.2391238556405,TRUE,26434,TRUE
465078,operating_expense_per_day,Operating expense per resident day,dollar,Cost,FALSE,Same state + same rural/urban + same bed-size band,24,2011,223.41787353442862,241.45626068014948,267.96913410887583,397.8767424294445,TRUE,29126,TRUE
465078,operating_expense_per_day,Operating expense per resident day,dollar,Cost,FALSE,Same state + same rural/urban + same bed-size band,24,2012,216.58234731494196,249.39469759505386,261.8667478181088,294.7892648457671,TRUE,36795,TRUE
465078,operating_expense_per_day,Operating expense per resident day,dollar,Cost,FALSE,Same state + same rural/urban + same bed-size band,24,2013,221.73324326928193,257.9562963627806,274.7363371039595,378.838810137457,TRUE,27936,TRUE
465078,operating_expense_per_day,Operating expense per resident day,dollar,Cost,FALSE,Same state + same rural/urban + same bed-size band,24,2014,238.14069452759384,259.8531216083194,273.77205428153013,384.70128706126985,TRUE,27893,TRUE
465078,operating_expense_per_day,Operating expense per resident day,dollar,Cost,FALSE,Same state + same rural/urban + same bed-size band,24,2015,252.61622184364944,280.6422963689892,299.601308240845,371.82681824702337,TRUE,27884,TRUE
465078,operating_expense_per_day,Operating expense per resident day,dollar,Cost,FALSE,Same state + same rural/urban + same bed-size band,24,2016,261.9125329944859,295.2590399661662,313.2701786472255,376.18445172451874,TRUE,27167,TRUE
465078,operating_expense_per_day,Operating expense per resident day,dollar,Cost,FALSE,Same state + same rural/urban + same bed-size band,24,2017,272.7504765614773,300.986388123535,344.5749985277122,284.52513265247904,TRUE,17527,TRUE
465078,operating_expense_per_day,Operating expense per resident day,dollar,Cost,FALSE,Same state + same rural/urban + same bed-size band,24,2017,272.7504765614773,300.986388123535,344.5749985277122,414.56286337209303,TRUE,27520,TRUE
465078,operating_expense_per_day,Operating expense per resident day,dollar,Cost,FALSE,Same state + same rural/urban + same bed-size band,24,2018,281.56651801822807,312.6986306525955,344.5657724553112,508.55916611024554,TRUE,26958,TRUE
465078,operating_expense_per_day,Operating expense per resident day,dollar,Cost,FALSE,Same state + same rural/urban + same bed-size band,24,2019,294.22903004019463,326.693399339934,342.3443370559428,454.10740215305015,TRUE,23966,TRUE
465078,operating_expense_per_day,Operating expense per resident day,dollar,Cost,FALSE,Same state + same rural/urban + same bed-size band,24,2020,331.681317036792,356.4726546344808,381.87094101782685,470.3766777378407,TRUE,21979,TRUE
465078,operating_expense_per_day,Operating expense per resident day,dollar,Cost,FALSE,Same state + same rural/urban + same bed-size band,24,2021,354.0578770175265,374.71752625750815,403.206816695728,441.80554522540393,TRUE,24201,TRUE
465078,operating_expense_per_day,Operating expense per resident day,dollar,Cost,FALSE,Same state + same rural/urban + same bed-size band,24,2022,368.34398732097645,395.16989960664876,431.979256825276,490.7337044494453,TRUE,25329,TRUE
465078,operating_expense_per_day,Operating expense per resident day,dollar,Cost,FALSE,Same state + same rural/urban + same bed-size band,24,2023,367.32648331807826,395.6990261456576,419.4309980787197,568.6783309374291,TRUE,26434,TRUE
465078,patient_service_margin,Patient service margin,percent,Margin,TRUE,Same state + same rural/urban + same bed-size band,24,2011,-0.09428714756493536,-0.026239276699036734,0.016924741450738176,0.09884673021456104,TRUE,29126,TRUE
465078,patient_service_margin,Patient service margin,percent,Margin,TRUE,Same state + same rural/urban + same bed-size band,24,2012,-0.04141469128001377,0.005763344933856832,0.046089084962529205,0.10049596914670036,TRUE,36795,TRUE
465078,patient_service_margin,Patient service margin,percent,Margin,TRUE,Same state + same rural/urban + same bed-size band,24,2013,-0.025771031797791288,0.0088687457757765,0.04623274213675901,0.030307803146063215,TRUE,27936,TRUE
465078,patient_service_margin,Patient service margin,percent,Margin,TRUE,Same state + same rural/urban + same bed-size band,24,2014,0.007433716329380778,0.029425446946423243,0.0709625911797635,0.031023402778411143,TRUE,27893,TRUE
465078,patient_service_margin,Patient service margin,percent,Margin,TRUE,Same state + same rural/urban + same bed-size band,24,2015,-0.07816650109428577,-0.017639085425999658,0.04282024542094974,0.022410961347871048,TRUE,27884,TRUE
465078,patient_service_margin,Patient service margin,percent,Margin,TRUE,Same state + same rural/urban + same bed-size band,24,2016,-0.09078940599165111,-0.014139344485748339,0.0470285473791361,-0.01954470964313352,TRUE,27167,TRUE
465078,patient_service_margin,Patient service margin,percent,Margin,TRUE,Same state + same rural/urban + same bed-size band,24,2017,-0.1267345811803995,-0.07331281592143198,0.024539626063141445,0.03927106794687516,TRUE,17527,TRUE
465078,patient_service_margin,Patient service margin,percent,Margin,TRUE,Same state + same rural/urban + same bed-size band,24,2017,-0.1267345811803995,-0.07331281592143198,0.024539626063141445,-0.01578717703322018,TRUE,27520,TRUE
465078,patient_service_margin,Patient service margin,percent,Margin,TRUE,Same state + same rural/urban + same bed-size band,24,2018,-0.06640334300105206,0.028199891648286023,0.07510413726783664,-0.031005352456404036,TRUE,26958,TRUE
465078,patient_service_margin,Patient service margin,percent,Margin,TRUE,Same state + same rural/urban + same bed-size band,24,2019,-0.03529730657550314,8.610061811188485e-4,0.08611983419782299,0.036518777464687485,TRUE,23966,TRUE
465078,patient_service_margin,Patient service margin,percent,Margin,TRUE,Same state + same rural/urban + same bed-size band,24,2020,-0.0699412581799109,-0.024014524815369646,0.052810892361627726,0.031595272670831946,TRUE,21979,TRUE
465078,patient_service_margin,Patient service margin,percent,Margin,TRUE,Same state + same rural/urban + same bed-size band,24,2021,-0.05962564778351345,-0.030870930018989905,0.042412215891896574,0.03042365286416301,TRUE,24201,TRUE
465078,patient_service_margin,Patient service margin,percent,Margin,TRUE,Same state + same rural/urban + same bed-size band,24,2022,-0.10497856552696183,-0.04750227389607377,0.03865853255341725,0.025536387215452695,TRUE,25329,TRUE
465078,patient_service_margin,Patient service margin,percent,Margin,TRUE,Same state + same rural/urban + same bed-size band,24,2023,-0.028147899551639696,0.0012606322431043375,0.07436516959915652,-0.018700242666058933,TRUE,26434,TRUE
465078,total_margin,Total margin,percent,Margin,TRUE,Same state + same rural/urban + same bed-size band,24,2011,-0.06830638800613067,-0.004761416736405383,0.03104359426893068,0.10530714681691178,TRUE,29126,TRUE
465078,total_margin,Total margin,percent,Margin,TRUE,Same state + same rural/urban + same bed-size band,24,2012,-0.037631686402101655,0.012293322218626206,0.05356495994939653,0.09971221400006784,TRUE,36795,TRUE
465078,total_margin,Total margin,percent,Margin,TRUE,Same state + same rural/urban + same bed-size band,24,2013,-0.0020295492740584156,0.02079484027936083,0.055346441338529645,0.03187065518748773,TRUE,27936,TRUE
465078,total_margin,Total margin,percent,Margin,TRUE,Same state + same rural/urban + same bed-size band,24,2014,0.021302477561586645,0.04079421338147069,0.0795435459613842,0.03191684470337665,TRUE,27893,TRUE
465078,total_margin,Total margin,percent,Margin,TRUE,Same state + same rural/urban + same bed-size band,24,2015,-0.05858723154324557,0.001105201186652745,0.04308374584263195,0.028507586908666026,TRUE,27884,TRUE
465078,total_margin,Total margin,percent,Margin,TRUE,Same state + same rural/urban + same bed-size band,24,2016,-0.08589955020757087,-0.0034433218140758333,0.053179746607892535,-0.0068902399058888225,TRUE,27167,TRUE
465078,total_margin,Total margin,percent,Margin,TRUE,Same state + same rural/urban + same bed-size band,24,2017,-0.0994655297002637,-0.016346630789360186,0.025001469072941273,0.050411147438783506,TRUE,17527,TRUE
465078,total_margin,Total margin,percent,Margin,TRUE,Same state + same rural/urban + same bed-size band,24,2017,-0.0994655297002637,-0.016346630789360186,0.025001469072941273,-0.01077260056286553,TRUE,27520,TRUE
465078,total_margin,Total margin,percent,Margin,TRUE,Same state + same rural/urban + same bed-size band,24,2018,-0.06421337208564247,0.03340344089701467,0.07745210789081258,-0.022138687384028483,TRUE,26958,TRUE
465078,total_margin,Total margin,percent,Margin,TRUE,Same state + same rural/urban + same bed-size band,24,2019,-0.04046364312297294,0.06253880423814513,0.08984449448612956,0.05535135190645666,TRUE,23966,TRUE
465078,total_margin,Total margin,percent,Margin,TRUE,Same state + same rural/urban + same bed-size band,24,2020,0.030063162837594207,0.08512235948095381,0.11583350561873512,0.0886484281936819,TRUE,21979,TRUE
465078,total_margin,Total margin,percent,Margin,TRUE,Same state + same rural/urban + same bed-size band,24,2021,-0.019951056486605202,0.03306267873244059,0.07208569129451121,0.030661963211157568,TRUE,24201,TRUE
465078,total_margin,Total margin,percent,Margin,TRUE,Same state + same rural/urban + same bed-size band,24,2022,-0.05590871030968014,0.03601624285835329,0.0717074953882317,0.03331278275984585,TRUE,25329,TRUE
465078,total_margin,Total margin,percent,Margin,TRUE,Same state + same rural/urban + same bed-size band,24,2023,0.0198516354121548,0.07082096864207157,0.12066375735712295,-0.017446963855165316,TRUE,26434,TRUE
465078,salary_cost_per_day,Salary cost per resident day,dollar,Labor,FALSE,Same state + same rural/urban + same bed-size band,24,2011,95.78439650188535,103.79754473723531,124.0335280922713,207.73892741880107,TRUE,29126,TRUE
465078,salary_cost_per_day,Salary cost per resident day,dollar,Labor,FALSE,Same state + same rural/urban + same bed-size band,24,2012,92.48366007421173,103.98635043836575,119.53585430442003,151.19869547492866,TRUE,36795,TRUE
465078,salary_cost_per_day,Salary cost per resident day,dollar,Labor,FALSE,Same state + same rural/urban + same bed-size band,24,2013,91.55604107258023,107.89973801862865,125.44596411108606,184.5050114547537,TRUE,27936,TRUE
465078,salary_cost_per_day,Salary cost per resident day,dollar,Labor,FALSE,Same state + same rural/urban + same bed-size band,24,2014,97.885255621635,116.40294337818122,128.06588605388205,180.88308894704764,TRUE,27893,TRUE
465078,salary_cost_per_day,Salary cost per resident day,dollar,Labor,FALSE,Same state + same rural/urban + same bed-size band,24,2015,100.30822036093602,122.7633508688028,136.44115637319317,181.4566418017501,TRUE,27884,TRUE
465078,salary_cost_per_day,Salary cost per resident day,dollar,Labor,FALSE,Same state + same rural/urban + same bed-size band,24,2016,114.31349843829354,131.6591560835723,138.4891080336903,184.38535723488056,TRUE,27167,TRUE
465078,salary_cost_per_day,Salary cost per resident day,dollar,Labor,FALSE,Same state + same rural/urban + same bed-size band,24,2017,111.18408697506067,133.8189515845689,149.07675755401687,139.97734923261254,TRUE,17527,TRUE
465078,salary_cost_per_day,Salary cost per resident day,dollar,Labor,FALSE,Same state + same rural/urban + same bed-size band,24,2017,111.18408697506067,133.8189515845689,149.07675755401687,174.26286337209302,TRUE,27520,TRUE
465078,salary_cost_per_day,Salary cost per resident day,dollar,Labor,FALSE,Same state + same rural/urban + same bed-size band,24,2018,102.41292376212219,134.17218625065078,150.37072413084877,174.73759180948142,TRUE,26958,TRUE
465078,salary_cost_per_day,Salary cost per resident day,dollar,Labor,FALSE,Same state + same rural/urban + same bed-size band,24,2019,110.09011559330031,119.57365623154165,153.17659166393787,180.13903029291495,TRUE,23966,TRUE
465078,salary_cost_per_day,Salary cost per resident day,dollar,Labor,FALSE,Same state + same rural/urban + same bed-size band,24,2020,115.99499657452681,143.4801264466756,170.39711622603298,181.25164930160608,TRUE,21979,TRUE
465078,salary_cost_per_day,Salary cost per resident day,dollar,Labor,FALSE,Same state + same rural/urban + same bed-size band,24,2021,119.60699127564254,149.97750203941436,174.16227401437595,190.40866079914053,TRUE,24201,TRUE
465078,salary_cost_per_day,Salary cost per resident day,dollar,Labor,FALSE,Same state + same rural/urban + same bed-size band,24,2022,117.49319549901499,156.04139861606774,184.23453640903432,193.95128114019502,TRUE,25329,TRUE
465078,salary_cost_per_day,Salary cost per resident day,dollar,Labor,FALSE,Same state + same rural/urban + same bed-size band,24,2023,134.7582728862473,167.08636521239032,195.7916376503466,227.94541121283197,TRUE,26434,TRUE
465078,contract_labor_per_day,Contract labor per resident day,dollar,Labor,FALSE,Same state + same rural/urban + same bed-size band,24,2011,4.900595309441049,17.49563328657405,20.022473294987673,NA,TRUE,29126,TRUE
465078,contract_labor_per_day,Contract labor per resident day,dollar,Labor,FALSE,Same state + same rural/urban + same bed-size band,24,2012,3.739157406413684,16.59715585016186,19.54971691691616,NA,TRUE,36795,TRUE
465078,contract_labor_per_day,Contract labor per resident day,dollar,Labor,FALSE,Same state + same rural/urban + same bed-size band,24,2013,0.7774997624552624,17.537466843501328,21.20636385611005,NA,TRUE,27936,TRUE
465078,contract_labor_per_day,Contract labor per resident day,dollar,Labor,FALSE,Same state + same rural/urban + same bed-size band,24,2014,2.796845254283383,16.56057543692783,22.933525587760887,NA,TRUE,27893,TRUE
465078,contract_labor_per_day,Contract labor per resident day,dollar,Labor,FALSE,Same state + same rural/urban + same bed-size band,24,2015,0.6510361313630872,16.460484635169895,21.364168899382253,NA,TRUE,27884,TRUE
465078,contract_labor_per_day,Contract labor per resident day,dollar,Labor,FALSE,Same state + same rural/urban + same bed-size band,24,2016,1.7156765647013783,5.0421926910299,21.756428176344087,NA,TRUE,27167,TRUE
465078,contract_labor_per_day,Contract labor per resident day,dollar,Labor,FALSE,Same state + same rural/urban + same bed-size band,24,2017,3.583325904053333,17.220715791472603,35.62676885038624,NA,TRUE,17527,TRUE
465078,contract_labor_per_day,Contract labor per resident day,dollar,Labor,FALSE,Same state + same rural/urban + same bed-size band,24,2017,3.583325904053333,17.220715791472603,35.62676885038624,NA,TRUE,27520,TRUE
465078,contract_labor_per_day,Contract labor per resident day,dollar,Labor,FALSE,Same state + same rural/urban + same bed-size band,24,2018,6.728965043554675,16.81881034644138,28.283787679044902,NA,TRUE,26958,TRUE
465078,contract_labor_per_day,Contract labor per resident day,dollar,Labor,FALSE,Same state + same rural/urban + same bed-size band,24,2019,16.225312251485242,21.979851829604044,35.856146864686465,NA,TRUE,23966,TRUE
465078,contract_labor_per_day,Contract labor per resident day,dollar,Labor,FALSE,Same state + same rural/urban + same bed-size band,24,2020,1.331990565005139,14.196893319586064,24.631551432975776,0.13699440374903316,TRUE,21979,TRUE
465078,contract_labor_per_day,Contract labor per resident day,dollar,Labor,FALSE,Same state + same rural/urban + same bed-size band,24,2021,9.60455687846931,23.060719939782295,62.85911035556578,6.281062766001405,TRUE,24201,TRUE
465078,contract_labor_per_day,Contract labor per resident day,dollar,Labor,FALSE,Same state + same rural/urban + same bed-size band,24,2022,9.570624795811732,39.95241396507181,80.54012611101794,10.942555963520077,TRUE,25329,TRUE
465078,contract_labor_per_day,Contract labor per resident day,dollar,Labor,FALSE,Same state + same rural/urban + same bed-size band,24,2023,10.16149914525308,21.409181108612252,42.53030582312387,8.242906862374214,TRUE,26434,TRUE
465078,contract_labor_ratio,Contract labor ratio,percent,Labor,FALSE,Same state + same rural/urban + same bed-size band,24,2011,0.03493130047519805,0.15520002119451143,0.18696238631995452,NA,TRUE,29126,TRUE
465078,contract_labor_ratio,Contract labor ratio,percent,Labor,FALSE,Same state + same rural/urban + same bed-size band,24,2012,0.026448275490631952,0.16168159786747335,0.17081727581771708,NA,TRUE,36795,TRUE
465078,contract_labor_ratio,Contract labor ratio,percent,Labor,FALSE,Same state + same rural/urban + same bed-size band,24,2013,0.006027502875881026,0.13590107676307084,0.18488139105568543,NA,TRUE,27936,TRUE
465078,contract_labor_ratio,Contract labor ratio,percent,Labor,FALSE,Same state + same rural/urban + same bed-size band,24,2014,0.020293220771544062,0.12347882081719716,0.18440033235614653,NA,TRUE,27893,TRUE
465078,contract_labor_ratio,Contract labor ratio,percent,Labor,FALSE,Same state + same rural/urban + same bed-size band,24,2015,0.005008301533655669,0.11617504806777258,0.18226286985570486,NA,TRUE,27884,TRUE
465078,contract_labor_ratio,Contract labor ratio,percent,Labor,FALSE,Same state + same rural/urban + same bed-size band,24,2016,0.013681124606162842,0.03446850550174307,0.13428081151628107,NA,TRUE,27167,TRUE
465078,contract_labor_ratio,Contract labor ratio,percent,Labor,FALSE,Same state + same rural/urban + same bed-size band,24,2017,0.02347518339643289,0.10674663445643875,0.23961584646099227,NA,TRUE,17527,TRUE
465078,contract_labor_ratio,Contract labor ratio,percent,Labor,FALSE,Same state + same rural/urban + same bed-size band,24,2017,0.02347518339643289,0.10674663445643875,0.23961584646099227,NA,TRUE,27520,TRUE
465078,contract_labor_ratio,Contract labor ratio,percent,Labor,FALSE,Same state + same rural/urban + same bed-size band,24,2018,0.043817722527046014,0.10074590177393167,0.2210330249003925,NA,TRUE,26958,TRUE
465078,contract_labor_ratio,Contract labor ratio,percent,Labor,FALSE,Same state + same rural/urban + same bed-size band,24,2019,0.09577998757077733,0.17201039332955995,0.2365533487278841,NA,TRUE,23966,TRUE
465078,contract_labor_ratio,Contract labor ratio,percent,Labor,FALSE,Same state + same rural/urban + same bed-size band,24,2020,0.008739467702691938,0.08218024891043715,0.1741859654432993,7.552534764610994e-4,TRUE,21979,TRUE
465078,contract_labor_ratio,Contract labor ratio,percent,Labor,FALSE,Same state + same rural/urban + same bed-size band,24,2021,0.051226610033228044,0.10515908719488679,0.33451717273333986,0.03193386340756726,TRUE,24201,TRUE
465078,contract_labor_ratio,Contract labor ratio,percent,Labor,FALSE,Same state + same rural/urban + same bed-size band,24,2022,0.046581607388451046,0.20666910371349012,0.32966689198963134,0.053405979009417785,TRUE,25329,TRUE
465078,contract_labor_ratio,Contract labor ratio,percent,Labor,FALSE,Same state + same rural/urban + same bed-size band,24,2023,0.05043688425260545,0.08201701278300157,0.20944066634713954,0.03489972293951279,TRUE,26434,TRUE
465078,days_cash_on_hand,Days cash on hand,number,Liquidity,TRUE,Same state + same rural/urban + same bed-size band,24,2011,0.16530385416144355,0.5667920968875247,3.093625381032543,10.087001765016838,TRUE,29126,TRUE
465078,days_cash_on_hand,Days cash on hand,number,Liquidity,TRUE,Same state + same rural/urban + same bed-size band,24,2012,0.10711123655207895,1.1013062918059229,7.459530677943362,2.7635321147648457,TRUE,36795,TRUE
465078,days_cash_on_hand,Days cash on hand,number,Liquidity,TRUE,Same state + same rural/urban + same bed-size band,24,2013,0.10302492585668942,0.8216070403802174,9.420622469229983,0.3694751919567928,TRUE,27936,TRUE
465078,days_cash_on_hand,Days cash on hand,number,Liquidity,TRUE,Same state + same rural/urban + same bed-size band,24,2014,0.23880052841938282,1.1852546121688416,20.479495666005793,0.8678997654623426,TRUE,27893,TRUE
465078,days_cash_on_hand,Days cash on hand,number,Liquidity,TRUE,Same state + same rural/urban + same bed-size band,24,2015,0.588166897334949,1.3755498522212193,6.367443175988638,7.847098370479452,TRUE,27884,TRUE
465078,days_cash_on_hand,Days cash on hand,number,Liquidity,TRUE,Same state + same rural/urban + same bed-size band,24,2016,0.147495495434413,0.8091799321802667,10.94723200871037,2.454109536162292,TRUE,27167,TRUE
465078,days_cash_on_hand,Days cash on hand,number,Liquidity,TRUE,Same state + same rural/urban + same bed-size band,24,2017,0.032439600130824905,4.630424658359317,14.85171977975715,12.564827210323426,TRUE,17527,TRUE
465078,days_cash_on_hand,Days cash on hand,number,Liquidity,TRUE,Same state + same rural/urban + same bed-size band,24,2017,0.032439600130824905,4.630424658359317,14.85171977975715,11.500352798767965,TRUE,27520,TRUE
465078,days_cash_on_hand,Days cash on hand,number,Liquidity,TRUE,Same state + same rural/urban + same bed-size band,24,2018,-1.2626689525930213,0.11246823783089609,7.567593903845999,34.26896341855694,TRUE,26958,TRUE
465078,days_cash_on_hand,Days cash on hand,number,Liquidity,TRUE,Same state + same rural/urban + same bed-size band,24,2019,5.793202129103604,22.956019675602747,39.925264444177934,58.15179629257665,TRUE,23966,TRUE
465078,days_cash_on_hand,Days cash on hand,number,Liquidity,TRUE,Same state + same rural/urban + same bed-size band,24,2020,5.706361576733496,28.263131883222144,41.54671757751639,67.50527619868782,TRUE,21979,TRUE
465078,days_cash_on_hand,Days cash on hand,number,Liquidity,TRUE,Same state + same rural/urban + same bed-size band,24,2021,2.1631645795743553,8.221614579304795,31.147282480840587,83.189071388542,TRUE,24201,TRUE
465078,days_cash_on_hand,Days cash on hand,number,Liquidity,TRUE,Same state + same rural/urban + same bed-size band,24,2022,6.48766164824953,10.815046055831568,12.334601325770656,104.66229850631476,TRUE,25329,TRUE
465078,days_cash_on_hand,Days cash on hand,number,Liquidity,TRUE,Same state + same rural/urban + same bed-size band,24,2023,0.951676829037241,16.66938674877047,44.20226526489033,77.45156658834495,TRUE,26434,TRUE
465078,current_ratio,Current ratio,number,Liquidity,TRUE,Same state + same rural/urban + same bed-size band,24,2011,0.6263805330167193,1.123348771834694,2.28401661489573,1.5681213689831035,TRUE,29126,TRUE
465078,current_ratio,Current ratio,number,Liquidity,TRUE,Same state + same rural/urban + same bed-size band,24,2012,0.7105159540861542,1.4447588071711617,2.095849376567042,1.7130052103050517,TRUE,36795,TRUE
465078,current_ratio,Current ratio,number,Liquidity,TRUE,Same state + same rural/urban + same bed-size band,24,2013,0.7544573551154813,1.3514347169728649,2.3542007635831945,1.6353268651951332,TRUE,27936,TRUE
465078,current_ratio,Current ratio,number,Liquidity,TRUE,Same state + same rural/urban + same bed-size band,24,2014,0.15347588520700653,1.0976405274386698,2.207422514191317,3.566390798056655,TRUE,27893,TRUE
465078,current_ratio,Current ratio,number,Liquidity,TRUE,Same state + same rural/urban + same bed-size band,24,2015,0.160686601262422,1.0377573751459033,2.2253951368873492,3.7873736302254364,TRUE,27884,TRUE
465078,current_ratio,Current ratio,number,Liquidity,TRUE,Same state + same rural/urban + same bed-size band,24,2016,0.3131246115449813,0.7884033735959118,1.2648977033885274,1.6821989494389038,TRUE,27167,TRUE
465078,current_ratio,Current ratio,number,Liquidity,TRUE,Same state + same rural/urban + same bed-size band,24,2017,0.8186125790328755,1.3781308011117552,2.31266083684688,1.9356234463484592,TRUE,17527,TRUE
465078,current_ratio,Current ratio,number,Liquidity,TRUE,Same state + same rural/urban + same bed-size band,24,2017,0.8186125790328755,1.3781308011117552,2.31266083684688,2.025534889387031,TRUE,27520,TRUE
465078,current_ratio,Current ratio,number,Liquidity,TRUE,Same state + same rural/urban + same bed-size band,24,2018,1.2093011585392075,1.4762284837868846,2.5099543384956564,0.8870730201560376,TRUE,26958,TRUE
465078,current_ratio,Current ratio,number,Liquidity,TRUE,Same state + same rural/urban + same bed-size band,24,2019,0.9011723784109085,1.5149078410717083,2.5826198832419056,3.1329562576157355,TRUE,23966,TRUE
465078,current_ratio,Current ratio,number,Liquidity,TRUE,Same state + same rural/urban + same bed-size band,24,2020,1.1696515853426215,2.2772483359728057,6.193942260857525,6.045906375642312,TRUE,21979,TRUE
465078,current_ratio,Current ratio,number,Liquidity,TRUE,Same state + same rural/urban + same bed-size band,24,2021,1.1000380873420152,1.3281977711015958,5.994493023700306,8.293382597143806,TRUE,24201,TRUE
465078,current_ratio,Current ratio,number,Liquidity,TRUE,Same state + same rural/urban + same bed-size band,24,2022,0.7489929312966388,1.2784949389391342,6.211963809834418,5.543859521888513,TRUE,25329,TRUE
465078,current_ratio,Current ratio,number,Liquidity,TRUE,Same state + same rural/urban + same bed-size band,24,2023,1.1167934266281176,1.9162266054861892,5.095031494331182,1.4957574643147453,TRUE,26434,TRUE
465078,days_accounts_receivable,Days accounts receivable,number,Liquidity,FALSE,Same state + same rural/urban + same bed-size band,24,2011,39.5082353773177,48.854573751561766,53.15309704193055,53.52743264479715,TRUE,29126,TRUE
465078,days_accounts_receivable,Days accounts receivable,number,Liquidity,FALSE,Same state + same rural/urban + same bed-size band,24,2012,42.29271192652109,48.7486247859901,62.54936585782892,59.71582254111647,TRUE,36795,TRUE
465078,days_accounts_receivable,Days accounts receivable,number,Liquidity,FALSE,Same state + same rural/urban + same bed-size band,24,2013,38.87769291897506,44.19755539316793,55.699161466525304,60.389391315996185,TRUE,27936,TRUE
465078,days_accounts_receivable,Days accounts receivable,number,Liquidity,FALSE,Same state + same rural/urban + same bed-size band,24,2014,35.78488243925692,45.16139261527131,55.47550578864521,56.895595883954414,TRUE,27893,TRUE
465078,days_accounts_receivable,Days accounts receivable,number,Liquidity,FALSE,Same state + same rural/urban + same bed-size band,24,2015,35.913235050049465,44.36057255300746,60.38727341987551,49.96186674282695,TRUE,27884,TRUE
465078,days_accounts_receivable,Days accounts receivable,number,Liquidity,FALSE,Same state + same rural/urban + same bed-size band,24,2016,35.49654851777219,49.81276463707135,117.41595415095676,45.386474251660204,TRUE,27167,TRUE
465078,days_accounts_receivable,Days accounts receivable,number,Liquidity,FALSE,Same state + same rural/urban + same bed-size band,24,2017,43.80182823381687,52.23218618818282,59.77571122808553,69.58125919791043,TRUE,17527,TRUE
465078,days_accounts_receivable,Days accounts receivable,number,Liquidity,FALSE,Same state + same rural/urban + same bed-size band,24,2017,43.80182823381687,52.23218618818282,59.77571122808553,80.61385161337483,TRUE,27520,TRUE
465078,days_accounts_receivable,Days accounts receivable,number,Liquidity,FALSE,Same state + same rural/urban + same bed-size band,24,2018,43.45314891263628,47.654655115648545,55.159572715049975,44.78177726760462,TRUE,26958,TRUE
465078,days_accounts_receivable,Days accounts receivable,number,Liquidity,FALSE,Same state + same rural/urban + same bed-size band,24,2019,44.07710416599204,52.22072925276698,68.54062164587776,41.460570320887506,TRUE,23966,TRUE
465078,days_accounts_receivable,Days accounts receivable,number,Liquidity,FALSE,Same state + same rural/urban + same bed-size band,24,2020,37.50496055814378,52.87606436953606,63.489976115235265,61.795530058841045,TRUE,21979,TRUE
465078,days_accounts_receivable,Days accounts receivable,number,Liquidity,FALSE,Same state + same rural/urban + same bed-size band,24,2021,37.83671306484494,64.01618148874468,81.22825606931873,74.10693832232599,TRUE,24201,TRUE
465078,days_accounts_receivable,Days accounts receivable,number,Liquidity,FALSE,Same state + same rural/urban + same bed-size band,24,2022,39.134655603514034,44.99072321344864,59.5546785054031,85.58822554055796,TRUE,25329,TRUE
465078,days_accounts_receivable,Days accounts receivable,number,Liquidity,FALSE,Same state + same rural/urban + same bed-size band,24,2023,39.07067830618914,54.61889458511984,72.99430467651683,58.21160027656978,TRUE,26434,TRUE
465078,debt_to_assets,Debt to assets,percent,Solvency,FALSE,Same state + same rural/urban + same bed-size band,24,2011,0.4181145785874562,0.7818522117127398,1.1700455880866745,0.5801797516654128,TRUE,29126,TRUE
465078,debt_to_assets,Debt to assets,percent,Solvency,FALSE,Same state + same rural/urban + same bed-size band,24,2012,0.4540069850465295,0.80375305272826,1.1258432161456216,0.5341248678664656,TRUE,36795,TRUE
465078,debt_to_assets,Debt to assets,percent,Solvency,FALSE,Same state + same rural/urban + same bed-size band,24,2013,0.4720434702427813,0.63987478044010615,1.0334114467956612,0.5586467139818718,TRUE,27936,TRUE
465078,debt_to_assets,Debt to assets,percent,Solvency,FALSE,Same state + same rural/urban + same bed-size band,24,2014,0.42204924247598896,0.8407828919255315,1.0432807137984073,0.5570214685516859,TRUE,27893,TRUE
465078,debt_to_assets,Debt to assets,percent,Solvency,FALSE,Same state + same rural/urban + same bed-size band,24,2015,0.42669666790024763,0.898828803779797,1.0675769242079456,0.3629366836797572,TRUE,27884,TRUE
465078,debt_to_assets,Debt to assets,percent,Solvency,FALSE,Same state + same rural/urban + same bed-size band,24,2016,0.28733144367833885,0.8691820857863751,1.0677312216983759,0.3786614079863729,TRUE,27167,TRUE
465078,debt_to_assets,Debt to assets,percent,Solvency,FALSE,Same state + same rural/urban + same bed-size band,24,2017,0.23011173836079787,0.5732854619834853,1.0310615896113529,0.45951081709669944,TRUE,17527,TRUE
465078,debt_to_assets,Debt to assets,percent,Solvency,FALSE,Same state + same rural/urban + same bed-size band,24,2017,0.23011173836079787,0.5732854619834853,1.0310615896113529,1.0389133015423873,TRUE,27520,TRUE
465078,debt_to_assets,Debt to assets,percent,Solvency,FALSE,Same state + same rural/urban + same bed-size band,24,2018,0.33129134120639214,0.5682767421616319,0.8253158662715798,1.102606303128909,TRUE,26958,TRUE
465078,debt_to_assets,Debt to assets,percent,Solvency,FALSE,Same state + same rural/urban + same bed-size band,24,2019,0.40749491816442174,0.5661005594025819,1,0.30960811525949516,TRUE,23966,TRUE
465078,debt_to_assets,Debt to assets,percent,Solvency,FALSE,Same state + same rural/urban + same bed-size band,24,2020,0.22866583782734343,0.5153183210693643,0.9960803987613479,0.23058910154691448,TRUE,21979,TRUE
465078,debt_to_assets,Debt to assets,percent,Solvency,FALSE,Same state + same rural/urban + same bed-size band,24,2021,0.2585545783471676,0.49109404469511275,0.9581813521559968,0.30437152309516685,TRUE,24201,TRUE
465078,debt_to_assets,Debt to assets,percent,Solvency,FALSE,Same state + same rural/urban + same bed-size band,24,2022,0.28825515107892163,0.7335034888809712,1,0.43314629964472773,TRUE,25329,TRUE
465078,debt_to_assets,Debt to assets,percent,Solvency,FALSE,Same state + same rural/urban + same bed-size band,24,2023,0.32625963813016934,0.49608984064038786,0.9826139872003088,0.6498487145461873,TRUE,26434,TRUE
465143,occupancy_rate,Occupancy rate,percent,Utilization,TRUE,Same state + same rural/urban fallback,12,2011,0.5308910449425672,0.6166376089663761,0.7463760896637609,0.6407305936073059,TRUE,28064,TRUE
465143,occupancy_rate,Occupancy rate,percent,Utilization,TRUE,Same state + same rural/urban fallback,12,2012,0.5544074589439202,0.6574453551912569,0.7351889799635701,0.6648858447488585,TRUE,29122,TRUE
465143,occupancy_rate,Occupancy rate,percent,Utilization,TRUE,Same state + same rural/urban fallback,12,2013,0.5427989130434783,0.6088147706968433,0.7403486924034869,0.6262557077625571,TRUE,27430,TRUE
465143,occupancy_rate,Occupancy rate,percent,Utilization,TRUE,Same state + same rural/urban fallback,12,2014,0.5734365693865396,0.7098541758727354,0.8736152471709351,0.6115753424657534,TRUE,26787,TRUE
465143,occupancy_rate,Occupancy rate,percent,Utilization,TRUE,Same state + same rural/urban fallback,12,2015,0.6104041916167665,0.6812204234122042,0.7658509454949944,0.5994292237442922,TRUE,26255,TRUE
465143,occupancy_rate,Occupancy rate,percent,Utilization,TRUE,Same state + same rural/urban fallback,12,2016,0.4644875190293871,0.5693110168520005,0.6751598418297942,0.5611979166666666,TRUE,2155,TRUE
465143,occupancy_rate,Occupancy rate,percent,Utilization,TRUE,Same state + same rural/urban fallback,12,2016,0.4644875190293871,0.5693110168520005,0.6751598418297942,0.5626111111111111,TRUE,10127,TRUE
465143,occupancy_rate,Occupancy rate,percent,Utilization,TRUE,Same state + same rural/urban fallback,12,2016,0.4644875190293871,0.5693110168520005,0.6751598418297942,0.5829680365296803,TRUE,25534,TRUE
465143,occupancy_rate,Occupancy rate,percent,Utilization,TRUE,Same state + same rural/urban fallback,12,2017,0.44915838564566546,0.5497907153729071,0.6730707762557078,0.5210502283105023,TRUE,22822,TRUE
465143,occupancy_rate,Occupancy rate,percent,Utilization,TRUE,Same state + same rural/urban fallback,12,2018,0.5367903348554033,0.5697141728134879,0.6605085097550851,0.25187214611872144,TRUE,11032,TRUE
465143,occupancy_rate,Occupancy rate,percent,Utilization,TRUE,Same state + same rural/urban fallback,12,2019,0.5168268179343,0.5893175863735037,0.7144748858447489,0.5378187613843352,TRUE,23621,TRUE
465143,occupancy_rate,Occupancy rate,percent,Utilization,TRUE,Same state + same rural/urban fallback,12,2020,0.4284438332832674,0.5257768134576235,0.702702647946182,0.5881050228310503,TRUE,25759,TRUE
465143,occupancy_rate,Occupancy rate,percent,Utilization,TRUE,Same state + same rural/urban fallback,12,2021,0.4121925680995119,0.539822723609992,0.7143537820131031,0.5874429223744292,TRUE,25730,TRUE
465143,occupancy_rate,Occupancy rate,percent,Utilization,TRUE,Same state + same rural/urban fallback,12,2022,0.4220319634703197,0.549809293580446,0.6820062785388128,0.6071461187214612,TRUE,26593,TRUE
465143,occupancy_rate,Occupancy rate,percent,Utilization,TRUE,Same state + same rural/urban fallback,12,2023,0.46301347153083106,0.6403411227504701,0.7105414685426208,0.5753870673952641,TRUE,25271,TRUE
465143,medicare_day_share,Medicare day share,percent,Payer mix,TRUE,Same state + same rural/urban fallback,12,2011,0.08161888701517707,0.09960416834962436,0.18282051282051281,0.16661915621436715,TRUE,28064,TRUE
465143,medicare_day_share,Medicare day share,percent,Payer mix,TRUE,Same state + same rural/urban fallback,12,2012,0.1076312292382815,0.11999472966311438,0.15768643431293408,0.15750978641576815,TRUE,29122,TRUE
465143,medicare_day_share,Medicare day share,percent,Payer mix,TRUE,Same state + same rural/urban fallback,12,2013,0.07003217025488741,0.09021195015443605,0.17092564491654022,0.17772511848341233,TRUE,27430,TRUE
465143,medicare_day_share,Medicare day share,percent,Payer mix,TRUE,Same state + same rural/urban fallback,12,2014,0.07706673306772908,0.09526684375754649,0.15996448052771786,0.22615447791839324,TRUE,26787,TRUE
465143,medicare_day_share,Medicare day share,percent,Payer mix,TRUE,Same state + same rural/urban fallback,12,2015,0.07167271950437941,0.09898892633606163,0.16833248987854252,0.20308512664254427,TRUE,26255,TRUE
465143,medicare_day_share,Medicare day share,percent,Payer mix,TRUE,Same state + same rural/urban fallback,12,2016,0.09753121068754222,0.12471711186063814,0.20832785561604614,0.17215777262180976,TRUE,2155,TRUE
465143,medicare_day_share,Medicare day share,percent,Payer mix,TRUE,Same state + same rural/urban fallback,12,2016,0.09753121068754222,0.12471711186063814,0.20832785561604614,0.21250123432408413,TRUE,10127,TRUE
465143,medicare_day_share,Medicare day share,percent,Payer mix,TRUE,Same state + same rural/urban fallback,12,2016,0.09753121068754222,0.12471711186063814,0.20832785561604614,0.21958956685204042,TRUE,25534,TRUE
465143,medicare_day_share,Medicare day share,percent,Payer mix,TRUE,Same state + same rural/urban fallback,12,2017,0.10214062070437385,0.148885729365979,0.18846722770231233,0.10297081763210937,TRUE,22822,TRUE
465143,medicare_day_share,Medicare day share,percent,Payer mix,TRUE,Same state + same rural/urban fallback,12,2018,0.09096884869979069,0.145178568633475,0.23661086186348762,0.2041334300217549,TRUE,11032,TRUE
465143,medicare_day_share,Medicare day share,percent,Payer mix,TRUE,Same state + same rural/urban fallback,12,2019,0.0806921495445955,0.13506384472867053,0.25948270904076537,0.08793023157359976,TRUE,23621,TRUE
465143,medicare_day_share,Medicare day share,percent,Payer mix,TRUE,Same state + same rural/urban fallback,12,2020,0.07482775599966328,0.12118425598992008,0.22666605088856018,0.0937148181218215,TRUE,25759,TRUE
465143,medicare_day_share,Medicare day share,percent,Payer mix,TRUE,Same state + same rural/urban fallback,12,2021,0.08485960872552456,0.1268530810589733,0.2508248410538738,0.08593082005441119,TRUE,25730,TRUE
465143,medicare_day_share,Medicare day share,percent,Payer mix,TRUE,Same state + same rural/urban fallback,12,2022,0.09238471092555739,0.14431179891158802,0.23638720988515155,0.07505734591809875,TRUE,26593,TRUE
465143,medicare_day_share,Medicare day share,percent,Payer mix,TRUE,Same state + same rural/urban fallback,12,2023,0.07680448821752302,0.115871826038652,0.19966583371149735,0.08614617545803491,TRUE,25271,TRUE
465143,medicaid_day_share,Medicaid day share,percent,Payer mix,FALSE,Same state + same rural/urban fallback,12,2011,0.5925559431792263,0.62393520302166,0.6853600916159546,0.5994156214367161,TRUE,28064,TRUE
465143,medicaid_day_share,Medicaid day share,percent,Payer mix,FALSE,Same state + same rural/urban fallback,12,2012,0.5546503106664039,0.6117905100825531,0.6642107828685732,0.5501682576746103,TRUE,29122,TRUE
465143,medicaid_day_share,Medicaid day share,percent,Payer mix,FALSE,Same state + same rural/urban fallback,12,2013,0.5793039392449325,0.6563453990405582,0.7064175664199928,0.5416332482683194,TRUE,27430,TRUE
465143,medicaid_day_share,Medicaid day share,percent,Payer mix,FALSE,Same state + same rural/urban fallback,12,2014,0.5548400498545908,0.6303343674594968,0.6701663485137714,0.5108821443237391,TRUE,26787,TRUE
465143,medicaid_day_share,Medicaid day share,percent,Payer mix,FALSE,Same state + same rural/urban fallback,12,2015,0.5300070732901682,0.597303803562831,0.654125991737048,0.47316701580651305,TRUE,26255,TRUE
465143,medicaid_day_share,Medicaid day share,percent,Payer mix,FALSE,Same state + same rural/urban fallback,12,2016,0.5356142708727434,0.5973823236944296,0.6264150586638509,0.5211136890951276,TRUE,2155,TRUE
465143,medicaid_day_share,Medicaid day share,percent,Payer mix,FALSE,Same state + same rural/urban fallback,12,2016,0.5356142708727434,0.5973823236944296,0.6264150586638509,0.5639379875580133,TRUE,10127,TRUE
465143,medicaid_day_share,Medicaid day share,percent,Payer mix,FALSE,Same state + same rural/urban fallback,12,2016,0.5356142708727434,0.5973823236944296,0.6264150586638509,0.6137698754601707,TRUE,25534,TRUE
465143,medicaid_day_share,Medicaid day share,percent,Payer mix,FALSE,Same state + same rural/urban fallback,12,2017,0.45896493443890196,0.5661304263963862,0.6672268655807928,0.5535886425379021,TRUE,22822,TRUE
465143,medicaid_day_share,Medicaid day share,percent,Payer mix,FALSE,Same state + same rural/urban fallback,12,2018,0.46892421853370664,0.5066393232504486,0.660777926105924,0.5642675852066715,TRUE,11032,TRUE
465143,medicaid_day_share,Medicaid day share,percent,Payer mix,FALSE,Same state + same rural/urban fallback,12,2019,0.4948323583153038,0.5636778044441138,0.6604918961716886,0.6196604716142415,TRUE,23621,TRUE
465143,medicaid_day_share,Medicaid day share,percent,Payer mix,FALSE,Same state + same rural/urban fallback,12,2020,0.5844145241419784,0.636343174291929,0.7311389838271676,0.6855856205598043,TRUE,25759,TRUE
465143,medicaid_day_share,Medicaid day share,percent,Payer mix,FALSE,Same state + same rural/urban fallback,12,2021,0.5715185958197031,0.6271729605219141,0.6791070929018294,0.7110376991838321,TRUE,25730,TRUE
465143,medicaid_day_share,Medicaid day share,percent,Payer mix,FALSE,Same state + same rural/urban fallback,12,2022,0.5545057397388012,0.6338815340240944,0.6822339863800249,0.7234234573007935,TRUE,26593,TRUE
465143,medicaid_day_share,Medicaid day share,percent,Payer mix,FALSE,Same state + same rural/urban fallback,12,2023,0.5518830394278059,0.6128748542038898,0.6754206657116197,0.6839064540382256,TRUE,25271,TRUE
465143,other_day_share,Other/private day share,percent,Payer mix,TRUE,Same state + same rural/urban fallback,12,2011,0.21903846153846154,0.2506664512480814,0.3328274311410905,0.23396522234891676,TRUE,28064,TRUE
465143,other_day_share,Other/private day share,percent,Payer mix,TRUE,Same state + same rural/urban fallback,12,2012,0.18475270683918968,0.24331382338960306,0.298623610467577,0.29232195590962157,TRUE,29122,TRUE
465143,other_day_share,Other/private day share,percent,Payer mix,TRUE,Same state + same rural/urban fallback,12,2013,0.15892320306094562,0.243236685672692,0.26105538595726124,0.2806416332482683,TRUE,27430,TRUE
465143,other_day_share,Other/private day share,percent,Payer mix,TRUE,Same state + same rural/urban fallback,12,2014,0.19659810126582278,0.2587913244893662,0.28495532480077274,0.2629633777578676,TRUE,26787,TRUE
465143,other_day_share,Other/private day share,percent,Payer mix,TRUE,Same state + same rural/urban fallback,12,2015,0.18506595972984916,0.26289034132171385,0.3037072701011074,0.32374785755094265,TRUE,26255,TRUE
465143,other_day_share,Other/private day share,percent,Payer mix,TRUE,Same state + same rural/urban fallback,12,2016,0.18948805207711594,0.23434376242374624,0.3039365278419929,0.3067285382830626,TRUE,2155,TRUE
465143,other_day_share,Other/private day share,percent,Payer mix,TRUE,Same state + same rural/urban fallback,12,2016,0.18948805207711594,0.23434376242374624,0.3039365278419929,0.22356077811790265,TRUE,10127,TRUE
465143,other_day_share,Other/private day share,percent,Payer mix,TRUE,Same state + same rural/urban fallback,12,2016,0.18948805207711594,0.23434376242374624,0.3039365278419929,0.16664055768778882,TRUE,25534,TRUE
465143,other_day_share,Other/private day share,percent,Payer mix,TRUE,Same state + same rural/urban fallback,12,2017,0.1778157710328887,0.22527712631942098,0.33447362749068144,0.3434405398299886,TRUE,22822,TRUE
465143,other_day_share,Other/private day share,percent,Payer mix,TRUE,Same state + same rural/urban fallback,12,2018,0.23327870797416345,0.2646422581219299,0.33801525271009947,0.2315989847715736,TRUE,11032,TRUE
465143,other_day_share,Other/private day share,percent,Payer mix,TRUE,Same state + same rural/urban fallback,12,2019,0.1902980116213178,0.22528483885610812,0.2542839510567314,0.29240929681215866,TRUE,23621,TRUE
465143,other_day_share,Other/private day share,percent,Payer mix,TRUE,Same state + same rural/urban fallback,12,2020,0.15273864086986152,0.1808594008251418,0.23869932918046796,0.22069956131837415,TRUE,25759,TRUE
465143,other_day_share,Other/private day share,percent,Payer mix,TRUE,Same state + same rural/urban fallback,12,2021,0.1283968078714927,0.18472208328497136,0.2568580911840549,0.2030314807617567,TRUE,25730,TRUE
465143,other_day_share,Other/private day share,percent,Payer mix,TRUE,Same state + same rural/urban fallback,12,2022,0.15570938100779674,0.20186583923613977,0.25541024707116244,0.2015191967811078,TRUE,26593,TRUE
465143,other_day_share,Other/private day share,percent,Payer mix,TRUE,Same state + same rural/urban fallback,12,2023,0.19441342972191988,0.21969244320722847,0.27539736576264473,0.22994737050373945,TRUE,25271,TRUE
465143,net_patient_revenue_per_day,Net patient revenue per resident day,dollar,Revenue,TRUE,Same state + same rural/urban fallback,12,2011,178.57479894550673,199.76000420123935,225.2009745818517,237.47448688711518,TRUE,28064,TRUE
465143,net_patient_revenue_per_day,Net patient revenue per resident day,dollar,Revenue,TRUE,Same state + same rural/urban fallback,12,2012,181.04591916013783,198.90493042219515,217.35911927919062,236.74943341803447,TRUE,29122,TRUE
465143,net_patient_revenue_per_day,Net patient revenue per resident day,dollar,Revenue,TRUE,Same state + same rural/urban fallback,12,2013,183.25167037861917,199.50963802878326,228.18474100535852,246.04855997083484,TRUE,27430,TRUE
465143,net_patient_revenue_per_day,Net patient revenue per resident day,dollar,Revenue,TRUE,Same state + same rural/urban fallback,12,2014,184.8786204694236,197.45653223858972,241.35396925668562,260.55773322880503,TRUE,26787,TRUE
465143,net_patient_revenue_per_day,Net patient revenue per resident day,dollar,Revenue,TRUE,Same state + same rural/urban fallback,12,2015,193.61017878688165,218.81531054405392,250.63119358707314,265.5539516282613,TRUE,26255,TRUE
465143,net_patient_revenue_per_day,Net patient revenue per resident day,dollar,Revenue,TRUE,Same state + same rural/urban fallback,12,2016,201.8404653429629,241.79219490047643,281.22674327914217,263.0227378190255,TRUE,2155,TRUE
465143,net_patient_revenue_per_day,Net patient revenue per resident day,dollar,Revenue,TRUE,Same state + same rural/urban fallback,12,2016,201.8404653429629,241.79219490047643,281.22674327914217,299.3326750271551,TRUE,10127,TRUE
465143,net_patient_revenue_per_day,Net patient revenue per resident day,dollar,Revenue,TRUE,Same state + same rural/urban fallback,12,2016,201.8404653429629,241.79219490047643,281.22674327914217,279.5119448578366,TRUE,25534,TRUE
465143,net_patient_revenue_per_day,Net patient revenue per resident day,dollar,Revenue,TRUE,Same state + same rural/urban fallback,12,2017,214.39515210293922,233.04434159055427,299.7329547657931,248.7116378932609,TRUE,22822,TRUE
465143,net_patient_revenue_per_day,Net patient revenue per resident day,dollar,Revenue,TRUE,Same state + same rural/urban fallback,12,2018,253.51392767530598,300.468658838519,311.88837511818,288.31798404641046,TRUE,11032,TRUE
465143,net_patient_revenue_per_day,Net patient revenue per resident day,dollar,Revenue,TRUE,Same state + same rural/urban fallback,12,2019,296.13273445286336,319.82773906756137,348.4592609390502,305.8701155751238,TRUE,23621,TRUE
465143,net_patient_revenue_per_day,Net patient revenue per resident day,dollar,Revenue,TRUE,Same state + same rural/urban fallback,12,2020,320.08563771529504,329.60767032638057,346.3961763241899,322.41488411817227,TRUE,25759,TRUE
465143,net_patient_revenue_per_day,Net patient revenue per resident day,dollar,Revenue,TRUE,Same state + same rural/urban fallback,12,2021,325.6945133757673,338.02129825411225,405.21556233531004,337.8890788962301,TRUE,25730,TRUE
465143,net_patient_revenue_per_day,Net patient revenue per resident day,dollar,Revenue,TRUE,Same state + same rural/urban fallback,12,2022,333.9212362432874,351.7070370215138,400.8313588950904,355.56770578723723,TRUE,26593,TRUE
465143,net_patient_revenue_per_day,Net patient revenue per resident day,dollar,Revenue,TRUE,Same state + same rural/urban fallback,12,2023,346.23412128593077,356.4732964368025,390.0634820991849,376.85734636539905,TRUE,25271,TRUE
465143,operating_expense_per_day,Operating expense per resident day,dollar,Cost,FALSE,Same state + same rural/urban fallback,12,2011,208.8801195573148,214.87139186438415,246.9597506188686,229.546322690992,TRUE,28064,TRUE
465143,operating_expense_per_day,Operating expense per resident day,dollar,Cost,FALSE,Same state + same rural/urban fallback,12,2012,206.92338949707892,220.90990098542807,235.02692441806835,222.65510610534992,TRUE,29122,TRUE
465143,operating_expense_per_day,Operating expense per resident day,dollar,Cost,FALSE,Same state + same rural/urban fallback,12,2013,189.64053679838108,224.58953336240734,249.36046610529897,246.2625227852716,TRUE,27430,TRUE
465143,operating_expense_per_day,Operating expense per resident day,dollar,Cost,FALSE,Same state + same rural/urban fallback,12,2014,189.00682770392592,232.01874078753423,254.72885211995865,262.7894127748535,TRUE,26787,TRUE
465143,operating_expense_per_day,Operating expense per resident day,dollar,Cost,FALSE,Same state + same rural/urban fallback,12,2015,199.09474471266824,220.92883079157588,247.67190557343937,263.5786326414016,TRUE,26255,TRUE
465143,operating_expense_per_day,Operating expense per resident day,dollar,Cost,FALSE,Same state + same rural/urban fallback,12,2016,229.8870769266957,243.14130932391276,316.77847471803517,282.7322505800464,TRUE,2155,TRUE
465143,operating_expense_per_day,Operating expense per resident day,dollar,Cost,FALSE,Same state + same rural/urban fallback,12,2016,229.8870769266957,243.14130932391276,316.77847471803517,288.93976498469436,TRUE,10127,TRUE
465143,operating_expense_per_day,Operating expense per resident day,dollar,Cost,FALSE,Same state + same rural/urban fallback,12,2016,229.8870769266957,243.14130932391276,316.77847471803517,273.4848045742931,TRUE,25534,TRUE
465143,operating_expense_per_day,Operating expense per resident day,dollar,Cost,FALSE,Same state + same rural/urban fallback,12,2017,241.0845424428033,282.1147502179547,336.9404995749738,271.0741389886951,TRUE,22822,TRUE
465143,operating_expense_per_day,Operating expense per resident day,dollar,Cost,FALSE,Same state + same rural/urban fallback,12,2018,252.58647966920825,290.8410970040742,322.3132683329875,277.6211022480058,TRUE,11032,TRUE
465143,operating_expense_per_day,Operating expense per resident day,dollar,Cost,FALSE,Same state + same rural/urban fallback,12,2019,294.4471713317056,344.8006720139822,361.4100370404043,269.0423775454045,TRUE,23621,TRUE
465143,operating_expense_per_day,Operating expense per resident day,dollar,Cost,FALSE,Same state + same rural/urban fallback,12,2020,315.3232120189136,341.8756466409689,387.345167266922,282.6594200085407,TRUE,25759,TRUE
465143,operating_expense_per_day,Operating expense per resident day,dollar,Cost,FALSE,Same state + same rural/urban fallback,12,2021,333.90807824802357,351.05281054784405,436.8778701939749,291.00831713952584,TRUE,25730,TRUE
465143,operating_expense_per_day,Operating expense per resident day,dollar,Cost,FALSE,Same state + same rural/urban fallback,12,2022,364.92110310749536,382.1355157759613,411.62006008943695,313.205843643064,TRUE,26593,TRUE
465143,operating_expense_per_day,Operating expense per resident day,dollar,Cost,FALSE,Same state + same rural/urban fallback,12,2023,350.39916281080116,377.35380546204726,398.6899858407019,342.6552965850184,TRUE,25271,TRUE
465143,patient_service_margin,Patient service margin,percent,Margin,TRUE,Same state + same rural/urban fallback,12,2011,-0.12053912655976692,-0.09607122436230027,-0.07375960545029615,0.03338533035715893,TRUE,28064,TRUE
465143,patient_service_margin,Patient service margin,percent,Margin,TRUE,Same state + same rural/urban fallback,12,2012,-0.1340429340040735,-0.10119581425483479,-0.06316292007344465,0.05953267599926145,TRUE,29122,TRUE
465143,patient_service_margin,Patient service margin,percent,Margin,TRUE,Same state + same rural/urban fallback,12,2013,-0.12570768801658494,-0.0877342756066023,0.0024364227599133707,-8.695958816508009e-4,TRUE,27430,TRUE
465143,patient_service_margin,Patient service margin,percent,Margin,TRUE,Same state + same rural/urban fallback,12,2014,-0.12571515304523054,-0.09017800917160118,0.028497656594074765,-0.008565009828699803,TRUE,26787,TRUE
465143,patient_service_margin,Patient service margin,percent,Margin,TRUE,Same state + same rural/urban fallback,12,2015,-0.03837489707485744,0.013430311692895212,0.07312000660613413,0.00743848462712699,TRUE,26255,TRUE
465143,patient_service_margin,Patient service margin,percent,Margin,TRUE,Same state + same rural/urban fallback,12,2016,-0.11814226069783842,-0.01478787795996223,0.04624050989942842,-0.07493463464205188,TRUE,2155,TRUE
465143,patient_service_margin,Patient service margin,percent,Margin,TRUE,Same state + same rural/urban fallback,12,2016,-0.11814226069783842,-0.01478787795996223,0.04624050989942842,0.034720265809664495,TRUE,10127,TRUE
465143,patient_service_margin,Patient service margin,percent,Margin,TRUE,Same state + same rural/urban fallback,12,2016,-0.11814226069783842,-0.01478787795996223,0.04624050989942842,0.02156308663878029,TRUE,25534,TRUE
465143,patient_service_margin,Patient service margin,percent,Margin,TRUE,Same state + same rural/urban fallback,12,2017,-0.29629549703172336,-0.030148296337851717,1.6171809293742765e-4,-0.0899133682881036,TRUE,22822,TRUE
465143,patient_service_margin,Patient service margin,percent,Margin,TRUE,Same state + same rural/urban fallback,12,2018,-0.11541133021173791,-0.002635134052245534,0.02776738441659408,0.03710098707086814,TRUE,11032,TRUE
465143,patient_service_margin,Patient service margin,percent,Margin,TRUE,Same state + same rural/urban fallback,12,2019,-0.0664225571016481,-0.013973264910461629,0.037809838078422524,0.12040319127114649,TRUE,23621,TRUE
465143,patient_service_margin,Patient service margin,percent,Margin,TRUE,Same state + same rural/urban fallback,12,2020,-0.100777970898582,-0.0490684443035148,-0.003906462858562563,0.1233053003069806,TRUE,25759,TRUE
465143,patient_service_margin,Patient service margin,percent,Margin,TRUE,Same state + same rural/urban fallback,12,2021,-0.15648951390627822,-0.05877377680512676,-0.010207412432329133,0.13874601070223372,TRUE,25730,TRUE
465143,patient_service_margin,Patient service margin,percent,Margin,TRUE,Same state + same rural/urban fallback,12,2022,-0.10194956278677746,-0.07587083558203414,-0.023610850379680262,0.11913866601125342,TRUE,26593,TRUE
465143,patient_service_margin,Patient service margin,percent,Margin,TRUE,Same state + same rural/urban fallback,12,2023,-0.09891155128278355,-1.1630967532226961e-5,0.0178976631070955,0.09075595874736785,TRUE,25271,TRUE
465143,total_margin,Total margin,percent,Margin,TRUE,Same state + same rural/urban fallback,12,2011,-0.1091802764765355,-0.0854078207558158,-0.049662970802342145,0.05412136933632071,TRUE,28064,TRUE
465143,total_margin,Total margin,percent,Margin,TRUE,Same state + same rural/urban fallback,12,2012,-0.10346944397421463,-0.06008290153485216,-0.03303885229163343,0.0878897261443239,TRUE,29122,TRUE
465143,total_margin,Total margin,percent,Margin,TRUE,Same state + same rural/urban fallback,12,2013,-0.08618822838605164,-0.042224966159038355,0.015124777183600713,0.008673881838084773,TRUE,27430,TRUE
465143,total_margin,Total margin,percent,Margin,TRUE,Same state + same rural/urban fallback,12,2014,-0.035629223887335366,0.04463264729275812,0.09194697494924094,0.017658992830493613,TRUE,26787,TRUE
465143,total_margin,Total margin,percent,Margin,TRUE,Same state + same rural/urban fallback,12,2015,0.021213372788516024,0.052069573489419506,0.08540385940821701,0.015409088685950426,TRUE,26255,TRUE
465143,total_margin,Total margin,percent,Margin,TRUE,Same state + same rural/urban fallback,12,2016,-0.017023951289866158,0.021546097226426766,0.08715391538492841,-0.042784758315779076,TRUE,2155,TRUE
465143,total_margin,Total margin,percent,Margin,TRUE,Same state + same rural/urban fallback,12,2016,-0.017023951289866158,0.021546097226426766,0.08715391538492841,0.04808068505632159,TRUE,10127,TRUE
465143,total_margin,Total margin,percent,Margin,TRUE,Same state + same rural/urban fallback,12,2016,-0.017023951289866158,0.021546097226426766,0.08715391538492841,0.11597453740743034,TRUE,25534,TRUE
465143,total_margin,Total margin,percent,Margin,TRUE,Same state + same rural/urban fallback,12,2017,-0.11764589263693931,-9.172370493973847e-4,0.030360998258833885,-0.049186263025455694,TRUE,22822,TRUE
465143,total_margin,Total margin,percent,Margin,TRUE,Same state + same rural/urban fallback,12,2018,-0.027840870377984682,0.018728656989727845,0.04665032947659131,0.5441629012765647,TRUE,11032,TRUE
465143,total_margin,Total margin,percent,Margin,TRUE,Same state + same rural/urban fallback,12,2019,-0.046097054614425974,0.03702132626635911,0.06792968642158097,0.12371421397882175,TRUE,23621,TRUE
465143,total_margin,Total margin,percent,Margin,TRUE,Same state + same rural/urban fallback,12,2020,0.02101009017415307,0.06462081262856742,0.09861742204550587,0.12354406968742644,TRUE,25759,TRUE
465143,total_margin,Total margin,percent,Margin,TRUE,Same state + same rural/urban fallback,12,2021,-0.0708690454232529,0.02894412706110676,0.16512953368452613,0.1397993946550484,TRUE,25730,TRUE
465143,total_margin,Total margin,percent,Margin,TRUE,Same state + same rural/urban fallback,12,2022,-0.015244770177412919,0.022774120589968347,0.0556081321442241,0.12156748817527623,TRUE,26593,TRUE
465143,total_margin,Total margin,percent,Margin,TRUE,Same state + same rural/urban fallback,12,2023,-0.06359175082551684,0.016453185152310916,0.05992281171290331,0.09142115103571542,TRUE,25271,TRUE
465143,salary_cost_per_day,Salary cost per resident day,dollar,Labor,FALSE,Same state + same rural/urban fallback,12,2011,83.41798763350197,109.32912870824573,110.67956358302008,88.7188925313569,TRUE,28064,TRUE
465143,salary_cost_per_day,Salary cost per resident day,dollar,Labor,FALSE,Same state + same rural/urban fallback,12,2012,93.0010220950409,101.54875789945814,113.75777326557574,86.40052194217431,TRUE,29122,TRUE
465143,salary_cost_per_day,Salary cost per resident day,dollar,Labor,FALSE,Same state + same rural/urban fallback,12,2013,82.46342943854324,97.1222852158744,108.08936867996721,89.22231133795115,TRUE,27430,TRUE
465143,salary_cost_per_day,Salary cost per resident day,dollar,Labor,FALSE,Same state + same rural/urban fallback,12,2014,78.65628717736513,90.23767430278885,103.13592540910821,95.60226975771829,TRUE,26787,TRUE
465143,salary_cost_per_day,Salary cost per resident day,dollar,Labor,FALSE,Same state + same rural/urban fallback,12,2015,81.35368471261627,90.30736639383727,108.4650177125506,96.84342030089506,TRUE,26255,TRUE
465143,salary_cost_per_day,Salary cost per resident day,dollar,Labor,FALSE,Same state + same rural/urban fallback,12,2016,91.61863842404416,115.34077703886734,139.22930561241927,101.22505800464037,TRUE,2155,TRUE
465143,salary_cost_per_day,Salary cost per resident day,dollar,Labor,FALSE,Same state + same rural/urban fallback,12,2016,91.61863842404416,115.34077703886734,139.22930561241927,115.71334057470129,TRUE,10127,TRUE
465143,salary_cost_per_day,Salary cost per resident day,dollar,Labor,FALSE,Same state + same rural/urban fallback,12,2016,91.61863842404416,115.34077703886734,139.22930561241927,116.01832850317224,TRUE,25534,TRUE
465143,salary_cost_per_day,Salary cost per resident day,dollar,Labor,FALSE,Same state + same rural/urban fallback,12,2017,94.90996409807526,120.53961150141424,139.45098473966817,133.95543773551836,TRUE,22822,TRUE
465143,salary_cost_per_day,Salary cost per resident day,dollar,Labor,FALSE,Same state + same rural/urban fallback,12,2018,101.18195742340107,109.76582626184091,143.33289255801338,137.76831036983322,TRUE,11032,TRUE
465143,salary_cost_per_day,Salary cost per resident day,dollar,Labor,FALSE,Same state + same rural/urban fallback,12,2019,103.59766230071567,112.75433994434718,150.43325711284464,135.97997544557808,TRUE,23621,TRUE
465143,salary_cost_per_day,Salary cost per resident day,dollar,Labor,FALSE,Same state + same rural/urban fallback,12,2020,106.8564332984816,124.1282330127213,152.51215238350983,143.77553476454833,TRUE,25759,TRUE
465143,salary_cost_per_day,Salary cost per resident day,dollar,Labor,FALSE,Same state + same rural/urban fallback,12,2021,116.02668525931789,133.13865789013425,160.99115232966375,150.34426739214925,TRUE,25730,TRUE
465143,salary_cost_per_day,Salary cost per resident day,dollar,Labor,FALSE,Same state + same rural/urban fallback,12,2022,117.711984965633,152.6747554692531,165.7235290633676,159.51930959274998,TRUE,26593,TRUE
465143,salary_cost_per_day,Salary cost per resident day,dollar,Labor,FALSE,Same state + same rural/urban fallback,12,2023,137.15228839098552,149.02675701099997,174.48067373919466,174.22401171303073,TRUE,25271,TRUE
465143,contract_labor_per_day,Contract labor per resident day,dollar,Labor,FALSE,Same state + same rural/urban fallback,12,2011,7.443687100275952,9.233665573064968,11.023644045853983,NA,TRUE,28064,TRUE
465143,contract_labor_per_day,Contract labor per resident day,dollar,Labor,FALSE,Same state + same rural/urban fallback,12,2012,3.086821617920343,5.6416813639035865,10.843252826345768,23.688929331776663,TRUE,29122,TRUE
465143,contract_labor_per_day,Contract labor per resident day,dollar,Labor,FALSE,Same state + same rural/urban fallback,12,2013,1.8818222024181783,6.884967410149565,14.027676227619855,25.93168064163325,TRUE,27430,TRUE
465143,contract_labor_per_day,Contract labor per resident day,dollar,Labor,FALSE,Same state + same rural/urban fallback,12,2014,6.693176020983345,17.735224083680585,68.74732412922506,NA,TRUE,26787,TRUE
465143,contract_labor_per_day,Contract labor per resident day,dollar,Labor,FALSE,Same state + same rural/urban fallback,12,2015,1.4539237486100565,12.967174456444843,16.40737337914951,30.659569605789372,TRUE,26255,TRUE
465143,contract_labor_per_day,Contract labor per resident day,dollar,Labor,FALSE,Same state + same rural/urban fallback,12,2016,4.052739663301213,5.881843245372194,11.569399368111773,25.247331786542922,TRUE,2155,TRUE
465143,contract_labor_per_day,Contract labor per resident day,dollar,Labor,FALSE,Same state + same rural/urban fallback,12,2016,4.052739663301213,5.881843245372194,11.569399368111773,31.11316283203318,TRUE,10127,TRUE
465143,contract_labor_per_day,Contract labor per resident day,dollar,Labor,FALSE,Same state + same rural/urban fallback,12,2016,4.052739663301213,5.881843245372194,11.569399368111773,23.400681444348713,TRUE,25534,TRUE
465143,contract_labor_per_day,Contract labor per resident day,dollar,Labor,FALSE,Same state + same rural/urban fallback,12,2017,6.365131857881794,10.451240924405637,12.047210300429185,6.61173429147314,TRUE,22822,TRUE
465143,contract_labor_per_day,Contract labor per resident day,dollar,Labor,FALSE,Same state + same rural/urban fallback,12,2018,10.083499277332423,13.35715657626363,34.93204191868811,NA,TRUE,11032,TRUE
465143,contract_labor_per_day,Contract labor per resident day,dollar,Labor,FALSE,Same state + same rural/urban fallback,12,2019,2.925931716835761,9.770426005667838,24.459296688715625,NA,TRUE,23621,TRUE
465143,contract_labor_per_day,Contract labor per resident day,dollar,Labor,FALSE,Same state + same rural/urban fallback,12,2020,1.0842379389180299,7.858484937402191,13.954289197756294,NA,TRUE,25759,TRUE
465143,contract_labor_per_day,Contract labor per resident day,dollar,Labor,FALSE,Same state + same rural/urban fallback,12,2021,0.8543895055499495,10.6830251173061,16.119407916473932,NA,TRUE,25730,TRUE
465143,contract_labor_per_day,Contract labor per resident day,dollar,Labor,FALSE,Same state + same rural/urban fallback,12,2022,6.9682156059485525,15.4801095595896,52.28770662798337,NA,TRUE,26593,TRUE
465143,contract_labor_per_day,Contract labor per resident day,dollar,Labor,FALSE,Same state + same rural/urban fallback,12,2023,0.5053932242872335,10.14142538975501,12.398788255398477,NA,TRUE,25271,TRUE
465143,contract_labor_ratio,Contract labor ratio,percent,Labor,FALSE,Same state + same rural/urban fallback,12,2011,0.07141151007881509,0.09422378006012434,0.11703605004143358,NA,TRUE,28064,TRUE
465143,contract_labor_ratio,Contract labor ratio,percent,Labor,FALSE,Same state + same rural/urban fallback,12,2012,0.029616634127229615,0.0541732114556034,0.10557958450918434,0.21517892093792157,TRUE,29122,TRUE
465143,contract_labor_ratio,Contract labor ratio,percent,Labor,FALSE,Same state + same rural/urban fallback,12,2013,0.01680232861869357,0.07489779558004098,0.14941121905359508,0.22519133028606308,TRUE,27430,TRUE
465143,contract_labor_ratio,Contract labor ratio,percent,Labor,FALSE,Same state + same rural/urban fallback,12,2014,0.034736294526286626,0.19565484567032554,0.6147443836633297,NA,TRUE,26787,TRUE
465143,contract_labor_ratio,Contract labor ratio,percent,Labor,FALSE,Same state + same rural/urban fallback,12,2015,0.013098967231145536,0.1466633309400028,0.17341404123124848,0.24046157371076693,TRUE,26255,TRUE
465143,contract_labor_ratio,Contract labor ratio,percent,Labor,FALSE,Same state + same rural/urban fallback,12,2016,0.03234133369527518,0.04496716439482218,0.12479076687854457,0.19962722162701615,TRUE,2155,TRUE
465143,contract_labor_ratio,Contract labor ratio,percent,Labor,FALSE,Same state + same rural/urban fallback,12,2016,0.03234133369527518,0.04496716439482218,0.12479076687854457,0.21190426871260706,TRUE,10127,TRUE
465143,contract_labor_ratio,Contract labor ratio,percent,Labor,FALSE,Same state + same rural/urban fallback,12,2016,0.03234133369527518,0.04496716439482218,0.12479076687854457,0.16784426638201647,TRUE,25534,TRUE
465143,contract_labor_ratio,Contract labor ratio,percent,Labor,FALSE,Same state + same rural/urban fallback,12,2017,0.050530079816577374,0.11869184011451034,0.12191411256108829,0.04703611943052795,TRUE,22822,TRUE
465143,contract_labor_ratio,Contract labor ratio,percent,Labor,FALSE,Same state + same rural/urban fallback,12,2018,0.10400182758782867,0.13831617420396886,0.35558236562074763,NA,TRUE,11032,TRUE
465143,contract_labor_ratio,Contract labor ratio,percent,Labor,FALSE,Same state + same rural/urban fallback,12,2019,0.022909865798666676,0.08926672530942412,0.18451102536702843,NA,TRUE,23621,TRUE
465143,contract_labor_ratio,Contract labor ratio,percent,Labor,FALSE,Same state + same rural/urban fallback,12,2020,0.009545773988244024,0.0604200622259054,0.11825862277959365,NA,TRUE,25759,TRUE
465143,contract_labor_ratio,Contract labor ratio,percent,Labor,FALSE,Same state + same rural/urban fallback,12,2021,0.0055791396712280925,0.08415711984636955,0.12262680300636371,NA,TRUE,25730,TRUE
465143,contract_labor_ratio,Contract labor ratio,percent,Labor,FALSE,Same state + same rural/urban fallback,12,2022,0.04269598742863882,0.1049837686380512,0.36614689955679874,NA,TRUE,26593,TRUE
465143,contract_labor_ratio,Contract labor ratio,percent,Labor,FALSE,Same state + same rural/urban fallback,12,2023,0.0028401774114827976,0.06864942347465673,0.08309495413488784,NA,TRUE,25271,TRUE
465143,days_cash_on_hand,Days cash on hand,number,Liquidity,TRUE,Same state + same rural/urban fallback,12,2011,0.27101377715242486,2.965081031505492,13.456890294403472,13.968840053722547,TRUE,28064,TRUE
465143,days_cash_on_hand,Days cash on hand,number,Liquidity,TRUE,Same state + same rural/urban fallback,12,2012,0.22108919046018266,7.414613852460514,13.94620422581327,18.419771128481987,TRUE,29122,TRUE
465143,days_cash_on_hand,Days cash on hand,number,Liquidity,TRUE,Same state + same rural/urban fallback,12,2013,-34.45768942217539,0.31182446341366404,7.33051602105947,12.297751836755722,TRUE,27430,TRUE
465143,days_cash_on_hand,Days cash on hand,number,Liquidity,TRUE,Same state + same rural/urban fallback,12,2014,1.2163353183495702,10.542430070712815,30.7354842547444,6.529808902539159,TRUE,26787,TRUE
465143,days_cash_on_hand,Days cash on hand,number,Liquidity,TRUE,Same state + same rural/urban fallback,12,2015,1.7457465055451422,8.872036058767018,40.86863939429128,20.697579584110823,TRUE,26255,TRUE
465143,days_cash_on_hand,Days cash on hand,number,Liquidity,TRUE,Same state + same rural/urban fallback,12,2016,0.3170384267945244,13.502520676422295,49.430017197336774,219.00011981197727,TRUE,2155,TRUE
465143,days_cash_on_hand,Days cash on hand,number,Liquidity,TRUE,Same state + same rural/urban fallback,12,2016,0.3170384267945244,13.502520676422295,49.430017197336774,43.99407503452556,TRUE,10127,TRUE
465143,days_cash_on_hand,Days cash on hand,number,Liquidity,TRUE,Same state + same rural/urban fallback,12,2016,0.3170384267945244,13.502520676422295,49.430017197336774,NA,TRUE,25534,TRUE
465143,days_cash_on_hand,Days cash on hand,number,Liquidity,TRUE,Same state + same rural/urban fallback,12,2017,6.088182533397426,15.815168375334526,59.64411555708963,9.120436359827455,TRUE,22822,TRUE
465143,days_cash_on_hand,Days cash on hand,number,Liquidity,TRUE,Same state + same rural/urban fallback,12,2018,-0.07500422462286777,5.304876058785944,16.949177387843626,0.11917526796477375,TRUE,11032,TRUE
465143,days_cash_on_hand,Days cash on hand,number,Liquidity,TRUE,Same state + same rural/urban fallback,12,2019,14.049129526129907,18.747953822376868,40.074874056308936,7.323801071588736,TRUE,23621,TRUE
465143,days_cash_on_hand,Days cash on hand,number,Liquidity,TRUE,Same state + same rural/urban fallback,12,2020,15.346565068383434,29.397981701233157,72.9367168186078,7.880936115579347,TRUE,25759,TRUE
465143,days_cash_on_hand,Days cash on hand,number,Liquidity,TRUE,Same state + same rural/urban fallback,12,2021,14.903303114649889,27.111650859248943,38.242299725006326,5.3265332860376375,TRUE,25730,TRUE
465143,days_cash_on_hand,Days cash on hand,number,Liquidity,TRUE,Same state + same rural/urban fallback,12,2022,7.320136777014531,11.960315809634327,22.055524984348537,13.856364500149656,TRUE,26593,TRUE
465143,days_cash_on_hand,Days cash on hand,number,Liquidity,TRUE,Same state + same rural/urban fallback,12,2023,18.866899816208022,23.284174278252372,54.84243291491735,2.527184942977688,TRUE,25271,TRUE
465143,current_ratio,Current ratio,number,Liquidity,TRUE,Same state + same rural/urban fallback,12,2011,0.7497649544690151,1.2002667131292553,2.155923391545222,3.3992368081775486,TRUE,28064,TRUE
465143,current_ratio,Current ratio,number,Liquidity,TRUE,Same state + same rural/urban fallback,12,2012,0.7828456435143042,0.8537092927908683,1.8558633053407458,3.111469075983147,TRUE,29122,TRUE
465143,current_ratio,Current ratio,number,Liquidity,TRUE,Same state + same rural/urban fallback,12,2013,0.5681356035249273,0.9499717845722326,3.395816139796907,3.045469915863192,TRUE,27430,TRUE
465143,current_ratio,Current ratio,number,Liquidity,TRUE,Same state + same rural/urban fallback,12,2014,0.8418697580215587,1.3304274465691788,2.571615029280317,2.695866382341769,TRUE,26787,TRUE
465143,current_ratio,Current ratio,number,Liquidity,TRUE,Same state + same rural/urban fallback,12,2015,0.8887443946554746,1.715983608404975,2.7034129607994233,3.3898739519129326,TRUE,26255,TRUE
465143,current_ratio,Current ratio,number,Liquidity,TRUE,Same state + same rural/urban fallback,12,2016,0.8900186193347591,1.2852481410066832,2.716375310453761,3.438609055091477,TRUE,2155,TRUE
465143,current_ratio,Current ratio,number,Liquidity,TRUE,Same state + same rural/urban fallback,12,2016,0.8900186193347591,1.2852481410066832,2.716375310453761,0.987346236979877,TRUE,10127,TRUE
465143,current_ratio,Current ratio,number,Liquidity,TRUE,Same state + same rural/urban fallback,12,2016,0.8900186193347591,1.2852481410066832,2.716375310453761,1.462622272250383,TRUE,25534,TRUE
465143,current_ratio,Current ratio,number,Liquidity,TRUE,Same state + same rural/urban fallback,12,2017,0.9882164439013162,1.4733620829637446,3.7891979190836773,0.9238873652483233,TRUE,22822,TRUE
465143,current_ratio,Current ratio,number,Liquidity,TRUE,Same state + same rural/urban fallback,12,2018,1.344784341274722,2.0550595759733694,3.459514746854828,2.3730154728516055,TRUE,11032,TRUE
465143,current_ratio,Current ratio,number,Liquidity,TRUE,Same state + same rural/urban fallback,12,2019,0.7757096403088415,2.264489486345942,3.507484590981858,1.912323620311109,TRUE,23621,TRUE
465143,current_ratio,Current ratio,number,Liquidity,TRUE,Same state + same rural/urban fallback,12,2020,1.0656140329539405,3.224979402366036,6.811059193367769,3.7894238382404124,TRUE,25759,TRUE
465143,current_ratio,Current ratio,number,Liquidity,TRUE,Same state + same rural/urban fallback,12,2021,0.9995706900491608,1.3893040340147678,4.932167103646939,5.016956633142437,TRUE,25730,TRUE
465143,current_ratio,Current ratio,number,Liquidity,TRUE,Same state + same rural/urban fallback,12,2022,0.40814782676516154,0.9594557171628187,5.082481709510127,5.834907360261516,TRUE,26593,TRUE
465143,current_ratio,Current ratio,number,Liquidity,TRUE,Same state + same rural/urban fallback,12,2023,0.5958874220857495,1.2671509571716104,4.245320170604919,9.001471260742726,TRUE,25271,TRUE
465143,days_accounts_receivable,Days accounts receivable,number,Liquidity,FALSE,Same state + same rural/urban fallback,12,2011,34.53632877168729,44.88605745009567,64.41813745602316,33.192542738492584,TRUE,28064,TRUE
465143,days_accounts_receivable,Days accounts receivable,number,Liquidity,FALSE,Same state + same rural/urban fallback,12,2012,36.39703980885491,40.68676745034104,61.481071772699394,42.536287077295235,TRUE,29122,TRUE
465143,days_accounts_receivable,Days accounts receivable,number,Liquidity,FALSE,Same state + same rural/urban fallback,12,2013,35.32675632992435,48.129016975854306,68.55058956477686,39.62901860274359,TRUE,27430,TRUE
465143,days_accounts_receivable,Days accounts receivable,number,Liquidity,FALSE,Same state + same rural/urban fallback,12,2014,31.09971548157752,42.97019255097322,57.428842143886314,48.21859830705661,TRUE,26787,TRUE
465143,days_accounts_receivable,Days accounts receivable,number,Liquidity,FALSE,Same state + same rural/urban fallback,12,2015,27.170280249025915,46.100025002678855,55.69490318697611,40.12596600832544,TRUE,26255,TRUE
465143,days_accounts_receivable,Days accounts receivable,number,Liquidity,FALSE,Same state + same rural/urban fallback,12,2016,38.23740250433785,49.21466331738922,62.785457870263365,482.33352563627574,TRUE,2155,TRUE
465143,days_accounts_receivable,Days accounts receivable,number,Liquidity,FALSE,Same state + same rural/urban fallback,12,2016,38.23740250433785,49.21466331738922,62.785457870263365,202.54359620260598,TRUE,10127,TRUE
465143,days_accounts_receivable,Days accounts receivable,number,Liquidity,FALSE,Same state + same rural/urban fallback,12,2016,38.23740250433785,49.21466331738922,62.785457870263365,70.53776079723606,TRUE,25534,TRUE
465143,days_accounts_receivable,Days accounts receivable,number,Liquidity,FALSE,Same state + same rural/urban fallback,12,2017,37.820125810408044,60.52398058491994,69.21791621336018,35.401758461844466,TRUE,22822,TRUE
465143,days_accounts_receivable,Days accounts receivable,number,Liquidity,FALSE,Same state + same rural/urban fallback,12,2018,29.948864734775167,44.86972207973439,69.08399417538504,90.87452573690771,TRUE,11032,TRUE
465143,days_accounts_receivable,Days accounts receivable,number,Liquidity,FALSE,Same state + same rural/urban fallback,12,2019,36.608736877485335,40.63890607552105,57.00650679879057,46.04924789874211,TRUE,23621,TRUE
465143,days_accounts_receivable,Days accounts receivable,number,Liquidity,FALSE,Same state + same rural/urban fallback,12,2020,36.28004509729954,48.636646527735564,56.42181770998203,39.74270943644767,TRUE,25759,TRUE
465143,days_accounts_receivable,Days accounts receivable,number,Liquidity,FALSE,Same state + same rural/urban fallback,12,2021,42.76586294625017,67.30104856331896,83.21359603178323,35.802334537167845,TRUE,25730,TRUE
465143,days_accounts_receivable,Days accounts receivable,number,Liquidity,FALSE,Same state + same rural/urban fallback,12,2022,50.20223258239018,55.09279738645459,78.42224938720253,53.577412546115475,TRUE,26593,TRUE
465143,days_accounts_receivable,Days accounts receivable,number,Liquidity,FALSE,Same state + same rural/urban fallback,12,2023,36.92245745466162,52.330755032123506,57.86463923682767,47.26394115983074,TRUE,25271,TRUE
465143,debt_to_assets,Debt to assets,percent,Solvency,FALSE,Same state + same rural/urban fallback,12,2011,0.6687804574838389,0.8546794502387014,1.0836262685501796,0.23117166502567923,TRUE,28064,TRUE
465143,debt_to_assets,Debt to assets,percent,Solvency,FALSE,Same state + same rural/urban fallback,12,2012,0.25462427377337227,0.9397734976237462,1.085867769622198,0.25228837969561363,TRUE,29122,TRUE
465143,debt_to_assets,Debt to assets,percent,Solvency,FALSE,Same state + same rural/urban fallback,12,2013,0.20370609802273715,0.9086150743170324,1.2385867119917036,0.24487619072522698,TRUE,27430,TRUE
465143,debt_to_assets,Debt to assets,percent,Solvency,FALSE,Same state + same rural/urban fallback,12,2014,0.09995516834847887,0.8857918198860106,1.0959060931148306,0.2896286468681376,TRUE,26787,TRUE
465143,debt_to_assets,Debt to assets,percent,Solvency,FALSE,Same state + same rural/urban fallback,12,2015,0.3387851175915975,0.8791893902638469,1.0904615459219582,0.24230644412165023,TRUE,26255,TRUE
465143,debt_to_assets,Debt to assets,percent,Solvency,FALSE,Same state + same rural/urban fallback,12,2016,0.1980944194291796,0.8071764558026455,0.9815998423131362,0.2381884240360355,TRUE,2155,TRUE
465143,debt_to_assets,Debt to assets,percent,Solvency,FALSE,Same state + same rural/urban fallback,12,2016,0.1980944194291796,0.8071764558026455,0.9815998423131362,0.9358519730660062,TRUE,10127,TRUE
465143,debt_to_assets,Debt to assets,percent,Solvency,FALSE,Same state + same rural/urban fallback,12,2016,0.1980944194291796,0.8071764558026455,0.9815998423131362,0.63226392343283,TRUE,25534,TRUE
465143,debt_to_assets,Debt to assets,percent,Solvency,FALSE,Same state + same rural/urban fallback,12,2017,0.09760315803743969,0.5787341661614906,0.9896054434074117,0.9610396457752607,TRUE,22822,TRUE
465143,debt_to_assets,Debt to assets,percent,Solvency,FALSE,Same state + same rural/urban fallback,12,2018,0.25965784632629835,0.6814767673795497,0.817221896308304,0.8108666627174176,TRUE,11032,TRUE
465143,debt_to_assets,Debt to assets,percent,Solvency,FALSE,Same state + same rural/urban fallback,12,2019,0.4139874653121639,0.7525696262426831,0.8953322541703883,0.5252869650918586,TRUE,23621,TRUE
465143,debt_to_assets,Debt to assets,percent,Solvency,FALSE,Same state + same rural/urban fallback,12,2020,0.2728046814246552,0.6992484564226282,0.9516769017385334,0.26975957025997005,TRUE,25759,TRUE
465143,debt_to_assets,Debt to assets,percent,Solvency,FALSE,Same state + same rural/urban fallback,12,2021,0.26981089504269673,0.7422897992749591,0.8278586262782478,0.19138231693365734,TRUE,25730,TRUE
465143,debt_to_assets,Debt to assets,percent,Solvency,FALSE,Same state + same rural/urban fallback,12,2022,0.26974331400063606,0.6760547916417752,1.002757879420024,0.1654655228458392,TRUE,26593,TRUE
465143,debt_to_assets,Debt to assets,percent,Solvency,FALSE,Same state + same rural/urban fallback,12,2023,0.2630509150433539,0.6852296946610663,0.9857800792830305,0.10906275035912709,TRUE,25271,TRUE
465175,occupancy_rate,Occupancy rate,percent,Utilization,TRUE,Same state + same rural/urban fallback,12,2011,0.5376660006019026,0.6230154225203233,0.7199647156496471,NA,FALSE,NA,FALSE
465175,occupancy_rate,Occupancy rate,percent,Utilization,TRUE,Same state + same rural/urban fallback,12,2012,0.5725601890101607,0.6648858447488585,0.7293488160291439,NA,FALSE,NA,FALSE
465175,occupancy_rate,Occupancy rate,percent,Utilization,TRUE,Same state + same rural/urban fallback,12,2013,0.5427989130434783,0.6088147706968433,0.7352511415525114,0.87170935080405,TRUE,14636,TRUE
465175,occupancy_rate,Occupancy rate,percent,Utilization,TRUE,Same state + same rural/urban fallback,12,2014,0.5026908874329958,0.6195468914646997,0.7227353071144499,0.9215965787598004,TRUE,2586,TRUE
465175,occupancy_rate,Occupancy rate,percent,Utilization,TRUE,Same state + same rural/urban fallback,12,2014,0.5026908874329958,0.6195468914646997,0.7227353071144499,0.9108815757866923,TRUE,7584,TRUE
465175,occupancy_rate,Occupancy rate,percent,Utilization,TRUE,Same state + same rural/urban fallback,12,2014,0.5026908874329958,0.6195468914646997,0.7227353071144499,0.8736152471709351,TRUE,14668,TRUE
465175,occupancy_rate,Occupancy rate,percent,Utilization,TRUE,Same state + same rural/urban fallback,12,2015,0.5994292237442922,0.6789702233250621,0.741140079540433,1.0946396664681357,TRUE,18379,TRUE
465175,occupancy_rate,Occupancy rate,percent,Utilization,TRUE,Same state + same rural/urban fallback,12,2016,0.4794004939067243,0.5619045138888888,0.602988459241277,1.0975580702799286,TRUE,18428,TRUE
465175,occupancy_rate,Occupancy rate,percent,Utilization,TRUE,Same state + same rural/urban fallback,12,2017,0.44915838564566546,0.5394451362944513,0.586027003621477,1.1409767718880286,TRUE,19157,TRUE
465175,occupancy_rate,Occupancy rate,percent,Utilization,TRUE,Same state + same rural/urban fallback,12,2018,0.5180986435670158,0.5695659678064025,0.6045051748946632,1.1617033948779034,TRUE,19505,TRUE
465175,occupancy_rate,Occupancy rate,percent,Utilization,TRUE,Same state + same rural/urban fallback,12,2019,0.5168268179343,0.586056539437445,0.6493881278538812,1.152829064919595,TRUE,19356,TRUE
465175,occupancy_rate,Occupancy rate,percent,Utilization,TRUE,Same state + same rural/urban fallback,12,2020,0.4284438332832674,0.5257768134576235,0.6468554438955012,0.7601548540798094,TRUE,12763,TRUE
465175,occupancy_rate,Occupancy rate,percent,Utilization,TRUE,Same state + same rural/urban fallback,12,2021,0.4121925680995119,0.5324429223744291,0.6919520547945205,0.7086360929124479,TRUE,11898,TRUE
465175,occupancy_rate,Occupancy rate,percent,Utilization,TRUE,Same state + same rural/urban fallback,12,2022,0.4220319634703197,0.549809293580446,0.6820062785388128,0.6719475878499107,TRUE,11282,TRUE
465175,occupancy_rate,Occupancy rate,percent,Utilization,TRUE,Same state + same rural/urban fallback,12,2023,0.46301347153083106,0.593492620455623,0.7005862386780448,0.6876930387265384,TRUE,11578,TRUE
465175,medicare_day_share,Medicare day share,percent,Payer mix,TRUE,Same state + same rural/urban fallback,12,2011,0.08606712188358635,0.10311050360765456,0.1787701736689764,NA,FALSE,NA,FALSE
465175,medicare_day_share,Medicare day share,percent,Payer mix,TRUE,Same state + same rural/urban fallback,12,2012,0.10906880433770337,0.12489082969432315,0.16198500791519194,NA,FALSE,NA,FALSE
465175,medicare_day_share,Medicare day share,percent,Payer mix,TRUE,Same state + same rural/urban fallback,12,2013,0.08259921500218055,0.0951188986232791,0.17772511848341233,0.06135556162886034,TRUE,14636,TRUE
465175,medicare_day_share,Medicare day share,percent,Payer mix,TRUE,Same state + same rural/urban fallback,12,2014,0.09095313428760787,0.14281262982966347,0.20831709776306612,0.030935808197989172,TRUE,2586,TRUE
465175,medicare_day_share,Medicare day share,percent,Payer mix,TRUE,Same state + same rural/urban fallback,12,2014,0.09095313428760787,0.14281262982966347,0.20831709776306612,0.04601793248945148,TRUE,7584,TRUE
465175,medicare_day_share,Medicare day share,percent,Payer mix,TRUE,Same state + same rural/urban fallback,12,2014,0.09095313428760787,0.14281262982966347,0.20831709776306612,0.0786064903190619,TRUE,14668,TRUE
465175,medicare_day_share,Medicare day share,percent,Payer mix,TRUE,Same state + same rural/urban fallback,12,2015,0.07564967221619583,0.145,0.20308512664254427,0.06839327493334785,TRUE,18379,TRUE
465175,medicare_day_share,Medicare day share,percent,Payer mix,TRUE,Same state + same rural/urban fallback,12,2016,0.10008249848471688,0.16185559760163487,0.2158983827932876,0.04428044280442804,TRUE,18428,TRUE
465175,medicare_day_share,Medicare day share,percent,Payer mix,TRUE,Same state + same rural/urban fallback,12,2017,0.10453538961049048,0.148885729365979,0.18846722770231233,0.05736806389309391,TRUE,19157,TRUE
465175,medicare_day_share,Medicare day share,percent,Payer mix,TRUE,Same state + same rural/urban fallback,12,2018,0.10217210810223089,0.19300531972915175,0.23661086186348762,0.06500897205844655,TRUE,19505,TRUE
465175,medicare_day_share,Medicare day share,percent,Payer mix,TRUE,Same state + same rural/urban fallback,12,2019,0.08336521330926515,0.13506384472867053,0.25948270904076537,0.07708204174416201,TRUE,19356,TRUE
465175,medicare_day_share,Medicare day share,percent,Payer mix,TRUE,Same state + same rural/urban fallback,12,2020,0.07482775599966328,0.12239851152385989,0.22666605088856018,0.08712685105382748,TRUE,12763,TRUE
465175,medicare_day_share,Medicare day share,percent,Payer mix,TRUE,Same state + same rural/urban fallback,12,2021,0.08485960872552456,0.10581376741763444,0.2508248410538738,0.13405614388972936,TRUE,11898,TRUE
465175,medicare_day_share,Medicare day share,percent,Payer mix,TRUE,Same state + same rural/urban fallback,12,2022,0.07475945113336221,0.11071213185261775,0.23638720988515155,0.17160078000354548,TRUE,11282,TRUE
465175,medicare_day_share,Medicare day share,percent,Payer mix,TRUE,Same state + same rural/urban fallback,12,2023,0.07680448821752302,0.09260538425344418,0.19966583371149735,0.1343928139575056,TRUE,11578,TRUE
465175,medicaid_day_share,Medicaid day share,percent,Payer mix,FALSE,Same state + same rural/urban fallback,12,2011,0.5948900302910576,0.5994156214367161,0.649748056195148,NA,FALSE,NA,FALSE
465175,medicaid_day_share,Medicaid day share,percent,Payer mix,FALSE,Same state + same rural/urban fallback,12,2012,0.5497623559900866,0.6043326885880077,0.6570440349709692,NA,FALSE,NA,FALSE
465175,medicaid_day_share,Medicaid day share,percent,Payer mix,FALSE,Same state + same rural/urban fallback,12,2013,0.5667262056647104,0.6510008410428932,0.700685178507032,0.779721235310194,TRUE,14636,TRUE
465175,medicaid_day_share,Medicaid day share,percent,Payer mix,FALSE,Same state + same rural/urban fallback,12,2014,0.5150395841293013,0.5838513256374477,0.6345029653040738,0.699922660479505,TRUE,2586,TRUE
465175,medicaid_day_share,Medicaid day share,percent,Payer mix,FALSE,Same state + same rural/urban fallback,12,2014,0.5150395841293013,0.5838513256374477,0.6345029653040738,0.7573839662447257,TRUE,7584,TRUE
465175,medicaid_day_share,Medicaid day share,percent,Payer mix,FALSE,Same state + same rural/urban fallback,12,2014,0.5150395841293013,0.5838513256374477,0.6345029653040738,0.6701663485137714,TRUE,14668,TRUE
465175,medicaid_day_share,Medicaid day share,percent,Payer mix,FALSE,Same state + same rural/urban fallback,12,2015,0.5231254005554369,0.597303803562831,0.654125991737048,0.5300070732901682,TRUE,18379,TRUE
465175,medicaid_day_share,Medicaid day share,percent,Payer mix,FALSE,Same state + same rural/urban fallback,12,2016,0.5371303273878245,0.5973823236944296,0.625693679289371,0.44492077273713915,TRUE,18428,TRUE
465175,medicaid_day_share,Medicaid day share,percent,Payer mix,FALSE,Same state + same rural/urban fallback,12,2017,0.49415005251612265,0.5836181580442683,0.6672268655807928,0.44944406744271026,TRUE,19157,TRUE
465175,medicaid_day_share,Medicaid day share,percent,Payer mix,FALSE,Same state + same rural/urban fallback,12,2018,0.46892421853370664,0.5642675852066715,0.660777926105924,0.5066393232504486,TRUE,19505,TRUE
465175,medicaid_day_share,Medicaid day share,percent,Payer mix,FALSE,Same state + same rural/urban fallback,12,2019,0.5158365990100975,0.6006513902598597,0.6604918961716886,0.48506922917958256,TRUE,19356,TRUE
465175,medicaid_day_share,Medicaid day share,percent,Payer mix,FALSE,Same state + same rural/urban fallback,12,2020,0.5844145241419784,0.6642413673188341,0.7311389838271676,0.6297892345059939,TRUE,12763,TRUE
465175,medicaid_day_share,Medicaid day share,percent,Payer mix,FALSE,Same state + same rural/urban fallback,12,2021,0.5715185958197031,0.6271729605219141,0.7203198391800502,0.6326273323247604,TRUE,11898,TRUE
465175,medicaid_day_share,Medicaid day share,percent,Payer mix,FALSE,Same state + same rural/urban fallback,12,2022,0.5545057397388012,0.6410775166999376,0.7268825692318854,0.6379188087218578,TRUE,11282,TRUE
465175,medicaid_day_share,Medicaid day share,percent,Payer mix,FALSE,Same state + same rural/urban fallback,12,2023,0.5518830394278059,0.6128748542038898,0.6878754673734726,0.6673000518224218,TRUE,11578,TRUE
465175,other_day_share,Other/private day share,percent,Payer mix,TRUE,Same state + same rural/urban fallback,12,2011,0.2191649254373968,0.24231583679849908,0.3223255488288382,NA,FALSE,NA,FALSE
465175,other_day_share,Other/private day share,percent,Payer mix,TRUE,Same state + same rural/urban fallback,12,2012,0.19107901773929303,0.2745580142840417,0.2978794988865586,NA,FALSE,NA,FALSE
465175,other_day_share,Other/private day share,percent,Payer mix,TRUE,Same state + same rural/urban fallback,12,2013,0.2149296790479625,0.24405506883604505,0.26227744081393073,0.15892320306094562,TRUE,14636,TRUE
465175,other_day_share,Other/private day share,percent,Payer mix,TRUE,Same state + same rural/urban fallback,12,2014,0.21561364121248788,0.2629633777578676,0.2936513225582592,0.2691415313225058,TRUE,2586,TRUE
465175,other_day_share,Other/private day share,percent,Payer mix,TRUE,Same state + same rural/urban fallback,12,2014,0.21561364121248788,0.2629633777578676,0.2936513225582592,0.19659810126582278,TRUE,7584,TRUE
465175,other_day_share,Other/private day share,percent,Payer mix,TRUE,Same state + same rural/urban fallback,12,2014,0.21561364121248788,0.2629633777578676,0.2936513225582592,0.25122716116716665,TRUE,14668,TRUE
465175,other_day_share,Other/private day share,percent,Payer mix,TRUE,Same state + same rural/urban fallback,12,2015,0.18506595972984916,0.26289034132171385,0.3037072701011074,0.40159965177648405,TRUE,18379,TRUE
465175,other_day_share,Other/private day share,percent,Payer mix,TRUE,Same state + same rural/urban fallback,12,2016,0.1850708183425736,0.22875510855241005,0.2897357191071004,0.5107987844584329,TRUE,18428,TRUE
465175,other_day_share,Other/private day share,percent,Payer mix,TRUE,Same state + same rural/urban fallback,12,2017,0.1778157710328887,0.22527712631942098,0.32280312862346006,0.49318786866419584,TRUE,19157,TRUE
465175,other_day_share,Other/private day share,percent,Payer mix,TRUE,Same state + same rural/urban fallback,12,2018,0.22792510686916284,0.25031526920243874,0.28417905991154535,0.42835170469110484,TRUE,19505,TRUE
465175,other_day_share,Other/private day share,percent,Payer mix,TRUE,Same state + same rural/urban fallback,12,2019,0.1902980116213178,0.22528483885610812,0.2542839510567314,0.43784872907625544,TRUE,19356,TRUE
465175,other_day_share,Other/private day share,percent,Payer mix,TRUE,Same state + same rural/urban fallback,12,2020,0.15273864086986152,0.1808594008251418,0.22150078784558835,0.28308391444017866,TRUE,12763,TRUE
465175,other_day_share,Other/private day share,percent,Payer mix,TRUE,Same state + same rural/urban fallback,12,2021,0.1283968078714927,0.18472208328497136,0.2568580911840549,0.23331652378551018,TRUE,11898,TRUE
465175,other_day_share,Other/private day share,percent,Payer mix,TRUE,Same state + same rural/urban fallback,12,2022,0.15570938100779674,0.20738523198939532,0.25541024707116244,0.1904804112745967,TRUE,11282,TRUE
465175,other_day_share,Other/private day share,percent,Payer mix,TRUE,Same state + same rural/urban fallback,12,2023,0.1952880823485047,0.23366251545227362,0.27539736576264473,0.19830713422007254,TRUE,11578,TRUE
465175,net_patient_revenue_per_day,Net patient revenue per resident day,dollar,Revenue,TRUE,Same state + same rural/urban fallback,12,2011,182.23530391064068,202.8966886322049,228.30644556853986,NA,FALSE,NA,FALSE
465175,net_patient_revenue_per_day,Net patient revenue per resident day,dollar,Revenue,TRUE,Same state + same rural/urban fallback,12,2012,182.84186759085287,203.86558157999207,222.3393380131702,NA,FALSE,NA,FALSE
465175,net_patient_revenue_per_day,Net patient revenue per resident day,dollar,Revenue,TRUE,Same state + same rural/urban fallback,12,2013,183.25167037861917,214.15511118395892,236.85389984825494,196.88043181197048,TRUE,14636,TRUE
465175,net_patient_revenue_per_day,Net patient revenue per resident day,dollar,Revenue,TRUE,Same state + same rural/urban fallback,12,2014,191.1512117569501,218.7181276163897,251.08407018731486,166.33255993812838,TRUE,2586,TRUE
465175,net_patient_revenue_per_day,Net patient revenue per resident day,dollar,Revenue,TRUE,Same state + same rural/urban fallback,12,2014,191.1512117569501,218.7181276163897,251.08407018731486,186.9821993670886,TRUE,7584,TRUE
465175,net_patient_revenue_per_day,Net patient revenue per resident day,dollar,Revenue,TRUE,Same state + same rural/urban fallback,12,2014,191.1512117569501,218.7181276163897,251.08407018731486,213.30433596945733,TRUE,14668,TRUE
465175,net_patient_revenue_per_day,Net patient revenue per resident day,dollar,Revenue,TRUE,Same state + same rural/urban fallback,12,2015,193.61017878688165,231.35165738866397,261.26675470452295,205.64747810000543,TRUE,18379,TRUE
465175,net_patient_revenue_per_day,Net patient revenue per resident day,dollar,Revenue,TRUE,Same state + same rural/urban fallback,12,2016,224.07339683944963,259.07073461813513,283.4998874858149,187.50786846103756,TRUE,18428,TRUE
465175,net_patient_revenue_per_day,Net patient revenue per resident day,dollar,Revenue,TRUE,Same state + same rural/urban fallback,12,2017,219.5280551080949,242.09963805164637,299.7329547657931,196.48086861199562,TRUE,19157,TRUE
465175,net_patient_revenue_per_day,Net patient revenue per resident day,dollar,Revenue,TRUE,Same state + same rural/urban fallback,12,2018,263.04811921741566,300.468658838519,311.88837511818,176.1745706229172,TRUE,19505,TRUE
465175,net_patient_revenue_per_day,Net patient revenue per resident day,dollar,Revenue,TRUE,Same state + same rural/urban fallback,12,2019,303.7538181460043,319.82773906756137,348.4592609390502,228.28244471998346,TRUE,19356,TRUE
465175,net_patient_revenue_per_day,Net patient revenue per resident day,dollar,Revenue,TRUE,Same state + same rural/urban fallback,12,2020,320.08563771529504,329.60767032638057,346.3961763241899,322.21107889994516,TRUE,12763,TRUE
465175,net_patient_revenue_per_day,Net patient revenue per resident day,dollar,Revenue,TRUE,Same state + same rural/urban fallback,12,2021,325.6945133757673,337.3261366449907,405.21556233531004,369.40670700958145,TRUE,11898,TRUE
465175,net_patient_revenue_per_day,Net patient revenue per resident day,dollar,Revenue,TRUE,Same state + same rural/urban fallback,12,2022,333.9212362432874,351.7070370215138,367.6496301718645,399.9379542634285,TRUE,11282,TRUE
465175,net_patient_revenue_per_day,Net patient revenue per resident day,dollar,Revenue,TRUE,Same state + same rural/urban fallback,12,2023,346.23412128593077,356.4732964368025,379.19504800012066,401.6294696838832,TRUE,11578,TRUE
465175,operating_expense_per_day,Operating expense per resident day,dollar,Cost,FALSE,Same state + same rural/urban fallback,12,2011,210.28364549195416,214.9809523424485,242.60639363689947,NA,FALSE,NA,FALSE
465175,operating_expense_per_day,Operating expense per resident day,dollar,Cost,FALSE,Same state + same rural/urban fallback,12,2012,209.98841290013016,222.65510610534992,233.35028679932103,NA,FALSE,NA,FALSE
465175,operating_expense_per_day,Operating expense per resident day,dollar,Cost,FALSE,Same state + same rural/urban fallback,12,2013,189.64053679838108,232.5078889823381,249.36046610529897,214.15359387810878,TRUE,14636,TRUE
465175,operating_expense_per_day,Operating expense per resident day,dollar,Cost,FALSE,Same state + same rural/urban fallback,12,2014,198.0264697951318,233.99840332109213,261.6715551618347,183.81515854601702,TRUE,2586,TRUE
465175,operating_expense_per_day,Operating expense per resident day,dollar,Cost,FALSE,Same state + same rural/urban fallback,12,2014,198.0264697951318,233.99840332109213,261.6715551618347,203.8438818565401,TRUE,7584,TRUE
465175,operating_expense_per_day,Operating expense per resident day,dollar,Cost,FALSE,Same state + same rural/urban fallback,12,2014,198.0264697951318,233.99840332109213,261.6715551618347,233.8024270520862,TRUE,14668,TRUE
465175,operating_expense_per_day,Operating expense per resident day,dollar,Cost,FALSE,Same state + same rural/urban fallback,12,2015,214.43522267206478,238.22963731547424,263.5786326414016,192.63599760596333,TRUE,18379,TRUE
465175,operating_expense_per_day,Operating expense per resident day,dollar,Cost,FALSE,Same state + same rural/urban fallback,12,2016,237.45682803343917,260.16729418411967,309.5883243861241,184.207184718906,TRUE,18428,TRUE
465175,operating_expense_per_day,Operating expense per resident day,dollar,Cost,FALSE,Same state + same rural/urban fallback,12,2017,250.28799717595598,282.1147502179547,336.9404995749738,194.5505559325573,TRUE,19157,TRUE
465175,operating_expense_per_day,Operating expense per resident day,dollar,Cost,FALSE,Same state + same rural/urban fallback,12,2018,268.726610716804,290.8410970040742,322.3132683329875,203.11822609587284,TRUE,19505,TRUE
465175,operating_expense_per_day,Operating expense per resident day,dollar,Cost,FALSE,Same state + same rural/urban fallback,12,2019,294.85973985998623,344.8006720139822,361.4100370404043,219.32620376110768,TRUE,19356,TRUE
465175,operating_expense_per_day,Operating expense per resident day,dollar,Cost,FALSE,Same state + same rural/urban fallback,12,2020,312.37772870417245,332.60926694529707,387.345167266922,334.88936770351796,TRUE,12763,TRUE
465175,operating_expense_per_day,Operating expense per resident day,dollar,Cost,FALSE,Same state + same rural/urban fallback,12,2021,314.7731802435749,351.05281054784405,436.8778701939749,344.3034963859472,TRUE,11898,TRUE
465175,operating_expense_per_day,Operating expense per resident day,dollar,Cost,FALSE,Same state + same rural/urban fallback,12,2022,348.60369082106786,377.2112242553719,411.62006008943695,386.7550966140755,TRUE,11282,TRUE
465175,operating_expense_per_day,Operating expense per resident day,dollar,Cost,FALSE,Same state + same rural/urban fallback,12,2023,341.6360387019937,368.51300227082754,398.6899858407019,375.5121782691311,TRUE,11578,TRUE
465175,patient_service_margin,Patient service margin,percent,Margin,TRUE,Same state + same rural/urban fallback,12,2011,-0.11795951418132766,-0.08856857625762543,-0.016974362165311813,NA,FALSE,NA,FALSE
465175,patient_service_margin,Patient service margin,percent,Margin,TRUE,Same state + same rural/urban fallback,12,2012,-0.13245567349661758,-0.08028864985057985,-0.04704614683622546,NA,FALSE,NA,FALSE
465175,patient_service_margin,Patient service margin,percent,Margin,TRUE,Same state + same rural/urban fallback,12,2013,-0.12570768801658494,-0.01097082442375623,0.0024364227599133707,-0.0877342756066023,TRUE,14636,TRUE
465175,patient_service_margin,Patient service margin,percent,Margin,TRUE,Same state + same rural/urban fallback,12,2014,-0.13103439777171613,-0.036279115988793555,0.033588117594623296,-0.10510629196347201,TRUE,2586,TRUE
465175,patient_service_margin,Patient service margin,percent,Margin,TRUE,Same state + same rural/urban fallback,12,2014,-0.13103439777171613,-0.036279115988793555,0.033588117594623296,-0.09017800917160118,TRUE,7584,TRUE
465175,patient_service_margin,Patient service margin,percent,Margin,TRUE,Same state + same rural/urban fallback,12,2014,-0.13103439777171613,-0.036279115988793555,0.033588117594623296,-0.0960978640657541,TRUE,14668,TRUE
465175,patient_service_margin,Patient service margin,percent,Margin,TRUE,Same state + same rural/urban fallback,12,2015,-0.03837489707485744,0.01236496621234032,0.07312000660613413,0.06327080017832598,TRUE,18379,TRUE
465175,patient_service_margin,Patient service margin,percent,Margin,TRUE,Same state + same rural/urban fallback,12,2016,-0.10233582847440247,-0.01478787795996223,0.03867077605633515,0.01760290791646107,TRUE,18428,TRUE
465175,patient_service_margin,Patient service margin,percent,Margin,TRUE,Same state + same rural/urban fallback,12,2017,-0.29629549703172336,-0.0686481227988621,-0.0038046208037706463,0.009824430709588564,TRUE,19157,TRUE
465175,patient_service_margin,Patient service margin,percent,Margin,TRUE,Same state + same rural/urban fallback,12,2018,-0.08201857068248818,0.010629513354129122,0.03834224376591898,-0.15293725636843278,TRUE,19505,TRUE
465175,patient_service_margin,Patient service margin,percent,Margin,TRUE,Same state + same rural/urban fallback,12,2019,-0.0664225571016481,-0.013973264910461629,0.0412984212430965,0.03923315684594903,TRUE,19356,TRUE
465175,patient_service_margin,Patient service margin,percent,Margin,TRUE,Same state + same rural/urban fallback,12,2020,-0.100777970898582,-0.047076533749385335,0.025488278014766132,-0.03934777428155958,TRUE,12763,TRUE
465175,patient_service_margin,Patient service margin,percent,Margin,TRUE,Same state + same rural/urban fallback,12,2021,-0.15648951390627822,-0.05877377680512676,-0.010207412432329133,0.06795548144442086,TRUE,11898,TRUE
465175,patient_service_margin,Patient service margin,percent,Margin,TRUE,Same state + same rural/urban fallback,12,2022,-0.10194956278677746,-0.07587083558203414,-0.023610850379680262,0.03296225704217549,TRUE,11282,TRUE
465175,patient_service_margin,Patient service margin,percent,Margin,TRUE,Same state + same rural/urban fallback,12,2023,-0.09891155128278355,-1.1630967532226961e-5,0.018274852591754365,0.06502832432916006,TRUE,11578,TRUE
465175,total_margin,Total margin,percent,Margin,TRUE,Same state + same rural/urban fallback,12,2011,-0.10365670793582878,-0.07031371418091698,0.004272659910269179,NA,FALSE,NA,FALSE
465175,total_margin,Total margin,percent,Margin,TRUE,Same state + same rural/urban fallback,12,2012,-0.09169242075091483,-0.057185950193050596,-0.016169408879473567,NA,FALSE,NA,FALSE
465175,total_margin,Total margin,percent,Margin,TRUE,Same state + same rural/urban fallback,12,2013,-0.08024733996742121,-0.0013413429092133315,0.015124777183600713,-0.08618822838605164,TRUE,14636,TRUE
465175,total_margin,Total margin,percent,Margin,TRUE,Same state + same rural/urban fallback,12,2014,-0.0095575881534351,0.04463264729275812,0.07427793226061709,0.09387728532371158,TRUE,2586,TRUE
465175,total_margin,Total margin,percent,Margin,TRUE,Same state + same rural/urban fallback,12,2014,-0.0095575881534351,0.04463264729275812,0.07427793226061709,-0.08933531630600117,TRUE,7584,TRUE
465175,total_margin,Total margin,percent,Margin,TRUE,Same state + same rural/urban fallback,12,2014,-0.0095575881534351,0.04463264729275812,0.07427793226061709,0.044184766558380544,TRUE,14668,TRUE
465175,total_margin,Total margin,percent,Margin,TRUE,Same state + same rural/urban fallback,12,2015,0.015409088685950426,0.051352447783052174,0.07490718961657268,0.08540385940821701,TRUE,18379,TRUE
465175,total_margin,Total margin,percent,Margin,TRUE,Same state + same rural/urban fallback,12,2016,-0.02818394004223814,0.021546097226426766,0.09857367135949664,0.0526860170834304,TRUE,18428,TRUE
465175,total_margin,Total margin,percent,Margin,TRUE,Same state + same rural/urban fallback,12,2017,-0.11764589263693931,-0.014792645633231245,0.008337001014348852,0.05105441468401566,TRUE,19157,TRUE
465175,total_margin,Total margin,percent,Margin,TRUE,Same state + same rural/urban fallback,12,2018,-0.027840870377984682,0.018728656989727845,0.04665032947659131,0.1081217070178987,TRUE,19505,TRUE
465175,total_margin,Total margin,percent,Margin,TRUE,Same state + same rural/urban fallback,12,2019,-0.046097054614425974,0.03702132626635911,0.06792968642158097,0.0944855141915999,TRUE,19356,TRUE
465175,total_margin,Total margin,percent,Margin,TRUE,Same state + same rural/urban fallback,12,2020,0.02101009017415307,0.06462081262856742,0.111674488993571,0.10613464709000628,TRUE,12763,TRUE
465175,total_margin,Total margin,percent,Margin,TRUE,Same state + same rural/urban fallback,12,2021,-0.0708690454232529,0.02894412706110676,0.1694579727699777,0.1224856383132421,TRUE,11898,TRUE
465175,total_margin,Total margin,percent,Margin,TRUE,Same state + same rural/urban fallback,12,2022,-0.015244770177412919,0.022774120589968347,0.0556081321442241,0.13557523104541122,TRUE,11282,TRUE
465175,total_margin,Total margin,percent,Margin,TRUE,Same state + same rural/urban fallback,12,2023,-0.06359175082551684,0.016453185152310916,0.05992281171290331,0.09005979700073075,TRUE,11578,TRUE
465175,salary_cost_per_day,Salary cost per resident day,dollar,Labor,FALSE,Same state + same rural/urban fallback,12,2011,84.7432138579657,100.57138235234567,110.50566627700866,NA,FALSE,NA,FALSE
465175,salary_cost_per_day,Salary cost per resident day,dollar,Labor,FALSE,Same state + same rural/urban fallback,12,2012,89.95518111991763,98.4998530276308,113.12026606693485,NA,FALSE,NA,FALSE
465175,salary_cost_per_day,Salary cost per resident day,dollar,Labor,FALSE,Same state + same rural/urban fallback,12,2013,82.46342943854324,89.22231133795115,107.32508331967438,108.08936867996721,TRUE,14636,TRUE
465175,salary_cost_per_day,Salary cost per resident day,dollar,Labor,FALSE,Same state + same rural/urban fallback,12,2014,89.22997124308694,95.60226975771829,104.88859781684582,0.002320185614849188,TRUE,2586,TRUE
465175,salary_cost_per_day,Salary cost per resident day,dollar,Labor,FALSE,Same state + same rural/urban fallback,12,2014,89.22997124308694,95.60226975771829,104.88859781684582,89.12130801687763,TRUE,7584,TRUE
465175,salary_cost_per_day,Salary cost per resident day,dollar,Labor,FALSE,Same state + same rural/urban fallback,12,2014,89.22997124308694,95.60226975771829,104.88859781684582,4.0905372238887375e-4,TRUE,14668,TRUE
465175,salary_cost_per_day,Salary cost per resident day,dollar,Labor,FALSE,Same state + same rural/urban fallback,12,2015,83.3586840418714,94.62119565217391,108.4650177125506,3.2645954622123076e-4,TRUE,18379,TRUE
465175,salary_cost_per_day,Salary cost per resident day,dollar,Labor,FALSE,Same state + same rural/urban fallback,12,2016,97.87954762113259,115.86583453893677,137.9235888890293,3.2559149120902974e-4,TRUE,18428,TRUE
465175,salary_cost_per_day,Salary cost per resident day,dollar,Labor,FALSE,Same state + same rural/urban fallback,12,2017,109.137959667742,126.54898094924815,139.45098473966817,3.132014407266273e-4,TRUE,19157,TRUE
465175,salary_cost_per_day,Salary cost per resident day,dollar,Labor,FALSE,Same state + same rural/urban fallback,12,2018,106.78131441932665,117.88180698840387,143.33289255801338,3.076134324532171e-4,TRUE,19505,TRUE
465175,salary_cost_per_day,Salary cost per resident day,dollar,Labor,FALSE,Same state + same rural/urban fallback,12,2019,107.00137389399478,125.52987436118977,150.43325711284464,3.0998140111593303e-4,TRUE,19356,TRUE
465175,salary_cost_per_day,Salary cost per resident day,dollar,Labor,FALSE,Same state + same rural/urban fallback,12,2020,113.31490910602899,133.82457182415402,155.5195968856524,9.402178171276346e-4,TRUE,12763,TRUE
465175,salary_cost_per_day,Salary cost per resident day,dollar,Labor,FALSE,Same state + same rural/urban fallback,12,2021,119.1620218665151,138.87423661031121,160.99115232966375,0.0010085728693898135,TRUE,11898,TRUE
465175,salary_cost_per_day,Salary cost per resident day,dollar,Labor,FALSE,Same state + same rural/urban fallback,12,2022,132.3277389651868,154.76899694124037,166.58522647652723,0.0010636411983690835,TRUE,11282,TRUE
465175,salary_cost_per_day,Salary cost per resident day,dollar,Labor,FALSE,Same state + same rural/urban fallback,12,2023,137.5060536073471,156.11484815451587,175.02772165255044,0.0010364484366902746,TRUE,11578,TRUE
465175,contract_labor_per_day,Contract labor per resident day,dollar,Labor,FALSE,Same state + same rural/urban fallback,12,2011,7.443687100275952,9.233665573064968,11.023644045853983,NA,FALSE,NA,FALSE
465175,contract_labor_per_day,Contract labor per resident day,dollar,Labor,FALSE,Same state + same rural/urban fallback,12,2012,4.364251490911965,10.843252826345768,17.95585054953513,NA,FALSE,NA,FALSE
465175,contract_labor_per_day,Contract labor per resident day,dollar,Labor,FALSE,Same state + same rural/urban fallback,12,2013,1.9992344985965809,11.770700321702549,20.798603945371774,NA,TRUE,14636,TRUE
465175,contract_labor_per_day,Contract labor per resident day,dollar,Labor,FALSE,Same state + same rural/urban fallback,12,2014,2.2131676844247914,11.1731843575419,17.735224083680585,112.71423047177107,TRUE,2586,TRUE
465175,contract_labor_per_day,Contract labor per resident day,dollar,Labor,FALSE,Same state + same rural/urban fallback,12,2014,2.2131676844247914,11.1731843575419,17.735224083680585,NA,TRUE,7584,TRUE
465175,contract_labor_per_day,Contract labor per resident day,dollar,Labor,FALSE,Same state + same rural/urban fallback,12,2014,2.2131676844247914,11.1731843575419,17.735224083680585,111.21550313607854,TRUE,14668,TRUE
465175,contract_labor_per_day,Contract labor per resident day,dollar,Labor,FALSE,Same state + same rural/urban fallback,12,2015,1.4539237486100565,12.967174456444843,16.40737337914951,74.02965340878175,TRUE,18379,TRUE
465175,contract_labor_per_day,Contract labor per resident day,dollar,Labor,FALSE,Same state + same rural/urban fallback,12,2016,4.7270564915758175,11.31092988376453,23.400681444348713,74.91871065769482,TRUE,18428,TRUE
465175,contract_labor_per_day,Contract labor per resident day,dollar,Labor,FALSE,Same state + same rural/urban fallback,12,2017,6.365131857881794,6.61173429147314,10.451240924405637,78.97969410659289,TRUE,19157,TRUE
465175,contract_labor_per_day,Contract labor per resident day,dollar,Labor,FALSE,Same state + same rural/urban fallback,12,2018,7.075378908008662,13.091619646656184,13.35715657626363,98.86008715713919,TRUE,19505,TRUE
465175,contract_labor_per_day,Contract labor per resident day,dollar,Labor,FALSE,Same state + same rural/urban fallback,12,2019,1.331110853432282,7.710394307046197,11.83045770428948,102.71988014052491,TRUE,19356,TRUE
465175,contract_labor_per_day,Contract labor per resident day,dollar,Labor,FALSE,Same state + same rural/urban fallback,12,2020,0.8139163740823492,1.8952026334250716,13.82176724137931,103.0125362375617,TRUE,12763,TRUE
465175,contract_labor_per_day,Contract labor per resident day,dollar,Labor,FALSE,Same state + same rural/urban fallback,12,2021,0.6445293292521549,5.768707311428025,12.042120817098057,151.50092452513027,TRUE,11898,TRUE
465175,contract_labor_per_day,Contract labor per resident day,dollar,Labor,FALSE,Same state + same rural/urban fallback,12,2022,4.936166731600885,9.000264480296218,15.4801095595896,143.27096259528452,TRUE,11282,TRUE
465175,contract_labor_per_day,Contract labor per resident day,dollar,Labor,FALSE,Same state + same rural/urban fallback,12,2023,0.3820788987979495,5.323409307021122,10.705766106165877,139.31369839350492,TRUE,11578,TRUE
465175,contract_labor_ratio,Contract labor ratio,percent,Labor,FALSE,Same state + same rural/urban fallback,12,2011,0.07141151007881509,0.09422378006012434,0.11703605004143358,NA,FALSE,NA,FALSE
465175,contract_labor_ratio,Contract labor ratio,percent,Labor,FALSE,Same state + same rural/urban fallback,12,2012,0.04189492279141651,0.10557958450918434,0.17153419840655434,NA,FALSE,NA,FALSE
465175,contract_labor_ratio,Contract labor ratio,percent,Labor,FALSE,Same state + same rural/urban fallback,12,2013,0.017719228812121898,0.13207636234796005,0.20141578917050015,NA,TRUE,14636,TRUE
465175,contract_labor_ratio,Contract labor ratio,percent,Labor,FALSE,Same state + same rural/urban fallback,12,2014,0.02102555861330403,0.04844703043926923,0.19565484567032554,0.9999794157503816,TRUE,2586,TRUE
465175,contract_labor_ratio,Contract labor ratio,percent,Labor,FALSE,Same state + same rural/urban fallback,12,2014,0.02102555861330403,0.04844703043926923,0.19565484567032554,NA,TRUE,7584,TRUE
465175,contract_labor_ratio,Contract labor ratio,percent,Labor,FALSE,Same state + same rural/urban fallback,12,2014,0.02102555861330403,0.04844703043926923,0.19565484567032554,0.9999963219856374,TRUE,14668,TRUE
465175,contract_labor_ratio,Contract labor ratio,percent,Labor,FALSE,Same state + same rural/urban fallback,12,2015,0.013098967231145536,0.1466633309400028,0.17341404123124848,0.9999955901710793,TRUE,18379,TRUE
465175,contract_labor_ratio,Contract labor ratio,percent,Labor,FALSE,Same state + same rural/urban fallback,12,2016,0.040662452876193335,0.12221777685494203,0.16784426638201647,0.9999956540886334,TRUE,18428,TRUE
465175,contract_labor_ratio,Contract labor ratio,percent,Labor,FALSE,Same state + same rural/urban fallback,12,2017,0.04703611943052795,0.050530079816577374,0.11869184011451034,0.9999960344212238,TRUE,19157,TRUE
465175,contract_labor_ratio,Contract labor ratio,percent,Labor,FALSE,Same state + same rural/urban fallback,12,2018,0.0721488314601214,0.13585482371553592,0.13831617420396886,0.999996888405785,TRUE,19505,TRUE
465175,contract_labor_ratio,Contract labor ratio,percent,Labor,FALSE,Same state + same rural/urban fallback,12,2019,0.009750969936739101,0.0623865533844494,0.11614689723439883,0.9999969822738768,TRUE,19356,TRUE
465175,contract_labor_ratio,Contract labor ratio,percent,Labor,FALSE,Same state + same rural/urban fallback,12,2020,0.008266943830817481,0.013382264460523654,0.10745785999128715,0.9999908728658669,TRUE,12763,TRUE
465175,contract_labor_ratio,Contract labor ratio,percent,Labor,FALSE,Same state + same rural/urban fallback,12,2021,0.004201002325322765,0.04486812975879882,0.09377454063636809,0.9999933428382809,TRUE,11898,TRUE
465175,contract_labor_ratio,Contract labor ratio,percent,Labor,FALSE,Same state + same rural/urban fallback,12,2022,0.030289444966219693,0.05510252989105794,0.1049837686380512,0.9999925760720616,TRUE,11282,TRUE
465175,contract_labor_ratio,Contract labor ratio,percent,Labor,FALSE,Same state + same rural/urban fallback,12,2023,0.002143793237084281,0.03574480044306976,0.0722608061397145,0.9999925603818012,TRUE,11578,TRUE
465175,days_cash_on_hand,Days cash on hand,number,Liquidity,TRUE,Same state + same rural/urban fallback,12,2011,0.2985075241159816,4.854121429507629,13.840852613892778,NA,FALSE,NA,FALSE
465175,days_cash_on_hand,Days cash on hand,number,Liquidity,TRUE,Same state + same rural/urban fallback,12,2012,1.477661613392216,8.37478946329426,15.844038826529276,NA,FALSE,NA,FALSE
465175,days_cash_on_hand,Days cash on hand,number,Liquidity,TRUE,Same state + same rural/urban fallback,12,2013,0.1235177990853181,0.5908881313695116,8.55133307105971,-281.0373021281592,TRUE,14636,TRUE
465175,days_cash_on_hand,Days cash on hand,number,Liquidity,TRUE,Same state + same rural/urban fallback,12,2014,3.034855063386164,8.08744839378588,12.363742669671586,360.5579199151776,TRUE,2586,TRUE
465175,days_cash_on_hand,Days cash on hand,number,Liquidity,TRUE,Same state + same rural/urban fallback,12,2014,3.034855063386164,8.08744839378588,12.363742669671586,-136.03377401109478,TRUE,7584,TRUE
465175,days_cash_on_hand,Days cash on hand,number,Liquidity,TRUE,Same state + same rural/urban fallback,12,2014,3.034855063386164,8.08744839378588,12.363742669671586,30.7354842547444,TRUE,14668,TRUE
465175,days_cash_on_hand,Days cash on hand,number,Liquidity,TRUE,Same state + same rural/urban fallback,12,2015,1.7457465055451422,8.872036058767018,40.86863939429128,31.013048880412896,TRUE,18379,TRUE
465175,days_cash_on_hand,Days cash on hand,number,Liquidity,TRUE,Same state + same rural/urban fallback,12,2016,0.9439146216597578,16.176146616715954,48.07103165663397,50.91475650818807,TRUE,18428,TRUE
465175,days_cash_on_hand,Days cash on hand,number,Liquidity,TRUE,Same state + same rural/urban fallback,12,2017,5.936149878190258,12.135100975593902,30.50158571026136,67.8679717360186,TRUE,19157,TRUE
465175,days_cash_on_hand,Days cash on hand,number,Liquidity,TRUE,Same state + same rural/urban fallback,12,2018,-0.14380214552242876,1.4341471008086084,13.778783698479486,127.28213490715508,TRUE,19505,TRUE
465175,days_cash_on_hand,Days cash on hand,number,Liquidity,TRUE,Same state + same rural/urban fallback,12,2019,12.015802570548708,16.54854113847519,32.9917032650104,125.8854096245287,TRUE,19356,TRUE
465175,days_cash_on_hand,Days cash on hand,number,Liquidity,TRUE,Same state + same rural/urban fallback,12,2020,11.876376825196886,25.21848107760978,52.478452743676016,97.87168829297133,TRUE,12763,TRUE
465175,days_cash_on_hand,Days cash on hand,number,Liquidity,TRUE,Same state + same rural/urban fallback,12,2021,10.009243904435548,26.63437066531847,29.87908344803641,128.1466685284081,TRUE,11898,TRUE
465175,days_cash_on_hand,Days cash on hand,number,Liquidity,TRUE,Same state + same rural/urban fallback,12,2022,7.320136777014531,11.960315809634327,20.63303402283764,118.38520836298356,TRUE,11282,TRUE
465175,days_cash_on_hand,Days cash on hand,number,Liquidity,TRUE,Same state + same rural/urban fallback,12,2023,15.89343766762218,22.482764562256683,33.85621188626335,138.36651685496633,TRUE,11578,TRUE
465175,current_ratio,Current ratio,number,Liquidity,TRUE,Same state + same rural/urban fallback,12,2011,0.8496620171958157,1.284287837152815,2.225199131185684,NA,FALSE,NA,FALSE
465175,current_ratio,Current ratio,number,Liquidity,TRUE,Same state + same rural/urban fallback,12,2012,0.7856879279364636,0.9157451067032264,2.2236703707852166,NA,FALSE,NA,FALSE
465175,current_ratio,Current ratio,number,Liquidity,TRUE,Same state + same rural/urban fallback,12,2013,0.7435887698402948,2.058556778144696,3.395816139796907,0.20912996673388692,TRUE,14636,TRUE
465175,current_ratio,Current ratio,number,Liquidity,TRUE,Same state + same rural/urban fallback,12,2014,0.8631680892350073,2.306985500634022,3.085077077109461,1.2250829816633044,TRUE,2586,TRUE
465175,current_ratio,Current ratio,number,Liquidity,TRUE,Same state + same rural/urban fallback,12,2014,0.8631680892350073,2.306985500634022,3.085077077109461,0.14440435979720495,TRUE,7584,TRUE
465175,current_ratio,Current ratio,number,Liquidity,TRUE,Same state + same rural/urban fallback,12,2014,0.8631680892350073,2.306985500634022,3.085077077109461,1.3304274465691788,TRUE,14668,TRUE
465175,current_ratio,Current ratio,number,Liquidity,TRUE,Same state + same rural/urban fallback,12,2015,0.8887443946554746,1.715983608404975,2.7034129607994233,2.828990798548942,TRUE,18379,TRUE
465175,current_ratio,Current ratio,number,Liquidity,TRUE,Same state + same rural/urban fallback,12,2016,0.9236127406686843,1.404337382311919,2.818518931935878,1.2244437896399116,TRUE,18428,TRUE
465175,current_ratio,Current ratio,number,Liquidity,TRUE,Same state + same rural/urban fallback,12,2017,0.9595439688106581,1.405631392906685,3.7891979190836773,1.1811645755093354,TRUE,19157,TRUE
465175,current_ratio,Current ratio,number,Liquidity,TRUE,Same state + same rural/urban fallback,12,2018,1.4808384695975711,2.38157242487361,3.459514746854828,1.247809005741916,TRUE,19505,TRUE
465175,current_ratio,Current ratio,number,Liquidity,TRUE,Same state + same rural/urban fallback,12,2019,0.7757096403088415,2.264489486345942,3.507484590981858,1.3115426808592685,TRUE,19356,TRUE
465175,current_ratio,Current ratio,number,Liquidity,TRUE,Same state + same rural/urban fallback,12,2020,1.0656140329539405,4.405681425986249,6.811059193367769,1.388092328570146,TRUE,12763,TRUE
465175,current_ratio,Current ratio,number,Liquidity,TRUE,Same state + same rural/urban fallback,12,2021,0.9995706900491608,2.6169628022236684,5.380314758161398,1.4450770759038642,TRUE,11898,TRUE
465175,current_ratio,Current ratio,number,Liquidity,TRUE,Same state + same rural/urban fallback,12,2022,0.40814782676516154,0.9594557171628187,5.8461082578281545,1.886720283513801,TRUE,11282,TRUE
465175,current_ratio,Current ratio,number,Liquidity,TRUE,Same state + same rural/urban fallback,12,2023,0.5958874220857495,1.2671509571716104,7.091996350386078,1.7626210537356222,TRUE,11578,TRUE
465175,days_accounts_receivable,Days accounts receivable,number,Liquidity,FALSE,Same state + same rural/urban fallback,12,2011,34.37170006753767,44.09713074981464,63.744819324241725,NA,FALSE,NA,FALSE
465175,days_accounts_receivable,Days accounts receivable,number,Liquidity,FALSE,Same state + same rural/urban fallback,12,2012,36.562110297628244,42.536287077295235,60.248457257351035,NA,FALSE,NA,FALSE
465175,days_accounts_receivable,Days accounts receivable,number,Liquidity,FALSE,Same state + same rural/urban fallback,12,2013,35.32675632992435,43.338638008722086,61.56351600089207,366.8309901434718,TRUE,14636,TRUE
465175,days_accounts_receivable,Days accounts receivable,number,Liquidity,FALSE,Same state + same rural/urban fallback,12,2014,30.48215224437942,38.98186976754183,49.76744077143387,199.71915859170124,TRUE,2586,TRUE
465175,days_accounts_receivable,Days accounts receivable,number,Liquidity,FALSE,Same state + same rural/urban fallback,12,2014,30.48215224437942,38.98186976754183,49.76744077143387,239.92495449811116,TRUE,7584,TRUE
465175,days_accounts_receivable,Days accounts receivable,number,Liquidity,FALSE,Same state + same rural/urban fallback,12,2014,30.48215224437942,38.98186976754183,49.76744077143387,57.428842143886314,TRUE,14668,TRUE
465175,days_accounts_receivable,Days accounts receivable,number,Liquidity,FALSE,Same state + same rural/urban fallback,12,2015,27.170280249025915,40.12596600832544,55.69490318697611,46.100025002678855,TRUE,18379,TRUE
465175,days_accounts_receivable,Days accounts receivable,number,Liquidity,FALSE,Same state + same rural/urban fallback,12,2016,38.59756660830707,53.320322418193044,78.78742238750398,47.97273538915232,TRUE,18428,TRUE
465175,days_accounts_receivable,Days accounts receivable,number,Liquidity,FALSE,Same state + same rural/urban fallback,12,2017,34.3352778688551,60.52398058491994,69.21791621336018,49.34115022805623,TRUE,19157,TRUE
465175,days_accounts_receivable,Days accounts receivable,number,Liquidity,FALSE,Same state + same rural/urban fallback,12,2018,29.948864734775167,54.332549366091484,82.50426918495171,44.15655715401953,TRUE,19505,TRUE
465175,days_accounts_receivable,Days accounts receivable,number,Liquidity,FALSE,Same state + same rural/urban fallback,12,2019,39.68309818959531,41.524019072374514,57.00650679879057,31.715082599037938,TRUE,19356,TRUE
465175,days_accounts_receivable,Days accounts receivable,number,Liquidity,FALSE,Same state + same rural/urban fallback,12,2020,38.90136843094545,48.636646527735564,56.42181770998203,35.40785263035031,TRUE,12763,TRUE
465175,days_accounts_receivable,Days accounts receivable,number,Liquidity,FALSE,Same state + same rural/urban fallback,12,2021,42.084375146266424,67.30104856331896,83.21359603178323,38.528285737102806,TRUE,11898,TRUE
465175,days_accounts_receivable,Days accounts receivable,number,Liquidity,FALSE,Same state + same rural/urban fallback,12,2022,52.81227302277169,55.09279738645459,78.42224938720253,48.47629706788413,TRUE,11282,TRUE
465175,days_accounts_receivable,Days accounts receivable,number,Liquidity,FALSE,Same state + same rural/urban fallback,12,2023,42.83031261029351,52.330755032123506,57.86463923682767,29.916808922712065,TRUE,11578,TRUE
465175,debt_to_assets,Debt to assets,percent,Solvency,FALSE,Same state + same rural/urban fallback,12,2011,0.34057386314021915,0.7741845031093133,1.0792117328885769,NA,FALSE,NA,FALSE
465175,debt_to_assets,Debt to assets,percent,Solvency,FALSE,Same state + same rural/urban fallback,12,2012,0.18840203681811152,0.87208119469015,1.0708452648667872,NA,FALSE,NA,FALSE
465175,debt_to_assets,Debt to assets,percent,Solvency,FALSE,Same state + same rural/urban fallback,12,2013,0.24487619072522698,0.9086150743170324,1.2385867119917036,-1.3936772937925994,TRUE,14636,TRUE
465175,debt_to_assets,Debt to assets,percent,Solvency,FALSE,Same state + same rural/urban fallback,12,2014,0.19479190760830822,0.8857918198860106,1.1000232661324865,0.943980311257488,TRUE,2586,TRUE
465175,debt_to_assets,Debt to assets,percent,Solvency,FALSE,Same state + same rural/urban fallback,12,2014,0.19479190760830822,0.8857918198860106,1.1000232661324865,-1.2813310510709242,TRUE,7584,TRUE
465175,debt_to_assets,Debt to assets,percent,Solvency,FALSE,Same state + same rural/urban fallback,12,2014,0.19479190760830822,0.8857918198860106,1.1000232661324865,0.7643653977303456,TRUE,14668,TRUE
465175,debt_to_assets,Debt to assets,percent,Solvency,FALSE,Same state + same rural/urban fallback,12,2015,0.24230644412165023,0.8791893902638469,1.0904615459219582,0.3387851175915975,TRUE,18379,TRUE
465175,debt_to_assets,Debt to assets,percent,Solvency,FALSE,Same state + same rural/urban fallback,12,2016,0.20774756767671754,0.7850724766211711,0.9560475585498378,0.7933297776970825,TRUE,18428,TRUE
465175,debt_to_assets,Debt to assets,percent,Solvency,FALSE,Same state + same rural/urban fallback,12,2017,0.09760315803743969,0.6060661407748815,1.007376852631812,0.8352900596508773,TRUE,19157,TRUE
465175,debt_to_assets,Debt to assets,percent,Solvency,FALSE,Same state + same rural/urban fallback,12,2018,0.25965784632629835,0.6814767673795497,0.8280549736240381,0.796422559629772,TRUE,19505,TRUE
465175,debt_to_assets,Debt to assets,percent,Solvency,FALSE,Same state + same rural/urban fallback,12,2019,0.4139874653121639,0.6599812636688902,0.8953322541703883,0.7600255283927573,TRUE,19356,TRUE
465175,debt_to_assets,Debt to assets,percent,Solvency,FALSE,Same state + same rural/urban fallback,12,2020,0.23356150370481565,0.522923413232181,0.9516769017385334,0.6982265060186537,TRUE,12763,TRUE
465175,debt_to_assets,Debt to assets,percent,Solvency,FALSE,Same state + same rural/urban fallback,12,2021,0.23896714915280245,0.6246621251854374,0.8278586262782478,0.7346907651408177,TRUE,11898,TRUE
465175,debt_to_assets,Debt to assets,percent,Solvency,FALSE,Same state + same rural/urban fallback,12,2022,0.20839723559314854,0.6385189992109479,1.002757879420024,0.5821194863621757,TRUE,11282,TRUE
465175,debt_to_assets,Debt to assets,percent,Solvency,FALSE,Same state + same rural/urban fallback,12,2023,0.16445483572234668,0.5834708826905121,0.9857800792830305,0.7370468895277997,TRUE,11578,TRUE
465147,occupancy_rate,Occupancy rate,percent,Utilization,TRUE,Same state + same rural/urban + same bed-size band,7,2011,0.5523276859485194,0.6230154225203233,0.760397358952284,NA,NA,NA,NA
465147,occupancy_rate,Occupancy rate,percent,Utilization,TRUE,Same state + same rural/urban + same bed-size band,7,2012,0.5327287073676276,0.6172743546259657,0.7121926229508196,0.6892076502732241,TRUE,9081,TRUE
465147,occupancy_rate,Occupancy rate,percent,Utilization,TRUE,Same state + same rural/urban + same bed-size band,7,2013,0.5149293811998111,0.563234852063383,0.6891535773108906,0.7442297369833601,TRUE,2773,TRUE
465147,occupancy_rate,Occupancy rate,percent,Utilization,TRUE,Same state + same rural/urban + same bed-size band,7,2013,0.5149293811998111,0.563234852063383,0.6891535773108906,0.5427989130434783,TRUE,4794,TRUE
465147,occupancy_rate,Occupancy rate,percent,Utilization,TRUE,Same state + same rural/urban + same bed-size band,7,2013,0.5149293811998111,0.563234852063383,0.6891535773108906,0.6088147706968433,TRUE,10222,TRUE
465147,occupancy_rate,Occupancy rate,percent,Utilization,TRUE,Same state + same rural/urban + same bed-size band,7,2014,0.41740099626400995,0.5524629192253188,0.7006357901473479,0.5734365693865396,TRUE,9628,TRUE
465147,occupancy_rate,Occupancy rate,percent,Utilization,TRUE,Same state + same rural/urban + same bed-size band,7,2015,0.4499921776276401,0.658011563080735,0.7534955125177137,0.7881754705525197,TRUE,10385,TRUE
465147,occupancy_rate,Occupancy rate,percent,Utilization,TRUE,Same state + same rural/urban + same bed-size band,7,2016,0.432,0.4868569813453929,0.6041912798874824,0.6025875190258752,TRUE,7918,TRUE
465147,occupancy_rate,Occupancy rate,percent,Utilization,TRUE,Same state + same rural/urban + same bed-size band,7,2017,0.44435367372353674,0.449454850433324,0.5507531622316695,0.6735159817351598,TRUE,8850,TRUE
465147,occupancy_rate,Occupancy rate,percent,Utilization,TRUE,Same state + same rural/urban + same bed-size band,7,2018,0.5149986569970454,0.5695323571091166,0.5841112747533537,0.5274353120243531,TRUE,13861,TRUE
465147,occupancy_rate,Occupancy rate,percent,Utilization,TRUE,Same state + same rural/urban + same bed-size band,7,2019,0.5148618933063656,0.5830420406235238,0.6121793547421214,0.955335458409229,TRUE,25175,TRUE
465147,occupancy_rate,Occupancy rate,percent,Utilization,TRUE,Same state + same rural/urban + same bed-size band,7,2020,0.4567245029918392,0.5024643737276331,0.6590876001197694,0.977283105022831,TRUE,25683,TRUE
465147,occupancy_rate,Occupancy rate,percent,Utilization,TRUE,Same state + same rural/urban + same bed-size band,7,2021,0.4191880222408598,0.6022025248455547,0.7051369863013699,0.8168552709946396,TRUE,27430,TRUE
465147,occupancy_rate,Occupancy rate,percent,Utilization,TRUE,Same state + same rural/urban + same bed-size band,7,2022,0.4426232089434735,0.5934998656997046,0.6848687214611873,0.8222156045265039,TRUE,27610,TRUE
465147,occupancy_rate,Occupancy rate,percent,Utilization,TRUE,Same state + same rural/urban + same bed-size band,7,2023,0.4841809330257645,0.6690840719849583,0.7267530784489857,0.8447077690662865,TRUE,28443,TRUE
465147,medicare_day_share,Medicare day share,percent,Payer mix,TRUE,Same state + same rural/urban + same bed-size band,7,2011,0.09945991195401675,0.10311050360765456,0.1637695943318058,NA,NA,NA,NA
465147,medicare_day_share,Medicare day share,percent,Payer mix,TRUE,Same state + same rural/urban + same bed-size band,7,2012,0.11754667964750999,0.1281279393511061,0.15768643431293408,0.06981609954850787,TRUE,9081,TRUE
465147,medicare_day_share,Medicare day share,percent,Payer mix,TRUE,Same state + same rural/urban + same bed-size band,7,2013,0.08450239879024443,0.13056879753548814,0.17637519790941064,0.0843851424450054,TRUE,2773,TRUE
465147,medicare_day_share,Medicare day share,percent,Payer mix,TRUE,Same state + same rural/urban + same bed-size band,7,2013,0.08450239879024443,0.13056879753548814,0.17637519790941064,0.0951188986232791,TRUE,4794,TRUE
465147,medicare_day_share,Medicare day share,percent,Payer mix,TRUE,Same state + same rural/urban + same bed-size band,7,2013,0.08450239879024443,0.13056879753548814,0.17637519790941064,0.13422030913715516,TRUE,10222,TRUE
465147,medicare_day_share,Medicare day share,percent,Payer mix,TRUE,Same state + same rural/urban + same bed-size band,7,2014,0.08879627955263858,0.12761566214263217,0.1859580280947009,0.14281262982966347,TRUE,9628,TRUE
465147,medicare_day_share,Medicare day share,percent,Payer mix,TRUE,Same state + same rural/urban + same bed-size band,7,2015,0.10833635975218969,0.14902480590797199,0.18619025058765912,0.09898892633606163,TRUE,10385,TRUE
465147,medicare_day_share,Medicare day share,percent,Payer mix,TRUE,Same state + same rural/urban + same bed-size band,7,2016,0.09793246880352337,0.14114319157237612,0.21466798810703666,0.15155342258145996,TRUE,7918,TRUE
465147,medicare_day_share,Medicare day share,percent,Payer mix,TRUE,Same state + same rural/urban + same bed-size band,7,2017,0.1341633170188956,0.1560872624912034,0.1918692598367555,0.17853107344632768,TRUE,8850,TRUE
465147,medicare_day_share,Medicare day share,percent,Payer mix,TRUE,Same state + same rural/urban + same bed-size band,7,2018,0.10660037608869702,0.20585333771785597,0.24844860034215643,0.1818772094365486,TRUE,13861,TRUE
465147,medicare_day_share,Medicare day share,percent,Payer mix,TRUE,Same state + same rural/urban + same bed-size band,7,2019,0.08287531514331231,0.17810955735464198,0.26583462030787586,0.15872889771598808,TRUE,25175,TRUE
465147,medicare_day_share,Medicare day share,percent,Payer mix,TRUE,Same state + same rural/urban + same bed-size band,7,2020,0.07427453848253414,0.15108220492589827,0.22868151627175096,0.15699100572363042,TRUE,25683,TRUE
465147,medicare_day_share,Medicare day share,percent,Payer mix,TRUE,Same state + same rural/urban + same bed-size band,7,2021,0.08447504907729636,0.23842696629213483,0.2528539639989162,0.11965001822821728,TRUE,27430,TRUE
465147,medicare_day_share,Medicare day share,percent,Payer mix,TRUE,Same state + same rural/urban + same bed-size band,7,2022,0.08913360633237877,0.21111747031048791,0.2416013567724754,0.11702281781963057,TRUE,27610,TRUE
465147,medicare_day_share,Medicare day share,percent,Payer mix,TRUE,Same state + same rural/urban + same bed-size band,7,2023,0.08777357520911114,0.17784022480931352,0.21215942054925524,0.08785993038708997,TRUE,28443,TRUE
465147,medicaid_day_share,Medicaid day share,percent,Payer mix,FALSE,Same state + same rural/urban + same bed-size band,7,2011,0.5878877689555637,0.5965155279660417,0.6368322917119771,NA,NA,NA,NA
465147,medicaid_day_share,Medicaid day share,percent,Payer mix,FALSE,Same state + same rural/urban + same bed-size band,7,2012,0.5631005128761742,0.6117905100825531,0.6583452309689075,0.5705318797489264,TRUE,9081,TRUE
465147,medicaid_day_share,Medicaid day share,percent,Payer mix,FALSE,Same state + same rural/urban + same bed-size band,7,2013,0.569870639059766,0.6178246691427454,0.6938995245751342,0.700685178507032,TRUE,2773,TRUE
465147,medicaid_day_share,Medicaid day share,percent,Payer mix,FALSE,Same state + same rural/urban + same bed-size band,7,2013,0.569870639059766,0.6178246691427454,0.6938995245751342,0.6608260325406758,TRUE,4794,TRUE
465147,medicaid_day_share,Medicaid day share,percent,Payer mix,FALSE,Same state + same rural/urban + same bed-size band,7,2013,0.569870639059766,0.6178246691427454,0.6938995245751342,0.6035022500489141,TRUE,10222,TRUE
465147,medicaid_day_share,Medicaid day share,percent,Payer mix,FALSE,Same state + same rural/urban + same bed-size band,7,2014,0.5353605993605095,0.6018145785395642,0.6276952334550427,0.5548400498545908,TRUE,9628,TRUE
465147,medicaid_day_share,Medicaid day share,percent,Payer mix,FALSE,Same state + same rural/urban + same bed-size band,7,2015,0.5323433176866254,0.5767631599592061,0.6047483124047326,0.597303803562831,TRUE,10385,TRUE
465147,medicaid_day_share,Medicaid day share,percent,Payer mix,FALSE,Same state + same rural/urban + same bed-size band,7,2016,0.5468795355587809,0.6110183639398998,0.6267757483510908,0.537888355645365,TRUE,7918,TRUE
465147,medicaid_day_share,Medicaid day share,percent,Payer mix,FALSE,Same state + same rural/urban + same bed-size band,7,2017,0.4834795539344037,0.518613179242138,0.6311738507535112,0.6938983050847458,TRUE,8850,TRUE
465147,medicaid_day_share,Medicaid day share,percent,Payer mix,FALSE,Same state + same rural/urban + same bed-size band,7,2018,0.4602645476843701,0.49343730388564716,0.6175643039408034,0.572180939326167,TRUE,13861,TRUE
465147,medicaid_day_share,Medicaid day share,percent,Payer mix,FALSE,Same state + same rural/urban + same bed-size band,7,2019,0.5099199775713574,0.5457132999827496,0.614479194232274,0.6520357497517378,TRUE,25175,TRUE
465147,medicaid_day_share,Medicaid day share,percent,Payer mix,FALSE,Same state + same rural/urban + same bed-size band,7,2020,0.5718833896578706,0.6250133276468707,0.6828555699106587,0.6880037378810887,TRUE,25683,TRUE
465147,medicaid_day_share,Medicaid day share,percent,Payer mix,FALSE,Same state + same rural/urban + same bed-size band,7,2021,0.5650587676243968,0.5893541876892028,0.6429125992641134,0.6246080933284724,TRUE,27430,TRUE
465147,medicaid_day_share,Medicaid day share,percent,Payer mix,FALSE,Same state + same rural/urban + same bed-size band,7,2022,0.5534358096731129,0.5600370272414705,0.6581013937859284,0.629844259326331,TRUE,27610,TRUE
465147,medicaid_day_share,Medicaid day share,percent,Payer mix,FALSE,Same state + same rural/urban + same bed-size band,7,2023,0.5507242314754688,0.5918100412516349,0.6384703596612382,0.6055971592307422,TRUE,28443,TRUE
465147,other_day_share,Other/private day share,percent,Payer mix,TRUE,Same state + same rural/urban + same bed-size band,7,2011,0.2191649254373968,0.23510538419114196,0.31228718616783824,NA,NA,NA,NA
465147,other_day_share,Other/private day share,percent,Payer mix,TRUE,Same state + same rural/urban + same bed-size band,7,2012,0.20581613777841595,0.24331382338960306,0.2817769907808763,0.3596520207025658,TRUE,9081,TRUE
465147,other_day_share,Other/private day share,percent,Payer mix,TRUE,Same state + same rural/urban + same bed-size band,7,2013,0.2389357080515118,0.2491593822171404,0.25956205915834313,0.2149296790479625,TRUE,2773,TRUE
465147,other_day_share,Other/private day share,percent,Payer mix,TRUE,Same state + same rural/urban + same bed-size band,7,2013,0.2389357080515118,0.2491593822171404,0.25956205915834313,0.24405506883604505,TRUE,4794,TRUE
465147,other_day_share,Other/private day share,percent,Payer mix,TRUE,Same state + same rural/urban + same bed-size band,7,2013,0.2389357080515118,0.2491593822171404,0.25956205915834313,0.26227744081393073,TRUE,10222,TRUE
465147,other_day_share,Other/private day share,percent,Payer mix,TRUE,Same state + same rural/urban + same bed-size band,7,2014,0.2568359764984674,0.2695849052725715,0.2838111151145237,0.30234732031574574,TRUE,9628,TRUE
465147,other_day_share,Other/private day share,percent,Payer mix,TRUE,Same state + same rural/urban + same bed-size band,7,2015,0.2378552839372265,0.26289034132171385,0.31366749491392537,0.3037072701011074,TRUE,10385,TRUE
465147,other_day_share,Other/private day share,percent,Payer mix,TRUE,Same state + same rural/urban + same bed-size band,7,2016,0.20158572844400396,0.23394943898691745,0.2840714460484463,0.31055822177317505,TRUE,7918,TRUE
465147,other_day_share,Other/private day share,percent,Payer mix,TRUE,Same state + same rural/urban + same bed-size band,7,2017,0.20163207465319619,0.2258967183922666,0.3530232634267457,0.12757062146892656,TRUE,8850,TRUE
465147,other_day_share,Other/private day share,percent,Payer mix,TRUE,Same state + same rural/urban + same bed-size band,7,2018,0.25666647432725387,0.27627104586547235,0.4203172395124668,0.24594185123728446,TRUE,13861,TRUE
465147,other_day_share,Other/private day share,percent,Payer mix,TRUE,Same state + same rural/urban + same bed-size band,7,2019,0.2058580304880691,0.24024813373988013,0.25978543458099534,0.18923535253227408,TRUE,25175,TRUE
465147,other_day_share,Other/private day share,percent,Payer mix,TRUE,Same state + same rural/urban + same bed-size band,7,2020,0.17855386194797485,0.18301483362287851,0.21285473408349273,0.15500525639528093,TRUE,25683,TRUE
465147,other_day_share,Other/private day share,percent,Payer mix,TRUE,Same state + same rural/urban + same bed-size band,7,2021,0.14278440420715277,0.1665895724575431,0.2315306467593443,0.25574188844331025,TRUE,27430,TRUE
465147,other_day_share,Other/private day share,percent,Payer mix,TRUE,Same state + same rural/urban + same bed-size band,7,2022,0.16776693960325492,0.21325126719768284,0.24142820481361468,0.2531329228540384,TRUE,27610,TRUE
465147,other_day_share,Other/private day share,percent,Payer mix,TRUE,Same state + same rural/urban + same bed-size band,7,2023,0.2007402818679174,0.23737766040080782,0.2647183275558015,0.30654291038216785,TRUE,28443,TRUE
465147,net_patient_revenue_per_day,Net patient revenue per resident day,dollar,Revenue,TRUE,Same state + same rural/urban + same bed-size band,7,2011,181.65746915523673,196.48841150364092,218.84073198669861,NA,NA,NA,NA
465147,net_patient_revenue_per_day,Net patient revenue per resident day,dollar,Revenue,TRUE,Same state + same rural/urban + same bed-size band,7,2012,185.4038734420651,207.9839243997758,217.35911927919062,193.9442792643982,TRUE,9081,TRUE
465147,net_patient_revenue_per_day,Net patient revenue per resident day,dollar,Revenue,TRUE,Same state + same rural/urban + same bed-size band,7,2013,175.4560786945427,206.8323746063711,224.6773335500086,193.36350522899386,TRUE,2773,TRUE
465147,net_patient_revenue_per_day,Net patient revenue per resident day,dollar,Revenue,TRUE,Same state + same rural/urban + same bed-size band,7,2013,175.4560786945427,206.8323746063711,224.6773335500086,227.42344597413432,TRUE,4794,TRUE
465147,net_patient_revenue_per_day,Net patient revenue per resident day,dollar,Revenue,TRUE,Same state + same rural/urban + same bed-size band,7,2013,175.4560786945427,206.8323746063711,224.6773335500086,265.8006261005674,TRUE,10222,TRUE
465147,net_patient_revenue_per_day,Net patient revenue per resident day,dollar,Revenue,TRUE,Same state + same rural/urban + same bed-size band,7,2014,174.10973643211935,208.0873299274897,235.69500884661164,241.61040714582467,TRUE,9628,TRUE
465147,net_patient_revenue_per_day,Net patient revenue per resident day,dollar,Revenue,TRUE,Same state + same rural/urban + same bed-size band,7,2015,195.84208146020453,231.35165738866397,246.31886476739277,218.81531054405392,TRUE,10385,TRUE
465147,net_patient_revenue_per_day,Net patient revenue per resident day,dollar,Revenue,TRUE,Same state + same rural/urban + same bed-size band,7,2016,200.13802184939524,255.1187314172448,281.7720700152207,232.6093710532963,TRUE,7918,TRUE
465147,net_patient_revenue_per_day,Net patient revenue per resident day,dollar,Revenue,TRUE,Same state + same rural/urban + same bed-size band,7,2017,213.5220439302858,230.6010449710767,301.6233491931936,260.60429378531074,TRUE,8850,TRUE
465147,net_patient_revenue_per_day,Net patient revenue per resident day,dollar,Revenue,TRUE,Same state + same rural/urban + same bed-size band,7,2018,276.9730780010783,301.4675160766873,308.0972919649931,382.0414111535964,TRUE,13861,TRUE
465147,net_patient_revenue_per_day,Net patient revenue per resident day,dollar,Revenue,TRUE,Same state + same rural/urban + same bed-size band,7,2019,299.27395155966224,306.9540055006144,335.19725175627434,365.1614299900695,TRUE,25175,TRUE
465147,net_patient_revenue_per_day,Net patient revenue per resident day,dollar,Revenue,TRUE,Same state + same rural/urban + same bed-size band,7,2020,325.2912450472199,329.7239236573458,350.7207892460864,362.9065529727836,TRUE,25683,TRUE
465147,net_patient_revenue_per_day,Net patient revenue per resident day,dollar,Revenue,TRUE,Same state + same rural/urban + same bed-size band,7,2021,310.19381364465073,329.2100707064032,372.54219575429806,339.2794021144732,TRUE,27430,TRUE
465147,net_patient_revenue_per_day,Net patient revenue per resident day,dollar,Revenue,TRUE,Same state + same rural/urban + same bed-size band,7,2022,337.29601495549844,350.6760932737969,379.6036110446017,335.410467222021,TRUE,27610,TRUE
465147,net_patient_revenue_per_day,Net patient revenue per resident day,dollar,Revenue,TRUE,Same state + same rural/urban + same bed-size band,7,2023,342.943057423646,355.1162585307106,394.10719549478193,349.41141932988785,TRUE,28443,TRUE
465147,operating_expense_per_day,Operating expense per resident day,dollar,Cost,FALSE,Same state + same rural/urban + same bed-size band,7,2011,191.8680062805597,211.68717142659352,214.9414404393527,NA,NA,NA,NA
465147,operating_expense_per_day,Operating expense per resident day,dollar,Cost,FALSE,Same state + same rural/urban + same bed-size band,7,2012,199.46896994174574,209.98841290013016,231.5572864541699,219.01761920493337,TRUE,9081,TRUE
465147,operating_expense_per_day,Operating expense per resident day,dollar,Cost,FALSE,Same state + same rural/urban + same bed-size band,7,2013,195.63873729801546,219.11143607966295,235.73667013878088,188.71474936891454,TRUE,2773,TRUE
465147,operating_expense_per_day,Operating expense per resident day,dollar,Cost,FALSE,Same state + same rural/urban + same bed-size band,7,2013,195.63873729801546,219.11143607966295,235.73667013878088,260.5221109720484,TRUE,4794,TRUE
465147,operating_expense_per_day,Operating expense per resident day,dollar,Cost,FALSE,Same state + same rural/urban + same bed-size band,7,2013,195.63873729801546,219.11143607966295,235.73667013878088,260.8019956955586,TRUE,10222,TRUE
465147,operating_expense_per_day,Operating expense per resident day,dollar,Cost,FALSE,Same state + same rural/urban + same bed-size band,7,2014,193.51664874952888,219.53242633693594,249.05132428685255,260.55369754881593,TRUE,9628,TRUE
465147,operating_expense_per_day,Operating expense per resident day,dollar,Cost,FALSE,Same state + same rural/urban + same bed-size band,7,2015,206.7649836923665,220.92883079157588,243.24084409106752,215.87655272026961,TRUE,10385,TRUE
465147,operating_expense_per_day,Operating expense per resident day,dollar,Cost,FALSE,Same state + same rural/urban + same bed-size band,7,2016,228.2021803766105,241.91121258244547,246.84978379394624,327.9450618843142,TRUE,7918,TRUE
465147,operating_expense_per_day,Operating expense per resident day,dollar,Cost,FALSE,Same state + same rural/urban + same bed-size band,7,2017,247.3678601147745,279.7365235749472,291.68912389219565,358.8966101694915,TRUE,8850,TRUE
465147,operating_expense_per_day,Operating expense per resident day,dollar,Cost,FALSE,Same state + same rural/urban + same bed-size band,7,2018,260.6964778818363,286.8723007782528,311.0573324813753,440.7848640069259,TRUE,13861,TRUE
465147,operating_expense_per_day,Operating expense per resident day,dollar,Cost,FALSE,Same state + same rural/urban + same bed-size band,7,2019,285.42881536523106,316.9171485648197,350.88262667075,387.25751737835157,TRUE,25175,TRUE
465147,operating_expense_per_day,Operating expense per resident day,dollar,Cost,FALSE,Same state + same rural/urban + same bed-size band,7,2020,313.3793797948236,316.3566083121743,361.8004701127785,395.15543355527,TRUE,25683,TRUE
465147,operating_expense_per_day,Operating expense per resident day,dollar,Cost,FALSE,Same state + same rural/urban + same bed-size band,7,2021,311.5044129216068,339.1967884755171,359.4123600552459,432.1706890266132,TRUE,27430,TRUE
465147,operating_expense_per_day,Operating expense per resident day,dollar,Cost,FALSE,Same state + same rural/urban + same bed-size band,7,2022,338.6487284922443,367.04191976003,377.2112242553719,410.18141977544366,TRUE,27610,TRUE
465147,operating_expense_per_day,Operating expense per resident day,dollar,Cost,FALSE,Same state + same rural/urban + same bed-size band,7,2023,332.734742654229,354.33946206342836,387.1471899476363,409.46310164188026,TRUE,28443,TRUE
465147,patient_service_margin,Patient service margin,percent,Margin,TRUE,Same state + same rural/urban + same bed-size band,7,2011,-0.09231990030996286,-0.07741276680162337,-0.016974362165311813,NA,NA,NA,NA
465147,patient_service_margin,Patient service margin,percent,Margin,TRUE,Same state + same rural/urban + same bed-size band,7,2012,-0.11164939645696226,-0.07631606918743938,-0.06316292007344465,-0.12928115248170574,TRUE,9081,TRUE
465147,patient_service_margin,Patient service margin,percent,Margin,TRUE,Same state + same rural/urban + same bed-size band,7,2013,-0.12317923108611174,-0.10419732705084277,-0.03142831676956551,0.02404153697241872,TRUE,2773,TRUE
465147,patient_service_margin,Patient service margin,percent,Margin,TRUE,Same state + same rural/urban + same bed-size band,7,2013,-0.12317923108611174,-0.10419732705084277,-0.03142831676956551,-0.14553761093602674,TRUE,4794,TRUE
465147,patient_service_margin,Patient service margin,percent,Margin,TRUE,Same state + same rural/urban + same bed-size band,7,2013,-0.12317923108611174,-0.10419732705084277,-0.03142831676956551,0.018805939167041465,TRUE,10222,TRUE
465147,patient_service_margin,Patient service margin,percent,Margin,TRUE,Same state + same rural/urban + same bed-size band,7,2014,-0.13369402013495893,-0.04860874822557788,0.036133348094897565,-0.07840428161506303,TRUE,9628,TRUE
465147,patient_service_margin,Patient service margin,percent,Margin,TRUE,Same state + same rural/urban + same bed-size band,7,2015,-0.05113706775875138,0.01236496621234032,0.060699545409719544,0.013430311692895212,TRUE,10385,TRUE
465147,patient_service_margin,Patient service margin,percent,Margin,TRUE,Same state + same rural/urban + same bed-size band,7,2016,-0.09443261236268448,-0.022455360411023632,0.10550597712330449,-0.4098531817498199,TRUE,7918,TRUE
465147,patient_service_margin,Patient service margin,percent,Margin,TRUE,Same state + same rural/urban + same bed-size band,7,2017,-0.24727655071141413,-0.04738287730962058,0.004215668180935201,-0.3771707478663237,TRUE,8850,TRUE
465147,patient_service_margin,Patient service margin,percent,Margin,TRUE,Same state + same rural/urban + same bed-size band,7,2018,-0.045186643354771426,0.01121320629335526,0.03253359422808656,-0.15376200364235434,TRUE,13861,TRUE
465147,patient_service_margin,Patient service margin,percent,Margin,TRUE,Same state + same rural/urban + same bed-size band,7,2019,-0.06212519931907373,-0.009535982707412698,0.02318423884234444,-0.060510463519881943,TRUE,25175,TRUE
465147,patient_service_margin,Patient service margin,percent,Margin,TRUE,Same state + same rural/urban + same bed-size band,7,2020,-0.07262555747761647,-0.010123593178553932,0.03623162792812072,-0.08886276733863496,TRUE,25683,TRUE
465147,patient_service_margin,Patient service margin,percent,Margin,TRUE,Same state + same rural/urban + same bed-size band,7,2021,-0.1166888893489285,-0.035883070155805726,0.009920570852990458,-0.2737899393043565,TRUE,27430,TRUE
465147,patient_service_margin,Patient service margin,percent,Margin,TRUE,Same state + same rural/urban + same bed-size band,7,2022,-0.07587083558203414,-0.06134538244062086,-0.008338275505825986,-0.22292373035552562,TRUE,27610,TRUE
465147,patient_service_margin,Patient service margin,percent,Margin,TRUE,Same state + same rural/urban + same bed-size band,7,2023,-0.07432801056564269,-2.2598090291277235e-5,0.034362262483768086,-0.17186525393806934,TRUE,28443,TRUE
465147,total_margin,Total margin,percent,Margin,TRUE,Same state + same rural/urban + same bed-size band,7,2011,-0.08666645692423541,-0.07031371418091698,-0.05105213000326114,NA,NA,NA,NA
465147,total_margin,Total margin,percent,Margin,TRUE,Same state + same rural/urban + same bed-size band,7,2012,-0.06540026827649909,-0.0547754887751785,-0.03303885229163343,-0.11524646719751443,TRUE,9081,TRUE
465147,total_margin,Total margin,percent,Margin,TRUE,Same state + same rural/urban + same bed-size band,7,2013,-0.09154805306952642,-0.07911418276752195,-0.01712280567461516,0.03579094996801549,TRUE,2773,TRUE
465147,total_margin,Total margin,percent,Margin,TRUE,Same state + same rural/urban + same bed-size band,7,2013,-0.09154805306952642,-0.07911418276752195,-0.01712280567461516,-0.10266741755238161,TRUE,4794,TRUE
465147,total_margin,Total margin,percent,Margin,TRUE,Same state + same rural/urban + same bed-size band,7,2013,-0.09154805306952642,-0.07911418276752195,-0.01712280567461516,0.028772394989499503,TRUE,10222,TRUE
465147,total_margin,Total margin,percent,Margin,TRUE,Same state + same rural/urban + same bed-size band,7,2014,0.023543697508538405,0.05006870326930371,0.05633285699045726,-0.047539683392621095,TRUE,9628,TRUE
465147,total_margin,Total margin,percent,Margin,TRUE,Same state + same rural/urban + same bed-size band,7,2015,0.0362829102857841,0.052069573489419506,0.08156135338946902,0.024166551883319683,TRUE,10385,TRUE
465147,total_margin,Total margin,percent,Margin,TRUE,Same state + same rural/urban + same bed-size band,7,2016,0.0018551966937088626,0.013450347552981788,0.10886398140277871,-0.4098531817498199,TRUE,7918,TRUE
465147,total_margin,Total margin,percent,Margin,TRUE,Same state + same rural/urban + same bed-size band,7,2017,-0.08592378222255276,-4.3005376169384814e-4,0.0306711667685902,-0.18123804386848819,TRUE,8850,TRUE
465147,total_margin,Total margin,percent,Margin,TRUE,Same state + same rural/urban + same bed-size band,7,2018,-0.035432846718869926,0.027282413190506463,0.03685830003782586,-0.13965675606876513,TRUE,13861,TRUE
465147,total_margin,Total margin,percent,Margin,TRUE,Same state + same rural/urban + same bed-size band,7,2019,-0.060574573356572965,-0.007361393599850243,0.060594044114988574,0.04867387894121782,TRUE,25175,TRUE
465147,total_margin,Total margin,percent,Margin,TRUE,Same state + same rural/urban + same bed-size band,7,2020,0.04498381323082537,0.06462081262856742,0.2007212246209041,0.07606574691200467,TRUE,25683,TRUE
465147,total_margin,Total margin,percent,Margin,TRUE,Same state + same rural/urban + same bed-size band,7,2021,-0.0708690454232529,-0.017440754588281142,0.20797834742235174,-0.1587459815435214,TRUE,27430,TRUE
465147,total_margin,Total margin,percent,Margin,TRUE,Same state + same rural/urban + same bed-size band,7,2022,-0.015244770177412919,0.014601292814989189,0.04928017048601596,0.023341366938054137,TRUE,27610,TRUE
465147,total_margin,Total margin,percent,Margin,TRUE,Same state + same rural/urban + same bed-size band,7,2023,-0.0759887017229124,-0.00743702477339921,0.0578346937177615,-0.06925514189586982,TRUE,28443,TRUE
465147,salary_cost_per_day,Salary cost per resident day,dollar,Labor,FALSE,Same state + same rural/urban + same bed-size band,7,2011,81.20122146322271,87.61581181497378,105.44138976834218,NA,NA,NA,NA
465147,salary_cost_per_day,Salary cost per resident day,dollar,Labor,FALSE,Same state + same rural/urban + same bed-size band,7,2012,88.90827783311184,93.95305649655259,102.4125284033581,119.16716220680541,TRUE,9081,TRUE
465147,salary_cost_per_day,Salary cost per resident day,dollar,Labor,FALSE,Same state + same rural/urban + same bed-size band,7,2013,83.77772493587699,92.4214483218763,104.77438379372438,74.65272268301479,TRUE,2773,TRUE
465147,salary_cost_per_day,Salary cost per resident day,dollar,Labor,FALSE,Same state + same rural/urban + same bed-size band,7,2013,83.77772493587699,92.4214483218763,104.77438379372438,97.57425949103046,TRUE,4794,TRUE
465147,salary_cost_per_day,Salary cost per resident day,dollar,Labor,FALSE,Same state + same rural/urban + same bed-size band,7,2013,83.77772493587699,92.4214483218763,104.77438379372438,85.51242418313441,TRUE,10222,TRUE
465147,salary_cost_per_day,Salary cost per resident day,dollar,Labor,FALSE,Same state + same rural/urban + same bed-size band,7,2014,88.72611971323599,96.64266672955122,103.11385884590956,92.57706688824263,TRUE,9628,TRUE
465147,salary_cost_per_day,Salary cost per resident day,dollar,Labor,FALSE,Same state + same rural/urban + same bed-size band,7,2015,84.33641454507885,94.62119565217391,103.06330043216491,90.30736639383727,TRUE,10385,TRUE
465147,salary_cost_per_day,Salary cost per resident day,dollar,Labor,FALSE,Same state + same rural/urban + same bed-size band,7,2016,94.77820176484617,111.52408325074332,124.92122883024813,146.02778479413993,TRUE,7918,TRUE
465147,salary_cost_per_day,Salary cost per resident day,dollar,Labor,FALSE,Same state + same rural/urban + same bed-size band,7,2017,105.29973693743824,119.60205206478419,128.15155723307024,131.62079096045198,TRUE,8850,TRUE
465147,salary_cost_per_day,Salary cost per resident day,dollar,Labor,FALSE,Same state + same rural/urban + same bed-size band,7,2018,106.52938956100091,108.15700422990794,133.80922122672214,111.3746482937739,TRUE,13861,TRUE
465147,salary_cost_per_day,Salary cost per resident day,dollar,Labor,FALSE,Same state + same rural/urban + same bed-size band,7,2019,104.5663013220415,115.88024965002333,142.5618075852155,107.68111221449851,TRUE,25175,TRUE
465147,salary_cost_per_day,Salary cost per resident day,dollar,Labor,FALSE,Same state + same rural/urban + same bed-size band,7,2020,111.82658545343729,127.92387248107474,139.74543996446243,120.33259354436787,TRUE,25683,TRUE
465147,salary_cost_per_day,Salary cost per resident day,dollar,Labor,FALSE,Same state + same rural/urban + same bed-size band,7,2021,122.16426030246348,138.20719981238273,145.91344699675355,120.12989427633977,TRUE,27430,TRUE
465147,salary_cost_per_day,Salary cost per resident day,dollar,Labor,FALSE,Same state + same rural/urban + same bed-size band,7,2022,143.75159379823702,154.33641893678922,156.78597732711432,111.32593263310395,TRUE,27610,TRUE
465147,salary_cost_per_day,Salary cost per resident day,dollar,Labor,FALSE,Same state + same rural/urban + same bed-size band,7,2023,137.42577501448318,143.0115616218386,164.2682834476922,157.18774390887037,TRUE,28443,TRUE
465147,contract_labor_per_day,Contract labor per resident day,dollar,Labor,FALSE,Same state + same rural/urban + same bed-size band,7,2011,12.813622518643,12.813622518643,12.813622518643,NA,NA,NA,NA
465147,contract_labor_per_day,Contract labor per resident day,dollar,Labor,FALSE,Same state + same rural/urban + same bed-size band,7,2012,4.410177476149812,8.288393080362525,12.166608684575237,NA,TRUE,9081,TRUE
465147,contract_labor_per_day,Contract labor per resident day,dollar,Labor,FALSE,Same state + same rural/urban + same bed-size band,7,2013,1.7644099062397753,1.9992344985965809,11.398919221984178,NA,TRUE,2773,TRUE
465147,contract_labor_per_day,Contract labor per resident day,dollar,Labor,FALSE,Same state + same rural/urban + same bed-size band,7,2013,1.7644099062397753,1.9992344985965809,11.398919221984178,NA,TRUE,4794,TRUE
465147,contract_labor_per_day,Contract labor per resident day,dollar,Labor,FALSE,Same state + same rural/urban + same bed-size band,7,2013,1.7644099062397753,1.9992344985965809,11.398919221984178,NA,TRUE,10222,TRUE
465147,contract_labor_per_day,Contract labor per resident day,dollar,Labor,FALSE,Same state + same rural/urban + same bed-size band,7,2014,1.3173855674439066,2.2131676844247914,14.246156403398194,NA,TRUE,9628,TRUE
465147,contract_labor_per_day,Contract labor per resident day,dollar,Labor,FALSE,Same state + same rural/urban + same bed-size band,7,2015,0.7760169294394187,1.4539237486100565,6.177801063489323,NA,TRUE,10385,TRUE
465147,contract_labor_per_day,Contract labor per resident day,dollar,Labor,FALSE,Same state + same rural/urban + same bed-size band,7,2016,3.378422835026609,4.7270564915758175,5.881843245372194,NA,TRUE,7918,TRUE
465147,contract_labor_per_day,Contract labor per resident day,dollar,Labor,FALSE,Same state + same rural/urban + same bed-size band,7,2017,3.328155627870979,6.365131857881794,9.206171079155489,NA,TRUE,8850,TRUE
465147,contract_labor_per_day,Contract labor per resident day,dollar,Labor,FALSE,Same state + same rural/urban + same bed-size band,7,2018,4.200027003488624,7.340915837616108,10.481804671743593,NA,TRUE,13861,TRUE
465147,contract_labor_per_day,Contract labor per resident day,dollar,Labor,FALSE,Same state + same rural/urban + same bed-size band,7,2019,6.1155734436427185,9.770426005667838,16.040070699098194,NA,TRUE,25175,TRUE
465147,contract_labor_per_day,Contract labor per resident day,dollar,Labor,FALSE,Same state + same rural/urban + same bed-size band,7,2020,7.858484937402191,13.82176724137931,13.910115212297299,NA,TRUE,25683,TRUE
465147,contract_labor_per_day,Contract labor per resident day,dollar,Labor,FALSE,Same state + same rural/urban + same bed-size band,7,2021,5.768707311428025,10.6830251173061,13.401216516890017,NA,TRUE,27430,TRUE
465147,contract_labor_per_day,Contract labor per resident day,dollar,Labor,FALSE,Same state + same rural/urban + same bed-size band,7,2022,4.936166731600885,9.000264480296218,15.4801095595896,NA,TRUE,27610,TRUE
465147,contract_labor_per_day,Contract labor per resident day,dollar,Labor,FALSE,Same state + same rural/urban + same bed-size band,7,2023,5.323409307021122,10.14142538975501,11.270106822576743,NA,TRUE,28443,TRUE
465147,contract_labor_ratio,Contract labor ratio,percent,Labor,FALSE,Same state + same rural/urban + same bed-size band,7,2011,0.13984832002274283,0.13984832002274283,0.13984832002274283,NA,NA,NA,NA
465147,contract_labor_ratio,Contract labor ratio,percent,Labor,FALSE,Same state + same rural/urban + same bed-size band,7,2012,0.04304153198983318,0.08102300718081054,0.11900448237178791,NA,TRUE,9081,TRUE
465147,contract_labor_ratio,Contract labor ratio,percent,Labor,FALSE,Same state + same rural/urban + same bed-size band,7,2013,0.015885428425265243,0.017719228812121898,0.10956750899131103,NA,TRUE,2773,TRUE
465147,contract_labor_ratio,Contract labor ratio,percent,Labor,FALSE,Same state + same rural/urban + same bed-size band,7,2013,0.015885428425265243,0.017719228812121898,0.10956750899131103,NA,TRUE,4794,TRUE
465147,contract_labor_ratio,Contract labor ratio,percent,Labor,FALSE,Same state + same rural/urban + same bed-size band,7,2013,0.015885428425265243,0.017719228812121898,0.10956750899131103,NA,TRUE,10222,TRUE
465147,contract_labor_ratio,Contract labor ratio,percent,Labor,FALSE,Same state + same rural/urban + same bed-size band,7,2014,0.012548379494807988,0.02102555861330403,0.12526745509479092,NA,TRUE,9628,TRUE
465147,contract_labor_ratio,Contract labor ratio,percent,Labor,FALSE,Same state + same rural/urban + same bed-size band,7,2015,0.007099136849484368,0.013098967231145536,0.058593373676441685,NA,TRUE,10385,TRUE
465147,contract_labor_ratio,Contract labor ratio,percent,Labor,FALSE,Same state + same rural/urban + same bed-size band,7,2016,0.024020214514357024,0.040662452876193335,0.04496716439482218,NA,TRUE,7918,TRUE
465147,contract_labor_ratio,Contract labor ratio,percent,Labor,FALSE,Same state + same rural/urban + same bed-size band,7,2017,0.02646066831688965,0.050530079816577374,0.08622209618883284,NA,TRUE,8850,TRUE
465147,contract_labor_ratio,Contract labor ratio,percent,Labor,FALSE,Same state + same rural/urban + same bed-size band,7,2018,0.04029583533241413,0.0721488314601214,0.10400182758782867,NA,TRUE,13861,TRUE
465147,contract_labor_ratio,Contract labor ratio,percent,Labor,FALSE,Same state + same rural/urban + same bed-size band,7,2019,0.049227657522521825,0.08926672530942412,0.13893493994527537,NA,TRUE,25175,TRUE
465147,contract_labor_ratio,Contract labor ratio,percent,Labor,FALSE,Same state + same rural/urban + same bed-size band,7,2020,0.0604200622259054,0.10745785999128715,0.11465836851682482,NA,TRUE,25683,TRUE
465147,contract_labor_ratio,Contract labor ratio,percent,Labor,FALSE,Same state + same rural/urban + same bed-size band,7,2021,0.04486812975879882,0.08415711984636955,0.10339196142636663,NA,TRUE,27430,TRUE
465147,contract_labor_ratio,Contract labor ratio,percent,Labor,FALSE,Same state + same rural/urban + same bed-size band,7,2022,0.030289444966219693,0.05510252989105794,0.1049837686380512,NA,TRUE,27610,TRUE
465147,contract_labor_ratio,Contract labor ratio,percent,Labor,FALSE,Same state + same rural/urban + same bed-size band,7,2023,0.03574480044306976,0.06864942347465673,0.07587218880477228,NA,TRUE,28443,TRUE
465147,days_cash_on_hand,Days cash on hand,number,Liquidity,TRUE,Same state + same rural/urban + same bed-size band,7,2011,0.2441391157008811,1.6730348982560719,5.7986416285086975,NA,NA,NA,NA
465147,days_cash_on_hand,Days cash on hand,number,Liquidity,TRUE,Same state + same rural/urban + same bed-size band,7,2012,1.477661613392216,6.330996367324415,12.313306632475081,NA,TRUE,9081,TRUE
465147,days_cash_on_hand,Days cash on hand,number,Liquidity,TRUE,Same state + same rural/urban + same bed-size band,7,2013,0.3344717721602075,3.9607020762144907,8.24612880855965,-113.84898128437281,TRUE,2773,TRUE
465147,days_cash_on_hand,Days cash on hand,number,Liquidity,TRUE,Same state + same rural/urban + same bed-size band,7,2013,0.3344717721602075,3.9607020762144907,8.24612880855965,-34.45768942217539,TRUE,4794,TRUE
465147,days_cash_on_hand,Days cash on hand,number,Liquidity,TRUE,Same state + same rural/urban + same bed-size band,7,2013,0.3344717721602075,3.9607020762144907,8.24612880855965,-34.68989481296874,TRUE,10222,TRUE
465147,days_cash_on_hand,Days cash on hand,number,Liquidity,TRUE,Same state + same rural/urban + same bed-size band,7,2014,2.1255951908678674,6.47041160110432,10.881072451690262,12.915204868351449,TRUE,9628,TRUE
465147,days_cash_on_hand,Days cash on hand,number,Liquidity,TRUE,Same state + same rural/urban + same bed-size band,7,2015,1.0760855259295172,1.8332845745992197,20.45939027164554,191.03676560455116,TRUE,10385,TRUE
465147,days_cash_on_hand,Days cash on hand,number,Liquidity,TRUE,Same state + same rural/urban + same bed-size band,7,2016,2.197667011390225,12.383640257332754,54.88799520719344,0.2527353313032966,TRUE,7918,TRUE
465147,days_cash_on_hand,Days cash on hand,number,Liquidity,TRUE,Same state + same rural/urban + same bed-size band,7,2017,10.931833978125017,15.815168375334526,30.50158571026136,74.5452745152673,TRUE,8850,TRUE
465147,days_cash_on_hand,Days cash on hand,number,Liquidity,TRUE,Same state + same rural/urban + same bed-size band,7,2018,-0.49434993356056367,0.26159964094776056,18.96050409150071,-0.9327343859840362,TRUE,13861,TRUE
465147,days_cash_on_hand,Days cash on hand,number,Liquidity,TRUE,Same state + same rural/urban + same bed-size band,7,2019,10.896223815346467,14.353712259589557,31.743968925770947,39.07737182343427,TRUE,25175,TRUE
465147,days_cash_on_hand,Days cash on hand,number,Liquidity,TRUE,Same state + same rural/urban + same bed-size band,7,2020,25.21848107760978,29.747474598133355,59.18744201940483,-5.542914185620593,TRUE,25683,TRUE
465147,days_cash_on_hand,Days cash on hand,number,Liquidity,TRUE,Same state + same rural/urban + same bed-size band,7,2021,22.590347895720665,27.111650859248943,38.242299725006326,NA,TRUE,27430,TRUE
465147,days_cash_on_hand,Days cash on hand,number,Liquidity,TRUE,Same state + same rural/urban + same bed-size band,7,2022,10.694849593636494,12.422797900516894,22.5967102091099,-2.1715115501316586,TRUE,27610,TRUE
465147,days_cash_on_hand,Days cash on hand,number,Liquidity,TRUE,Same state + same rural/urban + same bed-size band,7,2023,20.289856892166,27.08141176630044,55.50425358368261,-32.07775151015009,TRUE,28443,TRUE
465147,current_ratio,Current ratio,number,Liquidity,TRUE,Same state + same rural/urban + same bed-size band,7,2011,0.8496620171958157,1.2588310832762961,1.9590197839530101,NA,NA,NA,NA
465147,current_ratio,Current ratio,number,Liquidity,TRUE,Same state + same rural/urban + same bed-size band,7,2012,0.8224656492613934,1.0363399327278744,1.8558633053407458,-18.43454679307081,TRUE,9081,TRUE
465147,current_ratio,Current ratio,number,Liquidity,TRUE,Same state + same rural/urban + same bed-size band,7,2013,0.4926573386212181,0.8467802772062637,1.78141052975158,4.271789640711776,TRUE,2773,TRUE
465147,current_ratio,Current ratio,number,Liquidity,TRUE,Same state + same rural/urban + same bed-size band,7,2013,0.4926573386212181,0.8467802772062637,1.78141052975158,4.287334321093598,TRUE,4794,TRUE
465147,current_ratio,Current ratio,number,Liquidity,TRUE,Same state + same rural/urban + same bed-size band,7,2013,0.4926573386212181,0.8467802772062637,1.78141052975158,3.5484204832564905,TRUE,10222,TRUE
465147,current_ratio,Current ratio,number,Liquidity,TRUE,Same state + same rural/urban + same bed-size band,7,2014,0.5722111607024802,1.1701009929120396,2.1048221824261466,3.4742877718771537,TRUE,9628,TRUE
465147,current_ratio,Current ratio,number,Liquidity,TRUE,Same state + same rural/urban + same bed-size band,7,2015,0.6265555346176509,1.1181814993737225,2.5072499320995725,4.6636374949714785,TRUE,10385,TRUE
465147,current_ratio,Current ratio,number,Liquidity,TRUE,Same state + same rural/urban + same bed-size band,7,2016,0.34824907808550437,0.9404098013356469,3.1202158254045047,2.7116413394760364,TRUE,7918,TRUE
465147,current_ratio,Current ratio,number,Liquidity,TRUE,Same state + same rural/urban + same bed-size band,7,2017,1.1681805426570506,2.0554583603154666,3.7891979190836773,11.002218310914689,TRUE,8850,TRUE
465147,current_ratio,Current ratio,number,Liquidity,TRUE,Same state + same rural/urban + same bed-size band,7,2018,1.5485496140850579,2.3901293768956142,2.9803172629214867,4.70606535860758,TRUE,13861,TRUE
465147,current_ratio,Current ratio,number,Liquidity,TRUE,Same state + same rural/urban + same bed-size band,7,2019,1.5712262297619226,2.720965,4.030918607851404,2.192049746431556,TRUE,25175,TRUE
465147,current_ratio,Current ratio,number,Liquidity,TRUE,Same state + same rural/urban + same bed-size band,7,2020,1.2518140621792526,5.021939013732086,5.409312521684093,49.10663115196463,TRUE,25683,TRUE
465147,current_ratio,Current ratio,number,Liquidity,TRUE,Same state + same rural/urban + same bed-size band,7,2021,1.201381211999501,3.9003946123216657,5.44490778017072,1.052103737584449,TRUE,27430,TRUE
465147,current_ratio,Current ratio,number,Liquidity,TRUE,Same state + same rural/urban + same bed-size band,7,2022,0.4006373091521931,0.7894723118655735,8.438708720613574,1.129439122460064,TRUE,27610,TRUE
465147,current_ratio,Current ratio,number,Liquidity,TRUE,Same state + same rural/urban + same bed-size band,7,2023,0.8181387302316111,1.2023522673812106,6.5181049235285204,1.33194964696201,TRUE,28443,TRUE
465147,days_accounts_receivable,Days accounts receivable,number,Liquidity,FALSE,Same state + same rural/urban + same bed-size band,7,2011,36.729297591148864,52.5165344892155,99.385222809021,NA,NA,NA,NA
465147,days_accounts_receivable,Days accounts receivable,number,Liquidity,FALSE,Same state + same rural/urban + same bed-size band,7,2012,37.19852810544287,40.68676745034104,54.151465246099555,62.71368628804775,TRUE,9081,TRUE
465147,days_accounts_receivable,Days accounts receivable,number,Liquidity,FALSE,Same state + same rural/urban + same bed-size band,7,2013,38.49733899490378,43.338638008722086,50.32532545827486,262.84299427262744,TRUE,2773,TRUE
465147,days_accounts_receivable,Days accounts receivable,number,Liquidity,FALSE,Same state + same rural/urban + same bed-size band,7,2013,38.49733899490378,43.338638008722086,50.32532545827486,NA,TRUE,4794,TRUE
465147,days_accounts_receivable,Days accounts receivable,number,Liquidity,FALSE,Same state + same rural/urban + same bed-size band,7,2013,38.49733899490378,43.338638008722086,50.32532545827486,88.87522846772228,TRUE,10222,TRUE
465147,days_accounts_receivable,Days accounts receivable,number,Liquidity,FALSE,Same state + same rural/urban + same bed-size band,7,2014,32.68720581073306,40.209934674586464,53.13346804100472,38.98186976754183,TRUE,9628,TRUE
465147,days_accounts_receivable,Days accounts receivable,number,Liquidity,FALSE,Same state + same rural/urban + same bed-size band,7,2015,29.470424304489644,36.26293746751965,52.9040710413372,-110.98541055986256,TRUE,10385,TRUE
465147,days_accounts_receivable,Days accounts receivable,number,Liquidity,FALSE,Same state + same rural/urban + same bed-size band,7,2016,38.057320452353245,50.456591245626115,55.148256877432665,-43.99299924367508,TRUE,7918,TRUE
465147,days_accounts_receivable,Days accounts receivable,number,Liquidity,FALSE,Same state + same rural/urban + same bed-size band,7,2017,31.98192776223068,46.152681115949655,61.62318193035957,66.42551557700746,TRUE,8850,TRUE
465147,days_accounts_receivable,Days accounts receivable,number,Liquidity,FALSE,Same state + same rural/urban + same bed-size band,7,2018,33.02716522749431,45.58288700544924,83.66550690381754,-5.654130997855528,TRUE,13861,TRUE
465147,days_accounts_receivable,Days accounts receivable,number,Liquidity,FALSE,Same state + same rural/urban + same bed-size band,7,2019,32.617540842343544,40.982375671515186,73.64408423615153,82.18484404171507,TRUE,25175,TRUE
465147,days_accounts_receivable,Days accounts receivable,number,Liquidity,FALSE,Same state + same rural/urban + same bed-size band,7,2020,40.10707404777596,50.96199959670782,72.79791295255741,52.573581928665206,TRUE,25683,TRUE
465147,days_accounts_receivable,Days accounts receivable,number,Liquidity,FALSE,Same state + same rural/urban + same bed-size band,7,2021,38.961196264291274,45.321969799458365,87.17341640392954,70.65993591100523,TRUE,27430,TRUE
465147,days_accounts_receivable,Days accounts receivable,number,Liquidity,FALSE,Same state + same rural/urban + same bed-size band,7,2022,52.7782491945637,55.40664080434065,78.91941963512693,34.463588160830035,TRUE,27610,TRUE
465147,days_accounts_receivable,Days accounts receivable,number,Liquidity,FALSE,Same state + same rural/urban + same bed-size band,7,2023,34.65928908705392,44.045208206301574,53.095100693740264,72.15584602974208,TRUE,28443,TRUE
465147,debt_to_assets,Debt to assets,percent,Solvency,FALSE,Same state + same rural/urban + same bed-size band,7,2011,0.24583273643219178,0.7617299538612701,1.0131459569875017,NA,NA,NA,NA
465147,debt_to_assets,Debt to assets,percent,Solvency,FALSE,Same state + same rural/urban + same bed-size band,7,2012,0.25462427377337227,0.7585156039809053,0.9986204901895115,-0.04810702238643616,TRUE,9081,TRUE
465147,debt_to_assets,Debt to assets,percent,Solvency,FALSE,Same state + same rural/urban + same bed-size band,7,2013,0.21815704151548648,0.6501334093605919,1.1142687889549687,0.20370609802273715,TRUE,2773,TRUE
465147,debt_to_assets,Debt to assets,percent,Solvency,FALSE,Same state + same rural/urban + same bed-size band,7,2013,0.21815704151548648,0.6501334093605919,1.1142687889549687,1.8426220137977256,TRUE,4794,TRUE
465147,debt_to_assets,Debt to assets,percent,Solvency,FALSE,Same state + same rural/urban + same bed-size band,7,2013,0.21815704151548648,0.6501334093605919,1.1142687889549687,0.25044539838589375,TRUE,10222,TRUE
465147,debt_to_assets,Debt to assets,percent,Solvency,FALSE,Same state + same rural/urban + same bed-size band,7,2014,0.28638549727659157,0.8885860874839739,1.0447746586066071,0.4030018121050521,TRUE,9628,TRUE
465147,debt_to_assets,Debt to assets,percent,Solvency,FALSE,Same state + same rural/urban + same bed-size band,7,2015,0.48025204822290446,0.8841012976737128,0.9886650375597665,0.4312520499698212,TRUE,10385,TRUE
465147,debt_to_assets,Debt to assets,percent,Solvency,FALSE,Same state + same rural/urban + same bed-size band,7,2016,0.07849758780979464,0.8210231339082087,1.0502590749094514,0.7491218193341335,TRUE,7918,TRUE
465147,debt_to_assets,Debt to assets,percent,Solvency,FALSE,Same state + same rural/urban + same bed-size band,7,2017,0.08096609293803955,0.5011159297287182,0.9896054434074117,0.09271159385666049,TRUE,8850,TRUE
465147,debt_to_assets,Debt to assets,percent,Solvency,FALSE,Same state + same rural/urban + same bed-size band,7,2018,0.1918243580361598,0.7038293126988505,0.7920288973007763,0.20717535875866203,TRUE,13861,TRUE
465147,debt_to_assets,Debt to assets,percent,Solvency,FALSE,Same state + same rural/urban + same bed-size band,7,2019,0.2863580954247687,0.745113724092609,0.9294296648905913,0.5748488032451714,TRUE,25175,TRUE
465147,debt_to_assets,Debt to assets,percent,Solvency,FALSE,Same state + same rural/urban + same bed-size band,7,2020,0.21664102883063877,0.7002704068266028,0.8747024345540502,0.1249673040393524,TRUE,25683,TRUE
465147,debt_to_assets,Debt to assets,percent,Solvency,FALSE,Same state + same rural/urban + same bed-size band,7,2021,0.19177246882149518,0.7498888334091005,0.8852390841854985,0.7547842595984339,TRUE,27430,TRUE
465147,debt_to_assets,Debt to assets,percent,Solvency,FALSE,Same state + same rural/urban + same bed-size band,7,2022,0.13728573137107275,0.7699900969213748,1.017857692832284,1.0110315176800964,TRUE,27610,TRUE
465147,debt_to_assets,Debt to assets,percent,Solvency,FALSE,Same state + same rural/urban + same bed-size band,7,2023,0.1193792593316724,0.8091035717784717,0.9905200528553536,0.6334124997943329,TRUE,28443,TRUE
465064,occupancy_rate,Occupancy rate,percent,Utilization,TRUE,Same state + same rural/urban + same bed-size band,25,2011,0.5603582833437789,0.6449286971830164,0.7337291839688795,0.7122465655482355,TRUE,27893,TRUE
465064,occupancy_rate,Occupancy rate,percent,Utilization,TRUE,Same state + same rural/urban + same bed-size band,25,2012,0.5487256049960968,0.6012951569944105,0.7549291271916914,0.6384329791319934,TRUE,24934,TRUE
465064,occupancy_rate,Occupancy rate,percent,Utilization,TRUE,Same state + same rural/urban + same bed-size band,25,2013,0.538273635751179,0.5909774456897745,0.7902551999020555,0.553066188708232,TRUE,21600,TRUE
465064,occupancy_rate,Occupancy rate,percent,Utilization,TRUE,Same state + same rural/urban + same bed-size band,25,2014,0.5447133887801696,0.6520384250883088,0.7969081223190811,0.5092843089030988,TRUE,16566,TRUE
465064,occupancy_rate,Occupancy rate,percent,Utilization,TRUE,Same state + same rural/urban + same bed-size band,25,2015,0.5655666705838572,0.6120321988419715,0.7573268753104818,0.38621664050235477,TRUE,12301,TRUE
465064,occupancy_rate,Occupancy rate,percent,Utilization,TRUE,Same state + same rural/urban + same bed-size band,25,2016,0.5520689168196582,0.6147181478285879,0.7769436043408646,0.40130884041331805,TRUE,17477,TRUE
465064,occupancy_rate,Occupancy rate,percent,Utilization,TRUE,Same state + same rural/urban + same bed-size band,25,2017,0.5811232876712329,0.6609436834094369,0.7706006322444678,0.52677793904209,TRUE,14518,TRUE
465064,occupancy_rate,Occupancy rate,percent,Utilization,TRUE,Same state + same rural/urban + same bed-size band,25,2017,0.5811232876712329,0.6609436834094369,0.7706006322444678,NA,FALSE,24944,FALSE
465064,occupancy_rate,Occupancy rate,percent,Utilization,TRUE,Same state + same rural/urban + same bed-size band,25,2018,0.5713909125906657,0.6730430528375734,0.822696885418646,0.7731285457312854,TRUE,27937,TRUE
465064,occupancy_rate,Occupancy rate,percent,Utilization,TRUE,Same state + same rural/urban + same bed-size band,25,2019,0.6420298879202989,0.6795922656578395,0.8053213909378293,0.8284760170006071,TRUE,30019,TRUE
465064,occupancy_rate,Occupancy rate,percent,Utilization,TRUE,Same state + same rural/urban + same bed-size band,25,2020,0.5640095227401538,0.6495667350091334,0.7658847431107705,0.6564224736946596,TRUE,16532,TRUE
465064,occupancy_rate,Occupancy rate,percent,Utilization,TRUE,Same state + same rural/urban + same bed-size band,25,2021,0.53456457925636,0.635245769540693,0.7489278985854328,0.6599418845994188,TRUE,23847,TRUE
465064,occupancy_rate,Occupancy rate,percent,Utilization,TRUE,Same state + same rural/urban + same bed-size band,25,2022,0.49616438356164383,0.6611120064464142,0.7989989462592202,0.812868410128684,TRUE,29373,TRUE
465064,occupancy_rate,Occupancy rate,percent,Utilization,TRUE,Same state + same rural/urban + same bed-size band,25,2023,0.6235990037359901,0.708094262295082,0.8301282051282052,0.9344262295081968,TRUE,33858,TRUE
465064,medicare_day_share,Medicare day share,percent,Payer mix,TRUE,Same state + same rural/urban + same bed-size band,25,2011,0.07624562015149482,0.10667416067868117,0.13372352598126097,0.0829957336966264,TRUE,27893,TRUE
465064,medicare_day_share,Medicare day share,percent,Payer mix,TRUE,Same state + same rural/urban + same bed-size band,25,2012,0.05530520604333494,0.10310887863155037,0.149926184979225,0.08827304082778535,TRUE,24934,TRUE
465064,medicare_day_share,Medicare day share,percent,Payer mix,TRUE,Same state + same rural/urban + same bed-size band,25,2013,0.07224695537998481,0.10236643654379354,0.15871762838005038,0.12638888888888888,TRUE,21600,TRUE
465064,medicare_day_share,Medicare day share,percent,Payer mix,TRUE,Same state + same rural/urban + same bed-size band,25,2014,0.08054337429863673,0.10458827317234348,0.14836600882319878,0.15290353736568876,TRUE,16566,TRUE
465064,medicare_day_share,Medicare day share,percent,Payer mix,TRUE,Same state + same rural/urban + same bed-size band,25,2015,0.07100315411998934,0.10927567166256787,0.2086515188143771,0.1229168360295911,TRUE,12301,TRUE
465064,medicare_day_share,Medicare day share,percent,Payer mix,TRUE,Same state + same rural/urban + same bed-size band,25,2016,0.05960298782359562,0.0889348500517063,0.13952434881087203,0.08353836470790181,TRUE,17477,TRUE
465064,medicare_day_share,Medicare day share,percent,Payer mix,TRUE,Same state + same rural/urban + same bed-size band,25,2017,0.07359388996275518,0.09674252050363867,0.12900437888914495,0.09278137484501997,TRUE,14518,TRUE
465064,medicare_day_share,Medicare day share,percent,Payer mix,TRUE,Same state + same rural/urban + same bed-size band,25,2017,0.07359388996275518,0.09674252050363867,0.12900437888914495,0.11610006414368185,FALSE,24944,FALSE
465064,medicare_day_share,Medicare day share,percent,Payer mix,TRUE,Same state + same rural/urban + same bed-size band,25,2018,0.07595459850412449,0.09952623759055651,0.14289902579907376,0.0781758957654723,TRUE,27937,TRUE
465064,medicare_day_share,Medicare day share,percent,Payer mix,TRUE,Same state + same rural/urban + same bed-size band,25,2019,0.051606849636406285,0.08913510006487997,0.17511983918354723,0.05862953462806889,TRUE,30019,TRUE
465064,medicare_day_share,Medicare day share,percent,Payer mix,TRUE,Same state + same rural/urban + same bed-size band,25,2020,0.060024088993701014,0.11687729689690825,0.17131161822675806,0.06708202274376966,TRUE,16532,TRUE
465064,medicare_day_share,Medicare day share,percent,Payer mix,TRUE,Same state + same rural/urban + same bed-size band,25,2021,0.04531051114667054,0.08912308358251966,0.14873182730299989,0.09045162913574034,TRUE,23847,TRUE
465064,medicare_day_share,Medicare day share,percent,Payer mix,TRUE,Same state + same rural/urban + same bed-size band,25,2022,0.04225482912332838,0.0749216934424573,0.11809590479523976,0.09280631872808362,TRUE,29373,TRUE
465064,medicare_day_share,Medicare day share,percent,Payer mix,TRUE,Same state + same rural/urban + same bed-size band,25,2023,0.033376742391356774,0.05703319033641906,0.1340782122905028,0.07752968279284068,TRUE,33858,TRUE
465064,medicaid_day_share,Medicaid day share,percent,Payer mix,FALSE,Same state + same rural/urban + same bed-size band,25,2011,0.48236941882723006,0.5507784840442241,0.714756438230511,0.6893844333703797,TRUE,27893,TRUE
465064,medicaid_day_share,Medicaid day share,percent,Payer mix,FALSE,Same state + same rural/urban + same bed-size band,25,2012,0.5179121220052526,0.6048992030004688,0.74890194416503,0.7038581856100105,TRUE,24934,TRUE
465064,medicaid_day_share,Medicaid day share,percent,Payer mix,FALSE,Same state + same rural/urban + same bed-size band,25,2013,0.49125194401244165,0.605488223187743,0.7336973005762815,0.6686111111111112,TRUE,21600,TRUE
465064,medicaid_day_share,Medicaid day share,percent,Payer mix,FALSE,Same state + same rural/urban + same bed-size band,25,2014,0.4685317051938587,0.6160126296797475,0.7130727067707086,0.645176868284438,TRUE,16566,TRUE
465064,medicaid_day_share,Medicaid day share,percent,Payer mix,FALSE,Same state + same rural/urban + same bed-size band,25,2015,0.5160977280511474,0.6051575931232092,0.6974639036433007,0.6749857735143484,TRUE,12301,TRUE
465064,medicaid_day_share,Medicaid day share,percent,Payer mix,FALSE,Same state + same rural/urban + same bed-size band,25,2016,0.5622198645330323,0.6368747416287722,0.7024160660820582,0.7256394117983636,TRUE,17477,TRUE
465064,medicaid_day_share,Medicaid day share,percent,Payer mix,FALSE,Same state + same rural/urban + same bed-size band,25,2017,0.5521957965832175,0.6152169481686309,0.6906524352861854,0.6133076181292189,TRUE,14518,TRUE
465064,medicaid_day_share,Medicaid day share,percent,Payer mix,FALSE,Same state + same rural/urban + same bed-size band,25,2017,0.5521957965832175,0.6152169481686309,0.6906524352861854,0.6219130853110969,FALSE,24944,FALSE
465064,medicaid_day_share,Medicaid day share,percent,Payer mix,FALSE,Same state + same rural/urban + same bed-size band,25,2018,0.5479436936816283,0.631864959305525,0.7197302550132189,0.7349751225972724,TRUE,27937,TRUE
465064,medicaid_day_share,Medicaid day share,percent,Payer mix,FALSE,Same state + same rural/urban + same bed-size band,25,2019,0.5233045014923042,0.6226567355827117,0.7051081540543314,0.75052466771045,TRUE,30019,TRUE
465064,medicaid_day_share,Medicaid day share,percent,Payer mix,FALSE,Same state + same rural/urban + same bed-size band,25,2020,0.49113840573736706,0.6557640750670242,0.73359571147452,0.8139366077909509,TRUE,16532,TRUE
465064,medicaid_day_share,Medicaid day share,percent,Payer mix,FALSE,Same state + same rural/urban + same bed-size band,25,2021,0.48958157614359354,0.6307834410949702,0.726775112813043,0.7553570679750073,TRUE,23847,TRUE
465064,medicaid_day_share,Medicaid day share,percent,Payer mix,FALSE,Same state + same rural/urban + same bed-size band,25,2022,0.5609392221024218,0.685985043385243,0.7651719617633354,0.6538317502468253,TRUE,29373,TRUE
465064,medicaid_day_share,Medicaid day share,percent,Payer mix,FALSE,Same state + same rural/urban + same bed-size band,25,2023,0.553963093877103,0.6814146278178936,0.776301314025763,0.7098470080926221,TRUE,33858,TRUE
465064,other_day_share,Other/private day share,percent,Payer mix,TRUE,Same state + same rural/urban + same bed-size band,25,2011,0.19286220616829455,0.3055538125016215,0.4005719975898176,0.22761983293299395,TRUE,27893,TRUE
465064,other_day_share,Other/private day share,percent,Payer mix,TRUE,Same state + same rural/urban + same bed-size band,25,2012,0.1678609346483284,0.26918788863881216,0.3304004837277511,0.2078687735622042,TRUE,24934,TRUE
465064,other_day_share,Other/private day share,percent,Payer mix,TRUE,Same state + same rural/urban + same bed-size band,25,2013,0.17685041389664619,0.2754083508766827,0.36753629997389714,0.205,TRUE,21600,TRUE
465064,other_day_share,Other/private day share,percent,Payer mix,TRUE,Same state + same rural/urban + same bed-size band,25,2014,0.19677668462548112,0.28254402641449305,0.3747450127631948,0.20191959434987322,TRUE,16566,TRUE
465064,other_day_share,Other/private day share,percent,Payer mix,TRUE,Same state + same rural/urban + same bed-size band,25,2015,0.17415582690042858,0.2560390274608545,0.31859778706579145,0.20209739045606048,TRUE,12301,TRUE
465064,other_day_share,Other/private day share,percent,Payer mix,TRUE,Same state + same rural/urban + same bed-size band,25,2016,0.20548155737704918,0.24497723010983125,0.31382380026603907,0.19082222349373462,TRUE,17477,TRUE
465064,other_day_share,Other/private day share,percent,Payer mix,TRUE,Same state + same rural/urban + same bed-size band,25,2017,0.21243523316062177,0.27908299675749476,0.33317380008204567,0.2939110070257611,TRUE,14518,TRUE
465064,other_day_share,Other/private day share,percent,Payer mix,TRUE,Same state + same rural/urban + same bed-size band,25,2017,0.21243523316062177,0.27908299675749476,0.33317380008204567,0.2619868505452213,FALSE,24944,FALSE
465064,other_day_share,Other/private day share,percent,Payer mix,TRUE,Same state + same rural/urban + same bed-size band,25,2018,0.19584993649991334,0.27289685858380935,0.32601775370019226,0.18684898163725525,TRUE,27937,TRUE
465064,other_day_share,Other/private day share,percent,Payer mix,TRUE,Same state + same rural/urban + same bed-size band,25,2019,0.21773414050974207,0.25198921105866484,0.34024409325614147,0.19084579766148108,TRUE,30019,TRUE
465064,other_day_share,Other/private day share,percent,Payer mix,TRUE,Same state + same rural/urban + same bed-size band,25,2020,0.13412040851662038,0.21106127449123374,0.3152152630916502,0.11898136946527946,TRUE,16532,TRUE
465064,other_day_share,Other/private day share,percent,Payer mix,TRUE,Same state + same rural/urban + same bed-size band,25,2021,0.14716663537484675,0.26664894535173234,0.36155804639431033,0.1541913028892523,TRUE,23847,TRUE
465064,other_day_share,Other/private day share,percent,Payer mix,TRUE,Same state + same rural/urban + same bed-size band,25,2022,0.1471746108654836,0.2590909090909091,0.30319995285520657,0.2533619310250911,TRUE,29373,TRUE
465064,other_day_share,Other/private day share,percent,Payer mix,TRUE,Same state + same rural/urban + same bed-size band,25,2023,0.18042651518798442,0.2521244121772131,0.353469084607291,0.2126233091145372,TRUE,33858,TRUE
465064,net_patient_revenue_per_day,Net patient revenue per resident day,dollar,Revenue,TRUE,Same state + same rural/urban + same bed-size band,25,2011,201.42639196670598,206.1321723920026,253.17635918882678,204.2266876994228,TRUE,27893,TRUE
465064,net_patient_revenue_per_day,Net patient revenue per resident day,dollar,Revenue,TRUE,Same state + same rural/urban + same bed-size band,25,2012,198.86854874026338,216.98003710400616,236.1984712519287,210.0102269992781,TRUE,24934,TRUE
465064,net_patient_revenue_per_day,Net patient revenue per resident day,dollar,Revenue,TRUE,Same state + same rural/urban + same bed-size band,25,2013,206.33612115818727,234.7463295048326,253.4293798458973,216.8676851851852,TRUE,21600,TRUE
465064,net_patient_revenue_per_day,Net patient revenue per resident day,dollar,Revenue,TRUE,Same state + same rural/urban + same bed-size band,25,2014,224.03807524026217,233.6695378497189,254.77146096679596,251.3602559459133,TRUE,16566,TRUE
465064,net_patient_revenue_per_day,Net patient revenue per resident day,dollar,Revenue,TRUE,Same state + same rural/urban + same bed-size band,25,2015,228.77876959946082,242.40596724049928,289.2587963694764,231.2804650028453,TRUE,12301,TRUE
465064,net_patient_revenue_per_day,Net patient revenue per resident day,dollar,Revenue,TRUE,Same state + same rural/urban + same bed-size band,25,2016,235.24797712806128,257.5532574974147,279.3568406205924,222.07157979058192,TRUE,17477,TRUE
465064,net_patient_revenue_per_day,Net patient revenue per resident day,dollar,Revenue,TRUE,Same state + same rural/urban + same bed-size band,25,2017,244.37335632679458,282.1738768088492,335.17374735356384,242.40081278413004,TRUE,14518,TRUE
465064,net_patient_revenue_per_day,Net patient revenue per resident day,dollar,Revenue,TRUE,Same state + same rural/urban + same bed-size band,25,2017,244.37335632679458,282.1738768088492,335.17374735356384,284.6999278383579,FALSE,24944,FALSE
465064,net_patient_revenue_per_day,Net patient revenue per resident day,dollar,Revenue,TRUE,Same state + same rural/urban + same bed-size band,25,2018,273.1524225074803,303.5077653631203,331.5807996854975,285.5348462612306,TRUE,27937,TRUE
465064,net_patient_revenue_per_day,Net patient revenue per resident day,dollar,Revenue,TRUE,Same state + same rural/urban + same bed-size band,25,2019,292.88628805321054,333.8249882647473,370.7379528082419,300.38942003397847,TRUE,30019,TRUE
465064,net_patient_revenue_per_day,Net patient revenue per resident day,dollar,Revenue,TRUE,Same state + same rural/urban + same bed-size band,25,2020,325.1648095840187,356.6613093568022,399.35800900521735,317.84442293733366,TRUE,16532,TRUE
465064,net_patient_revenue_per_day,Net patient revenue per resident day,dollar,Revenue,TRUE,Same state + same rural/urban + same bed-size band,25,2021,336.5683225511392,363.13247725993995,383.00260911041255,422.7582924476873,TRUE,23847,TRUE
465064,net_patient_revenue_per_day,Net patient revenue per resident day,dollar,Revenue,TRUE,Same state + same rural/urban + same bed-size band,25,2022,343.6752077562327,372.32154321361514,407.71724890829694,364.34429578184046,TRUE,29373,TRUE
465064,net_patient_revenue_per_day,Net patient revenue per resident day,dollar,Revenue,TRUE,Same state + same rural/urban + same bed-size band,25,2023,372.2459793222286,394.7424107142857,426.29039174520926,370.6304270777955,TRUE,33858,TRUE
465064,operating_expense_per_day,Operating expense per resident day,dollar,Cost,FALSE,Same state + same rural/urban + same bed-size band,25,2011,203.4284244398748,218.09892575703236,242.95705866760383,241.21453411250135,TRUE,27893,TRUE
465064,operating_expense_per_day,Operating expense per resident day,dollar,Cost,FALSE,Same state + same rural/urban + same bed-size band,25,2012,196.88070407207277,213.27034515871577,232.2824672003676,260.7166519611775,TRUE,24934,TRUE
465064,operating_expense_per_day,Operating expense per resident day,dollar,Cost,FALSE,Same state + same rural/urban + same bed-size band,25,2013,208.6941103571353,233.13336991918064,293.50960164580965,290.90537037037035,TRUE,21600,TRUE
465064,operating_expense_per_day,Operating expense per resident day,dollar,Cost,FALSE,Same state + same rural/urban + same bed-size band,25,2014,208.92759978677606,231.5021731206523,284.2106400273761,303.5462392852831,TRUE,16566,TRUE
465064,operating_expense_per_day,Operating expense per resident day,dollar,Cost,FALSE,Same state + same rural/urban + same bed-size band,25,2015,222.5196103294574,242.56044827928196,302.9635307482381,239.1303146085684,TRUE,12301,TRUE
465064,operating_expense_per_day,Operating expense per resident day,dollar,Cost,FALSE,Same state + same rural/urban + same bed-size band,25,2016,236.39056910569104,245.37560092401824,290.53172700157904,228.13274589460434,TRUE,17477,TRUE
465064,operating_expense_per_day,Operating expense per resident day,dollar,Cost,FALSE,Same state + same rural/urban + same bed-size band,25,2017,247.69976467015866,281.46590909090907,343.4457980741173,213.7115993938559,TRUE,14518,TRUE
465064,operating_expense_per_day,Operating expense per resident day,dollar,Cost,FALSE,Same state + same rural/urban + same bed-size band,25,2017,247.69976467015866,281.46590909090907,343.4457980741173,251.7101106478512,FALSE,24944,FALSE
465064,operating_expense_per_day,Operating expense per resident day,dollar,Cost,FALSE,Same state + same rural/urban + same bed-size band,25,2018,258.9236375867765,301.4150868561385,358.45949512002903,244.27801839853956,TRUE,27937,TRUE
465064,operating_expense_per_day,Operating expense per resident day,dollar,Cost,FALSE,Same state + same rural/urban + same bed-size band,25,2019,289.03791817359854,313.25995828458053,369.1225927665571,251.5648422665645,TRUE,30019,TRUE
465064,operating_expense_per_day,Operating expense per resident day,dollar,Cost,FALSE,Same state + same rural/urban + same bed-size band,25,2020,333.0281389198268,350.94561487505456,410.3880554707818,337.4698161142028,TRUE,16532,TRUE
465064,operating_expense_per_day,Operating expense per resident day,dollar,Cost,FALSE,Same state + same rural/urban + same bed-size band,25,2021,343.15080263834164,374.8096367788363,423.9988336037674,336.3066213779511,TRUE,23847,TRUE
465064,operating_expense_per_day,Operating expense per resident day,dollar,Cost,FALSE,Same state + same rural/urban + same bed-size band,25,2022,374.2577641581708,407.01319190359504,429.45505822416305,323.3450107241344,TRUE,29373,TRUE
465064,operating_expense_per_day,Operating expense per resident day,dollar,Cost,FALSE,Same state + same rural/urban + same bed-size band,25,2023,362.2754164273406,390.49815761321764,417.2927132918345,334.68273377045307,TRUE,33858,TRUE
465064,patient_service_margin,Patient service margin,percent,Margin,TRUE,Same state + same rural/urban + same bed-size band,25,2011,-0.061111122074551216,-3.971981527852975e-4,0.009933718475407517,-0.1811117186971989,TRUE,27893,TRUE
465064,patient_service_margin,Patient service margin,percent,Margin,TRUE,Same state + same rural/urban + same bed-size band,25,2012,-0.03306642061260588,0.0015949347178756425,0.01743710909000263,-0.24144740799729586,TRUE,24934,TRUE
465064,patient_service_margin,Patient service margin,percent,Margin,TRUE,Same state + same rural/urban + same bed-size band,25,2013,-0.09288078839806957,-0.012228568090394602,0.02240075546649784,-0.3413956538613107,TRUE,21600,TRUE
465064,patient_service_margin,Patient service margin,percent,Margin,TRUE,Same state + same rural/urban + same bed-size band,25,2014,-0.07931175819835803,-0.027587511593199932,0.055357344055544336,-0.20761429901869197,TRUE,16566,TRUE
465064,patient_service_margin,Patient service margin,percent,Margin,TRUE,Same state + same rural/urban + same bed-size band,25,2015,-0.0591709101651226,0.017480972269223734,0.046723800834087136,-0.03394082420937082,TRUE,12301,TRUE
465064,patient_service_margin,Patient service margin,percent,Margin,TRUE,Same state + same rural/urban + same bed-size band,25,2016,-0.13599904406850888,0.005752145664985931,0.07821888810487615,-0.027293749653774853,TRUE,17477,TRUE
465064,patient_service_margin,Patient service margin,percent,Margin,TRUE,Same state + same rural/urban + same bed-size band,25,2017,-0.06534662788318357,0.04133295636117692,0.07711347010615478,0.11835444386823617,TRUE,14518,TRUE
465064,patient_service_margin,Patient service margin,percent,Margin,TRUE,Same state + same rural/urban + same bed-size band,25,2017,-0.06534662788318357,0.04133295636117692,0.07711347010615478,0.1158757483396242,FALSE,24944,FALSE
465064,patient_service_margin,Patient service margin,percent,Margin,TRUE,Same state + same rural/urban + same bed-size band,25,2018,-0.11134835416187122,-0.006681645380972058,0.03806986208526714,0.14448964251790808,TRUE,27937,TRUE
465064,patient_service_margin,Patient service margin,percent,Margin,TRUE,Same state + same rural/urban + same bed-size band,25,2019,-0.034658930860320944,0.03782814227133936,0.08531797366097951,0.16253760788875718,TRUE,30019,TRUE
465064,patient_service_margin,Patient service margin,percent,Margin,TRUE,Same state + same rural/urban + same bed-size band,25,2020,-0.053853025371732234,0.032807156925662655,0.05673747778991964,-0.061745280900330456,TRUE,16532,TRUE
465064,patient_service_margin,Patient service margin,percent,Margin,TRUE,Same state + same rural/urban + same bed-size band,25,2021,-0.11900357290069338,-0.021653381456126247,0.04103912747405947,0.2044943236221295,TRUE,23847,TRUE
465064,patient_service_margin,Patient service margin,percent,Margin,TRUE,Same state + same rural/urban + same bed-size band,25,2022,-0.1239281520604608,-0.029851529251810487,0.01404273411364246,0.11252896101948395,TRUE,29373,TRUE
465064,patient_service_margin,Patient service margin,percent,Margin,TRUE,Same state + same rural/urban + same bed-size band,25,2023,-0.04991736271971117,0.019752118753528482,0.08445278358464928,0.09699066962949858,TRUE,33858,TRUE
465064,total_margin,Total margin,percent,Margin,TRUE,Same state + same rural/urban + same bed-size band,25,2011,-0.06138546294500515,0.006553673993863432,0.016731870267799532,-0.16477518193204768,TRUE,27893,TRUE
465064,total_margin,Total margin,percent,Margin,TRUE,Same state + same rural/urban + same bed-size band,25,2012,-0.029688938223394634,0.008882874638445898,0.039280576082809666,-0.23308020116893396,TRUE,24934,TRUE
465064,total_margin,Total margin,percent,Margin,TRUE,Same state + same rural/urban + same bed-size band,25,2013,-0.07384842501815264,-0.004191425563334351,0.017518645917718803,-0.33151529072813213,TRUE,21600,TRUE
465064,total_margin,Total margin,percent,Margin,TRUE,Same state + same rural/urban + same bed-size band,25,2014,-0.0868850688405678,-0.007813145384277416,0.05875508437920564,-0.21075164131704976,TRUE,16566,TRUE
465064,total_margin,Total margin,percent,Margin,TRUE,Same state + same rural/urban + same bed-size band,25,2015,-0.07547796878435128,0.008049117912717377,0.051399380244302836,-0.03375488272153663,TRUE,12301,TRUE
465064,total_margin,Total margin,percent,Margin,TRUE,Same state + same rural/urban + same bed-size band,25,2016,-0.13230122191591057,0.007632930856235546,0.07941564229212315,-0.027030167643826757,TRUE,17477,TRUE
465064,total_margin,Total margin,percent,Margin,TRUE,Same state + same rural/urban + same bed-size band,25,2017,-0.047294683045223725,0.03788818991773647,0.0775215529860134,0.10508229911840133,TRUE,14518,TRUE
465064,total_margin,Total margin,percent,Margin,TRUE,Same state + same rural/urban + same bed-size band,25,2017,-0.047294683045223725,0.03788818991773647,0.0775215529860134,0.11452491743005581,FALSE,24944,FALSE
465064,total_margin,Total margin,percent,Margin,TRUE,Same state + same rural/urban + same bed-size band,25,2018,-0.11253213887279824,-0.002318643220893634,0.0398494338245427,0.14279978142123084,TRUE,27937,TRUE
465064,total_margin,Total margin,percent,Margin,TRUE,Same state + same rural/urban + same bed-size band,25,2019,3.5876805766637626e-4,0.05941714295893663,0.08750078851019696,0.16545574717296246,TRUE,30019,TRUE
465064,total_margin,Total margin,percent,Margin,TRUE,Same state + same rural/urban + same bed-size band,25,2020,0.03529635079863636,0.058109725520694606,0.10957297340880517,-0.061247431776019656,TRUE,16532,TRUE
465064,total_margin,Total margin,percent,Margin,TRUE,Same state + same rural/urban + same bed-size band,25,2021,-0.06822583938847167,0.02172199001939259,0.06887004993224496,0.2047094698149098,TRUE,23847,TRUE
465064,total_margin,Total margin,percent,Margin,TRUE,Same state + same rural/urban + same bed-size band,25,2022,-0.13547028062535502,-0.016932820079260103,0.03612490343907522,0.11271444236225674,TRUE,29373,TRUE
465064,total_margin,Total margin,percent,Margin,TRUE,Same state + same rural/urban + same bed-size band,25,2023,-0.03228495933682721,0.03749296292749291,0.11142818014353792,0.09697481154580058,TRUE,33858,TRUE
465064,salary_cost_per_day,Salary cost per resident day,dollar,Labor,FALSE,Same state + same rural/urban + same bed-size band,25,2011,88.5968208492665,95.94560503315006,113.9862063831857,83.5222457247338,TRUE,27893,TRUE
465064,salary_cost_per_day,Salary cost per resident day,dollar,Labor,FALSE,Same state + same rural/urban + same bed-size band,25,2012,81.85703594831693,95.15963587497984,105.9935763878678,83.72551536055185,TRUE,24934,TRUE
465064,salary_cost_per_day,Salary cost per resident day,dollar,Labor,FALSE,Same state + same rural/urban + same bed-size band,25,2013,86.36913507245036,104.3615342297816,118.24643215598377,89.71763888888889,TRUE,21600,TRUE
465064,salary_cost_per_day,Salary cost per resident day,dollar,Labor,FALSE,Same state + same rural/urban + same bed-size band,25,2014,89.00607908319363,108.35698296682085,117.3080783640005,93.36659422914403,TRUE,16566,TRUE
465064,salary_cost_per_day,Salary cost per resident day,dollar,Labor,FALSE,Same state + same rural/urban + same bed-size band,25,2015,93.49870415897578,110.70594125500668,131.05597843341326,111.91773026583205,TRUE,12301,TRUE
465064,salary_cost_per_day,Salary cost per resident day,dollar,Labor,FALSE,Same state + same rural/urban + same bed-size band,25,2016,97.18896487228943,119.72966619652092,133.04375990939977,103.12713852491846,TRUE,17477,TRUE
465064,salary_cost_per_day,Salary cost per resident day,dollar,Labor,FALSE,Same state + same rural/urban + same bed-size band,25,2017,101.0834584729121,120.34186884249816,134.847033866202,98.05386416861826,TRUE,14518,TRUE
465064,salary_cost_per_day,Salary cost per resident day,dollar,Labor,FALSE,Same state + same rural/urban + same bed-size band,25,2017,101.0834584729121,120.34186884249816,134.847033866202,121.26046343810135,FALSE,24944,FALSE
465064,salary_cost_per_day,Salary cost per resident day,dollar,Labor,FALSE,Same state + same rural/urban + same bed-size band,25,2018,99.69468240265626,130.7063425877032,161.4328218585124,123.82381787593513,TRUE,27937,TRUE
465064,salary_cost_per_day,Salary cost per resident day,dollar,Labor,FALSE,Same state + same rural/urban + same bed-size band,25,2019,98.90841070945642,132.10547520661157,164.34488491712995,133.466837669476,TRUE,30019,TRUE
465064,salary_cost_per_day,Salary cost per resident day,dollar,Labor,FALSE,Same state + same rural/urban + same bed-size band,25,2020,115.93117695042608,149.14732707325487,194.93004826858143,170.79639487055408,TRUE,16532,TRUE
465064,salary_cost_per_day,Salary cost per resident day,dollar,Labor,FALSE,Same state + same rural/urban + same bed-size band,25,2021,109.96098320526092,149.97189924421195,189.76954705843917,178.04247913783703,TRUE,23847,TRUE
465064,salary_cost_per_day,Salary cost per resident day,dollar,Labor,FALSE,Same state + same rural/urban + same bed-size band,25,2022,125.1841577540107,141.30738538569864,192.23582903910275,167.05818268477853,TRUE,29373,TRUE
465064,salary_cost_per_day,Salary cost per resident day,dollar,Labor,FALSE,Same state + same rural/urban + same bed-size band,25,2023,121.4597214244687,162.09494260006204,212.56603279547016,177.67133321519287,TRUE,33858,TRUE
465064,contract_labor_per_day,Contract labor per resident day,dollar,Labor,FALSE,Same state + same rural/urban + same bed-size band,25,2011,8.14655523848349,12.485799972735947,17.875496299201018,17.46395152905747,TRUE,27893,TRUE
465064,contract_labor_per_day,Contract labor per resident day,dollar,Labor,FALSE,Same state + same rural/urban + same bed-size band,25,2012,0.41948591672904645,7.753601797572243,18.479356778727556,18.86219619796262,TRUE,24934,TRUE
465064,contract_labor_per_day,Contract labor per resident day,dollar,Labor,FALSE,Same state + same rural/urban + same bed-size band,25,2013,1.390505598297078,11.251084093748197,16.996512607581487,20.358101851851853,TRUE,21600,TRUE
465064,contract_labor_per_day,Contract labor per resident day,dollar,Labor,FALSE,Same state + same rural/urban + same bed-size band,25,2014,0.1595214947966459,16.213622858819647,22.93192908419548,29.283472171918387,TRUE,16566,TRUE
465064,contract_labor_per_day,Contract labor per resident day,dollar,Labor,FALSE,Same state + same rural/urban + same bed-size band,25,2015,0.47612169583037,1.8355167389217892,15.858611916501474,0.49735793837899356,TRUE,12301,TRUE
465064,contract_labor_per_day,Contract labor per resident day,dollar,Labor,FALSE,Same state + same rural/urban + same bed-size band,25,2016,1.5585345317834005,4.6732281205165,17.170227052027368,0.5595353893688848,TRUE,17477,TRUE
465064,contract_labor_per_day,Contract labor per resident day,dollar,Labor,FALSE,Same state + same rural/urban + same bed-size band,25,2017,3.367715418389472,13.65722499163224,31.548229157389095,0.583413693346191,TRUE,14518,TRUE
465064,contract_labor_per_day,Contract labor per resident day,dollar,Labor,FALSE,Same state + same rural/urban + same bed-size band,25,2017,3.367715418389472,13.65722499163224,31.548229157389095,0.748155869146889,FALSE,24944,FALSE
465064,contract_labor_per_day,Contract labor per resident day,dollar,Labor,FALSE,Same state + same rural/urban + same bed-size band,25,2018,4.780768717956459,19.049515005077563,27.513994036313726,0.7422414718831657,TRUE,27937,TRUE
465064,contract_labor_per_day,Contract labor per resident day,dollar,Labor,FALSE,Same state + same rural/urban + same bed-size band,25,2019,4.777043030853676,22.02317547437221,32.055389278376396,0.03174656051167594,TRUE,30019,TRUE
465064,contract_labor_per_day,Contract labor per resident day,dollar,Labor,FALSE,Same state + same rural/urban + same bed-size band,25,2020,4.748546014368799,22.318919326843258,58.583270777479896,NA,TRUE,16532,TRUE
465064,contract_labor_per_day,Contract labor per resident day,dollar,Labor,FALSE,Same state + same rural/urban + same bed-size band,25,2021,16.604258664432788,70.92068969862282,83.45036926726979,0.22086635635509708,TRUE,23847,TRUE
465064,contract_labor_per_day,Contract labor per resident day,dollar,Labor,FALSE,Same state + same rural/urban + same bed-size band,25,2022,17.558163473158654,42.37082331269508,79.16023945932221,NA,TRUE,29373,TRUE
465064,contract_labor_per_day,Contract labor per resident day,dollar,Labor,FALSE,Same state + same rural/urban + same bed-size band,25,2023,4.204874454787586,18.012591881720486,55.0334488887649,0.0354421407052986,TRUE,33858,TRUE
465064,contract_labor_ratio,Contract labor ratio,percent,Labor,FALSE,Same state + same rural/urban + same bed-size band,25,2011,0.07473617384523758,0.12125329417101624,0.17144909520265997,0.17293404449291538,TRUE,27893,TRUE
465064,contract_labor_ratio,Contract labor ratio,percent,Labor,FALSE,Same state + same rural/urban + same bed-size band,25,2012,0.003244200012827085,0.08212985749841137,0.18008203748853313,0.18386408967904416,TRUE,24934,TRUE
465064,contract_labor_ratio,Contract labor ratio,percent,Labor,FALSE,Same state + same rural/urban + same bed-size band,25,2013,0.012410820921585554,0.10515241815596799,0.1651348036087863,0.18494630801350584,TRUE,21600,TRUE
465064,contract_labor_ratio,Contract labor ratio,percent,Labor,FALSE,Same state + same rural/urban + same bed-size band,25,2014,0.0013309368294706736,0.16511111136012946,0.18843302990127553,0.238756268391753,TRUE,16566,TRUE
465064,contract_labor_ratio,Contract labor ratio,percent,Labor,FALSE,Same state + same rural/urban + same bed-size band,25,2015,0.004039521231964842,0.010344435208471578,0.15448243682471927,0.004424298786969797,TRUE,12301,TRUE
465064,contract_labor_ratio,Contract labor ratio,percent,Labor,FALSE,Same state + same rural/urban + same bed-size band,25,2016,0.013322128950632154,0.03511381728533364,0.15889605860765083,0.005396406001328822,TRUE,17477,TRUE
465064,contract_labor_ratio,Contract labor ratio,percent,Labor,FALSE,Same state + same rural/urban + same bed-size band,25,2017,0.025474558209231404,0.09644924383001138,0.2756501080254699,0.005914738382811365,TRUE,14518,TRUE
465064,contract_labor_ratio,Contract labor ratio,percent,Labor,FALSE,Same state + same rural/urban + same bed-size band,25,2017,0.025474558209231404,0.09644924383001138,0.2756501080254699,0.006131991931347451,FALSE,24944,FALSE
465064,contract_labor_ratio,Contract labor ratio,percent,Labor,FALSE,Same state + same rural/urban + same bed-size band,25,2018,0.033991938197181375,0.12612314555641826,0.22166084495358146,0.005958617265162491,TRUE,27937,TRUE
465064,contract_labor_ratio,Contract labor ratio,percent,Labor,FALSE,Same state + same rural/urban + same bed-size band,25,2019,0.03146261458782518,0.17490533223671995,0.21751947937609994,2.3780447331923641e-4,TRUE,30019,TRUE
465064,contract_labor_ratio,Contract labor ratio,percent,Labor,FALSE,Same state + same rural/urban + same bed-size band,25,2020,0.013921689775537736,0.13533965334509718,0.3502108081205497,NA,TRUE,16532,TRUE
465064,contract_labor_ratio,Contract labor ratio,percent,Labor,FALSE,Same state + same rural/urban + same bed-size band,25,2021,0.08581640761424737,0.367803165346516,0.44984143393241555,0.0012389891805452116,TRUE,23847,TRUE
465064,contract_labor_ratio,Contract labor ratio,percent,Labor,FALSE,Same state + same rural/urban + same bed-size band,25,2022,0.09507627312970889,0.20320468616946874,0.3841649521440177,NA,TRUE,29373,TRUE
465064,contract_labor_ratio,Contract labor ratio,percent,Labor,FALSE,Same state + same rural/urban + same bed-size band,25,2023,0.02280298834874747,0.09305778347219698,0.2912057532081485,1.9944169621173794e-4,TRUE,33858,TRUE
465064,days_cash_on_hand,Days cash on hand,number,Liquidity,TRUE,Same state + same rural/urban + same bed-size band,25,2011,0.2456860247932591,0.5409548225608958,1.1037732364750632,1.27916736088435,TRUE,27893,TRUE
465064,days_cash_on_hand,Days cash on hand,number,Liquidity,TRUE,Same state + same rural/urban + same bed-size band,25,2012,0.10717875811217155,0.3318605976427441,4.748550529507776,0.78185702513372,TRUE,24934,TRUE
465064,days_cash_on_hand,Days cash on hand,number,Liquidity,TRUE,Same state + same rural/urban + same bed-size band,25,2013,0.025059757110722797,0.35766993897539623,2.236977184468373,1.125050847004467,TRUE,21600,TRUE
465064,days_cash_on_hand,Days cash on hand,number,Liquidity,TRUE,Same state + same rural/urban + same bed-size band,25,2014,0.12180440601781338,3.680044509652939,13.544860640124066,0.8171076058352442,TRUE,16566,TRUE
465064,days_cash_on_hand,Days cash on hand,number,Liquidity,TRUE,Same state + same rural/urban + same bed-size band,25,2015,0.06526628566671125,0.8959593210875265,16.309356244601148,0.12408457876855065,TRUE,12301,TRUE
465064,days_cash_on_hand,Days cash on hand,number,Liquidity,TRUE,Same state + same rural/urban + same bed-size band,25,2016,0.17680213854699967,0.7763931115850614,4.529413530827206,0.08402147338049237,TRUE,17477,TRUE
465064,days_cash_on_hand,Days cash on hand,number,Liquidity,TRUE,Same state + same rural/urban + same bed-size band,25,2017,0.05976615515315247,3.0207128937261976,16.316724423615188,0.3222181576161139,TRUE,14518,TRUE
465064,days_cash_on_hand,Days cash on hand,number,Liquidity,TRUE,Same state + same rural/urban + same bed-size band,25,2017,0.05976615515315247,3.0207128937261976,16.316724423615188,10.989256938227395,FALSE,24944,FALSE
465064,days_cash_on_hand,Days cash on hand,number,Liquidity,TRUE,Same state + same rural/urban + same bed-size band,25,2018,0.035486731469416666,0.2460764846165117,6.995322214835582,0.05348459460508954,TRUE,27937,TRUE
465064,days_cash_on_hand,Days cash on hand,number,Liquidity,TRUE,Same state + same rural/urban + same bed-size band,25,2019,4.967900237139598,10.033579574409643,36.35906139304652,7.1156926397611135,TRUE,30019,TRUE
465064,days_cash_on_hand,Days cash on hand,number,Liquidity,TRUE,Same state + same rural/urban + same bed-size band,25,2020,5.159105611336907,17.65691265599956,35.37421940963696,8.665056117967016,TRUE,16532,TRUE
465064,days_cash_on_hand,Days cash on hand,number,Liquidity,TRUE,Same state + same rural/urban + same bed-size band,25,2021,3.0426019007942946,13.283455928327802,44.68197798266582,1.3420054654020797,TRUE,23847,TRUE
465064,days_cash_on_hand,Days cash on hand,number,Liquidity,TRUE,Same state + same rural/urban + same bed-size band,25,2022,9.07888403341526,14.073686508515976,18.430897648542654,11.471105424068133,TRUE,29373,TRUE
465064,days_cash_on_hand,Days cash on hand,number,Liquidity,TRUE,Same state + same rural/urban + same bed-size band,25,2023,1.5668768323911948,16.32514767096135,43.82454238439403,0.7318586604219953,TRUE,33858,TRUE
465064,current_ratio,Current ratio,number,Liquidity,TRUE,Same state + same rural/urban + same bed-size band,25,2011,0.8764972980560266,1.1806842311993804,1.6639784259221027,2.036666015776113,TRUE,27893,TRUE
465064,current_ratio,Current ratio,number,Liquidity,TRUE,Same state + same rural/urban + same bed-size band,25,2012,0.7502994586221878,1.1636035316360032,1.5499467950651575,1.521856816979635,TRUE,24934,TRUE
465064,current_ratio,Current ratio,number,Liquidity,TRUE,Same state + same rural/urban + same bed-size band,25,2013,0.14343125753104413,0.5652419781564793,1.1678212429843762,2.2951653163498884,TRUE,21600,TRUE
465064,current_ratio,Current ratio,number,Liquidity,TRUE,Same state + same rural/urban + same bed-size band,25,2014,0.4738586737584624,0.7515251172532584,1.40558255942267,2.2001319890009166,TRUE,16566,TRUE
465064,current_ratio,Current ratio,number,Liquidity,TRUE,Same state + same rural/urban + same bed-size band,25,2015,0.19391316125516947,0.7646530598997073,1.0622886803651896,0.1918513117441965,TRUE,12301,TRUE
465064,current_ratio,Current ratio,number,Liquidity,TRUE,Same state + same rural/urban + same bed-size band,25,2016,0.3297590240142759,0.9968061938002284,2.6722605723159667,1.4985024161670648,TRUE,17477,TRUE
465064,current_ratio,Current ratio,number,Liquidity,TRUE,Same state + same rural/urban + same bed-size band,25,2017,0.5854265303801772,1.3594909598047518,2.17177384082713,3.624979556668914,TRUE,14518,TRUE
465064,current_ratio,Current ratio,number,Liquidity,TRUE,Same state + same rural/urban + same bed-size band,25,2017,0.5854265303801772,1.3594909598047518,2.17177384082713,1.9502711750604056,FALSE,24944,FALSE
465064,current_ratio,Current ratio,number,Liquidity,TRUE,Same state + same rural/urban + same bed-size band,25,2018,0.6915117178094964,1.2963622949226292,2.5143820912765498,2.04913122913798,TRUE,27937,TRUE
465064,current_ratio,Current ratio,number,Liquidity,TRUE,Same state + same rural/urban + same bed-size band,25,2019,0.8732218820277996,1.4165474474904407,3.0098425649937277,4.565672079458586,TRUE,30019,TRUE
465064,current_ratio,Current ratio,number,Liquidity,TRUE,Same state + same rural/urban + same bed-size band,25,2020,1.126270449330001,2.7066848417760987,4.457945708880851,7.632805010294049,TRUE,16532,TRUE
465064,current_ratio,Current ratio,number,Liquidity,TRUE,Same state + same rural/urban + same bed-size band,25,2021,1.0274161528135959,2.2136050880755587,4.028713001274193,9.448607416588715,TRUE,23847,TRUE
465064,current_ratio,Current ratio,number,Liquidity,TRUE,Same state + same rural/urban + same bed-size band,25,2022,0.5868661334028594,1.7563204243663975,4.02055312964135,10.717518101978017,TRUE,29373,TRUE
465064,current_ratio,Current ratio,number,Liquidity,TRUE,Same state + same rural/urban + same bed-size band,25,2023,1.0324210593113623,2.721262281975215,4.21725993006366,11.861752113403599,TRUE,33858,TRUE
465064,days_accounts_receivable,Days accounts receivable,number,Liquidity,FALSE,Same state + same rural/urban + same bed-size band,25,2011,41.07210695713981,46.5844624297882,57.12337053365313,32.28667031218319,TRUE,27893,TRUE
465064,days_accounts_receivable,Days accounts receivable,number,Liquidity,FALSE,Same state + same rural/urban + same bed-size band,25,2012,38.72153412159333,56.34438697460533,60.503673505312044,23.14759104307448,TRUE,24934,TRUE
465064,days_accounts_receivable,Days accounts receivable,number,Liquidity,FALSE,Same state + same rural/urban + same bed-size band,25,2013,41.2661148047421,46.90358065584615,67.6370343339064,44.93691536612826,TRUE,21600,TRUE
465064,days_accounts_receivable,Days accounts receivable,number,Liquidity,FALSE,Same state + same rural/urban + same bed-size band,25,2014,33.88041488793855,44.63445799326466,62.06166566720586,42.00955131490281,TRUE,16566,TRUE
465064,days_accounts_receivable,Days accounts receivable,number,Liquidity,FALSE,Same state + same rural/urban + same bed-size band,25,2015,35.42381319672673,45.07703865330692,64.91803648507583,44.13630003152921,TRUE,12301,TRUE
465064,days_accounts_receivable,Days accounts receivable,number,Liquidity,FALSE,Same state + same rural/urban + same bed-size band,25,2016,44.043262496972325,55.014914811268305,113.21606352072345,28.25012206449385,TRUE,17477,TRUE
465064,days_accounts_receivable,Days accounts receivable,number,Liquidity,FALSE,Same state + same rural/urban + same bed-size band,25,2017,38.229869932573195,45.508806354182525,64.83993855022649,99.12633216591956,TRUE,14518,TRUE
465064,days_accounts_receivable,Days accounts receivable,number,Liquidity,FALSE,Same state + same rural/urban + same bed-size band,25,2017,38.229869932573195,45.508806354182525,64.83993855022649,32.7484931117199,FALSE,24944,FALSE
465064,days_accounts_receivable,Days accounts receivable,number,Liquidity,FALSE,Same state + same rural/urban + same bed-size band,25,2018,43.145846453995084,56.40731250715096,79.41223346537059,34.51161384618027,TRUE,27937,TRUE
465064,days_accounts_receivable,Days accounts receivable,number,Liquidity,FALSE,Same state + same rural/urban + same bed-size band,25,2019,46.54571522803483,50.13486477101631,60.26634963221507,33.30017599327522,TRUE,30019,TRUE
465064,days_accounts_receivable,Days accounts receivable,number,Liquidity,FALSE,Same state + same rural/urban + same bed-size band,25,2020,38.90706583510311,47.730522863461275,60.21723480388029,37.323802136183815,TRUE,16532,TRUE
465064,days_accounts_receivable,Days accounts receivable,number,Liquidity,FALSE,Same state + same rural/urban + same bed-size band,25,2021,42.88809919477923,55.00108578486483,67.32302912166426,20.805707117291973,TRUE,23847,TRUE
465064,days_accounts_receivable,Days accounts receivable,number,Liquidity,FALSE,Same state + same rural/urban + same bed-size band,25,2022,33.923705290086545,52.23361907990916,63.8735476553487,35.983036166058596,TRUE,29373,TRUE
465064,days_accounts_receivable,Days accounts receivable,number,Liquidity,FALSE,Same state + same rural/urban + same bed-size band,25,2023,40.97874673303422,56.914750798559616,75.21315118615652,40.26432971107607,TRUE,33858,TRUE
465064,debt_to_assets,Debt to assets,percent,Solvency,FALSE,Same state + same rural/urban + same bed-size band,25,2011,0.6090826860066624,0.9158952097510804,1.1681298060005458,0.42727321028830473,TRUE,27893,TRUE
465064,debt_to_assets,Debt to assets,percent,Solvency,FALSE,Same state + same rural/urban + same bed-size band,25,2012,0.36004662843343527,0.8572906475628077,1.0652964565654646,0.5673259533210055,TRUE,24934,TRUE
465064,debt_to_assets,Debt to assets,percent,Solvency,FALSE,Same state + same rural/urban + same bed-size band,25,2013,0.6071786562432157,0.8189329323935106,1.2815533761831217,0.49120935874324995,TRUE,21600,TRUE
465064,debt_to_assets,Debt to assets,percent,Solvency,FALSE,Same state + same rural/urban + same bed-size band,25,2014,0.7659152580860447,1.0039672699840576,1.3121382163272228,0.45687839843880307,TRUE,16566,TRUE
465064,debt_to_assets,Debt to assets,percent,Solvency,FALSE,Same state + same rural/urban + same bed-size band,25,2015,0.8392985594501539,0.9588235787337781,1.256997451239351,1.0671321006114676,TRUE,12301,TRUE
465064,debt_to_assets,Debt to assets,percent,Solvency,FALSE,Same state + same rural/urban + same bed-size band,25,2016,0.3830323793210097,0.8515223521246504,1.0721434320475778,-20.73958671427026,TRUE,17477,TRUE
465064,debt_to_assets,Debt to assets,percent,Solvency,FALSE,Same state + same rural/urban + same bed-size band,25,2017,0.2067015264487061,0.563922296431057,1.097701878159488,0.40372147020647065,TRUE,14518,TRUE
465064,debt_to_assets,Debt to assets,percent,Solvency,FALSE,Same state + same rural/urban + same bed-size band,25,2017,0.2067015264487061,0.563922296431057,1.097701878159488,0.2952808900733961,FALSE,24944,FALSE
465064,debt_to_assets,Debt to assets,percent,Solvency,FALSE,Same state + same rural/urban + same bed-size band,25,2018,0.42416503788140497,0.8639241420982522,1.3038254956420723,0.13865148210930148,TRUE,27937,TRUE
465064,debt_to_assets,Debt to assets,percent,Solvency,FALSE,Same state + same rural/urban + same bed-size band,25,2019,0.616485567706379,0.8022429681812009,1.1603514308229523,0.21508127834949278,TRUE,30019,TRUE
465064,debt_to_assets,Debt to assets,percent,Solvency,FALSE,Same state + same rural/urban + same bed-size band,25,2020,0.35840297022111955,0.6689435898706073,0.9381023443663157,0.1259397302156747,TRUE,16532,TRUE
465064,debt_to_assets,Debt to assets,percent,Solvency,FALSE,Same state + same rural/urban + same bed-size band,25,2021,0.4005543639481189,0.6321018947931485,0.9997672497866072,0.0973892050584152,TRUE,23847,TRUE
465064,debt_to_assets,Debt to assets,percent,Solvency,FALSE,Same state + same rural/urban + same bed-size band,25,2022,0.39266776423696964,0.734250504773181,1.1053857328241135,0.0873504463974818,TRUE,29373,TRUE
465064,debt_to_assets,Debt to assets,percent,Solvency,FALSE,Same state + same rural/urban + same bed-size band,25,2023,0.2827591443730998,0.688986873892341,0.9568300944793154,0.07981959126407827,TRUE,33858,TRUE
465095,occupancy_rate,Occupancy rate,percent,Utilization,TRUE,Same state + same rural/urban + same bed-size band,7,2011,0.4747820672478207,0.6009875756610386,0.6329832572298326,0.7268239032139802,TRUE,59476,TRUE
465095,occupancy_rate,Occupancy rate,percent,Utilization,TRUE,Same state + same rural/urban + same bed-size band,7,2012,0.5190798753625487,0.6102278203902924,0.6870806989813839,0.7120776179324189,TRUE,63852,TRUE
465095,occupancy_rate,Occupancy rate,percent,Utilization,TRUE,Same state + same rural/urban + same bed-size band,7,2013,0.46987147555640707,0.5540154466962368,0.6292577080765129,0.7216471798081867,TRUE,64560,TRUE
465095,occupancy_rate,Occupancy rate,percent,Utilization,TRUE,Same state + same rural/urban + same bed-size band,7,2014,0.5260433258999682,0.6659618820726623,0.8853452670934119,0.7794482573606671,TRUE,69731,TRUE
465095,occupancy_rate,Occupancy rate,percent,Utilization,TRUE,Same state + same rural/urban + same bed-size band,7,2015,0.4553661749209694,0.5250729041586002,0.6104734545472916,0.7825780778431066,TRUE,70011,TRUE
465095,occupancy_rate,Occupancy rate,percent,Utilization,TRUE,Same state + same rural/urban + same bed-size band,7,2016,0.40339908743849906,0.4240271435819381,0.5107302297135811,0.7551020408163265,TRUE,22385,TRUE
465095,occupancy_rate,Occupancy rate,percent,Utilization,TRUE,Same state + same rural/urban + same bed-size band,7,2016,0.40339908743849906,0.4240271435819381,0.5107302297135811,0.7058084772370486,TRUE,38216,TRUE
465095,occupancy_rate,Occupancy rate,percent,Utilization,TRUE,Same state + same rural/urban + same bed-size band,7,2017,0.4216213531318624,0.45216687422166874,0.5461082177929831,0.7169404326535672,TRUE,57832,TRUE
465095,occupancy_rate,Occupancy rate,percent,Utilization,TRUE,Same state + same rural/urban + same bed-size band,7,2018,0.461593571908959,0.582648401826484,0.5897173913043479,0.7250728320833075,TRUE,58488,TRUE
465095,occupancy_rate,Occupancy rate,percent,Utilization,TRUE,Same state + same rural/urban + same bed-size band,7,2019,0.42087766804714877,0.550991922071751,0.5849583614042967,0.7616190417157379,TRUE,61436,TRUE
465095,occupancy_rate,Occupancy rate,percent,Utilization,TRUE,Same state + same rural/urban + same bed-size band,7,2020,0.382123758398616,0.5007296009529482,0.562334094368341,0.7424028880152314,TRUE,60050,TRUE
465095,occupancy_rate,Occupancy rate,percent,Utilization,TRUE,Same state + same rural/urban + same bed-size band,7,2021,0.3462242957999774,0.5162465753424658,0.6064472900536033,0.7327589413004401,TRUE,59108,TRUE
465095,occupancy_rate,Occupancy rate,percent,Utilization,TRUE,Same state + same rural/urban + same bed-size band,7,2022,0.32180337303249923,0.5335205479452054,0.5794035801733837,0.7332052315130478,TRUE,59144,TRUE
465095,occupancy_rate,Occupancy rate,percent,Utilization,TRUE,Same state + same rural/urban + same bed-size band,7,2023,0.3310196552425467,0.5547540983606557,0.5693423786927556,0.7505981528543978,TRUE,60547,TRUE
465095,medicare_day_share,Medicare day share,percent,Payer mix,TRUE,Same state + same rural/urban + same bed-size band,7,2011,0.10449878975043819,0.11042622950819672,0.14203551550490326,0.10049431703544287,TRUE,59476,TRUE
465095,medicare_day_share,Medicare day share,percent,Payer mix,TRUE,Same state + same rural/urban + same bed-size band,7,2012,0.1158828853818352,0.14967033453983689,0.17701732212001103,0.09810186055252772,TRUE,63852,TRUE
465095,medicare_day_share,Medicare day share,percent,Payer mix,TRUE,Same state + same rural/urban + same bed-size band,7,2013,0.0921561364489563,0.12844321139786108,0.15610143051471098,0.09872986369268898,TRUE,64560,TRUE
465095,medicare_day_share,Medicare day share,percent,Payer mix,TRUE,Same state + same rural/urban + same bed-size band,7,2014,0.12301793783376694,0.15179794520547946,0.1602190549743734,0.08211555835998337,TRUE,69731,TRUE
465095,medicare_day_share,Medicare day share,percent,Payer mix,TRUE,Same state + same rural/urban + same bed-size band,7,2015,0.0733236759941363,0.13694806122834974,0.1487133107152379,0.06756081187242005,TRUE,70011,TRUE
465095,medicare_day_share,Medicare day share,percent,Payer mix,TRUE,Same state + same rural/urban + same bed-size band,7,2016,0.08376411422850803,0.1140398401279881,0.15286994521910904,0.07388876479785571,TRUE,22385,TRUE
465095,medicare_day_share,Medicare day share,percent,Payer mix,TRUE,Same state + same rural/urban + same bed-size band,7,2016,0.08376411422850803,0.1140398401279881,0.15286994521910904,0.12002826041448608,TRUE,38216,TRUE
465095,medicare_day_share,Medicare day share,percent,Payer mix,TRUE,Same state + same rural/urban + same bed-size band,7,2017,0.08611966518176836,0.08986389907401653,0.13104333460898224,0.07331581131553465,TRUE,57832,TRUE
465095,medicare_day_share,Medicare day share,percent,Payer mix,TRUE,Same state + same rural/urban + same bed-size band,7,2018,0.05160218704049728,0.07578216114801481,0.10573500652517201,0.08078580221583914,TRUE,58488,TRUE
465095,medicare_day_share,Medicare day share,percent,Payer mix,TRUE,Same state + same rural/urban + same bed-size band,7,2019,0.04548507246099119,0.06081228884621928,0.10579296384773584,0.08026238687414546,TRUE,61436,TRUE
465095,medicare_day_share,Medicare day share,percent,Payer mix,TRUE,Same state + same rural/urban + same bed-size band,7,2020,0.07014047210801073,0.10699135899450118,0.12406130737658366,0.15941715237302248,TRUE,60050,TRUE
465095,medicare_day_share,Medicare day share,percent,Payer mix,TRUE,Same state + same rural/urban + same bed-size band,7,2021,0.04955570830131342,0.06718675370163987,0.07688474517637744,0.12013602219665696,TRUE,59108,TRUE
465095,medicare_day_share,Medicare day share,percent,Payer mix,TRUE,Same state + same rural/urban + same bed-size band,7,2022,0.031231762065095398,0.05063291139240506,0.07554148599265868,0.1555018260516705,TRUE,59144,TRUE
465095,medicare_day_share,Medicare day share,percent,Payer mix,TRUE,Same state + same rural/urban + same bed-size band,7,2023,0.026418669515563546,0.03331609344022067,0.04138551016165305,0.11069086825111071,TRUE,60547,TRUE
465095,medicaid_day_share,Medicaid day share,percent,Payer mix,FALSE,Same state + same rural/urban + same bed-size band,7,2011,0.5552322760970553,0.5919227365744755,0.6372333332421142,0.4111238146479252,TRUE,59476,TRUE
465095,medicaid_day_share,Medicaid day share,percent,Payer mix,FALSE,Same state + same rural/urban + same bed-size band,7,2012,0.5675386522265244,0.599772144443809,0.6367858229195289,0.4226492513938483,TRUE,63852,TRUE
465095,medicaid_day_share,Medicaid day share,percent,Payer mix,FALSE,Same state + same rural/urban + same bed-size band,7,2013,0.5426642929713525,0.5869959819739182,0.6284964264431796,0.47061648079306073,TRUE,64560,TRUE
465095,medicaid_day_share,Medicaid day share,percent,Payer mix,FALSE,Same state + same rural/urban + same bed-size band,7,2014,0.5285686864162774,0.6079145556620567,0.6591915217099673,0.4898825486512455,TRUE,69731,TRUE
465095,medicaid_day_share,Medicaid day share,percent,Payer mix,FALSE,Same state + same rural/urban + same bed-size band,7,2015,0.5487408619157891,0.5851195461540695,0.6736130712781594,0.5693962377340703,TRUE,70011,TRUE
465095,medicaid_day_share,Medicaid day share,percent,Payer mix,FALSE,Same state + same rural/urban + same bed-size band,7,2016,0.5853835542556624,0.6052774480278784,0.632096208942035,0.5832477105204378,TRUE,22385,TRUE
465095,medicaid_day_share,Medicaid day share,percent,Payer mix,FALSE,Same state + same rural/urban + same bed-size band,7,2016,0.5853835542556624,0.6052774480278784,0.632096208942035,0.6350743144232782,TRUE,38216,TRUE
465095,medicaid_day_share,Medicaid day share,percent,Payer mix,FALSE,Same state + same rural/urban + same bed-size band,7,2017,0.5974084923545364,0.6585686588986811,0.7366609603311188,0.6542744501314152,TRUE,57832,TRUE
465095,medicaid_day_share,Medicaid day share,percent,Payer mix,FALSE,Same state + same rural/urban + same bed-size band,7,2018,0.6373899070934247,0.7296815460080766,0.7765311917404359,0.6496888250581316,TRUE,58488,TRUE
465095,medicaid_day_share,Medicaid day share,percent,Payer mix,FALSE,Same state + same rural/urban + same bed-size band,7,2019,0.683292361751282,0.7397248298116834,0.786631151835702,0.6759554658506414,TRUE,61436,TRUE
465095,medicaid_day_share,Medicaid day share,percent,Payer mix,FALSE,Same state + same rural/urban + same bed-size band,7,2020,0.6716676692261421,0.7641859475811217,0.7901513574593357,0.6319067443796836,TRUE,60050,TRUE
465095,medicaid_day_share,Medicaid day share,percent,Payer mix,FALSE,Same state + same rural/urban + same bed-size band,7,2021,0.6427193612058137,0.7275679326648309,0.8274690866634825,0.6684543547404751,TRUE,59108,TRUE
465095,medicaid_day_share,Medicaid day share,percent,Payer mix,FALSE,Same state + same rural/urban + same bed-size band,7,2022,0.663821832073478,0.7020744680851064,0.8323619277479651,0.67741444609766,TRUE,59144,TRUE
465095,medicaid_day_share,Medicaid day share,percent,Payer mix,FALSE,Same state + same rural/urban + same bed-size band,7,2023,0.6908807522293482,0.725225709372313,0.7278368794326241,0.7149322014302938,TRUE,60547,TRUE
465095,other_day_share,Other/private day share,percent,Payer mix,TRUE,Same state + same rural/urban + same bed-size band,7,2011,0.26911359652783573,0.29239906701613483,0.3094089583885502,0.48838186831663194,TRUE,59476,TRUE
465095,other_day_share,Other/private day share,percent,Payer mix,TRUE,Same state + same rural/urban + same bed-size band,7,2012,0.20360946401828162,0.2602483670319645,0.2894750073182086,0.479248888053624,TRUE,63852,TRUE
465095,other_day_share,Other/private day share,percent,Payer mix,TRUE,Same state + same rural/urban + same bed-size band,7,2013,0.25977058169628325,0.26647207511915566,0.32642589482802264,0.43065365551425033,TRUE,64560,TRUE
465095,other_day_share,Other/private day share,percent,Payer mix,TRUE,Same state + same rural/urban + same bed-size band,7,2014,0.1829077644606566,0.2690675065041764,0.3056472369417108,0.4280018929887711,TRUE,69731,TRUE
465095,other_day_share,Other/private day share,percent,Payer mix,TRUE,Same state + same rural/urban + same bed-size band,7,2015,0.23845221525998678,0.2620349490716857,0.2964361455005121,0.3630429503935096,TRUE,70011,TRUE
465095,other_day_share,Other/private day share,percent,Payer mix,TRUE,Same state + same rural/urban + same bed-size band,7,2016,0.2281038504323068,0.2673719460828904,0.28459479117795594,0.3428635246817065,TRUE,22385,TRUE
465095,other_day_share,Other/private day share,percent,Payer mix,TRUE,Same state + same rural/urban + same bed-size band,7,2016,0.2281038504323068,0.2673719460828904,0.28459479117795594,0.2448974251622357,TRUE,38216,TRUE
465095,other_day_share,Other/private day share,percent,Payer mix,TRUE,Same state + same rural/urban + same bed-size band,7,2017,0.18403799222203837,0.2590428730990635,0.3194916528915146,0.27240973855305023,TRUE,57832,TRUE
465095,other_day_share,Other/private day share,percent,Payer mix,TRUE,Same state + same rural/urban + same bed-size band,7,2018,0.163332051942067,0.25117059810937364,0.28187293784229733,0.2695253727260293,TRUE,58488,TRUE
465095,other_day_share,Other/private day share,percent,Payer mix,TRUE,Same state + same rural/urban + same bed-size band,7,2019,0.13405089720509863,0.2180523479599692,0.2834110070533554,0.24378214727521322,TRUE,61436,TRUE
465095,other_day_share,Other/private day share,percent,Payer mix,TRUE,Same state + same rural/urban + same bed-size band,7,2020,0.11256655205383059,0.2039120650856846,0.5802291813282754,0.2086761032472939,TRUE,60050,TRUE
465095,other_day_share,Other/private day share,percent,Payer mix,TRUE,Same state + same rural/urban + same bed-size band,7,2021,0.13096999637586354,0.28795083438004665,0.6135161767675344,0.21140962306286798,TRUE,59108,TRUE
465095,other_day_share,Other/private day share,percent,Payer mix,TRUE,Same state + same rural/urban + same bed-size band,7,2022,0.18078982744273855,0.28361702127659577,0.5894806310821054,0.16708372785066955,TRUE,59144,TRUE
465095,other_day_share,Other/private day share,percent,Payer mix,TRUE,Same state + same rural/urban + same bed-size band,7,2023,0.2388343037083112,0.2827758898229297,0.582023939578777,0.17437693031859547,TRUE,60547,TRUE
465095,net_patient_revenue_per_day,Net patient revenue per resident day,dollar,Revenue,TRUE,Same state + same rural/urban + same bed-size band,7,2011,227.73013201240772,230.29146567717996,244.1679213114754,207.89032550944918,TRUE,59476,TRUE
465095,net_patient_revenue_per_day,Net patient revenue per resident day,dollar,Revenue,TRUE,Same state + same rural/urban + same bed-size band,7,2012,236.45806465685945,268.76766412679297,321.31332952983547,207.67589112322244,TRUE,63852,TRUE
465095,net_patient_revenue_per_day,Net patient revenue per resident day,dollar,Revenue,TRUE,Same state + same rural/urban + same bed-size band,7,2013,219.42739229535252,241.800926711878,297.60315402528335,226.90844175960348,TRUE,64560,TRUE
465095,net_patient_revenue_per_day,Net patient revenue per resident day,dollar,Revenue,TRUE,Same state + same rural/urban + same bed-size band,7,2014,260.08347446586765,300.66398954446765,322.95732292533114,228.32943740947354,TRUE,69731,TRUE
465095,net_patient_revenue_per_day,Net patient revenue per resident day,dollar,Revenue,TRUE,Same state + same rural/urban + same bed-size band,7,2015,232.45905067934842,267.7351454538585,294.7575704010608,232.7188727485681,TRUE,70011,TRUE
465095,net_patient_revenue_per_day,Net patient revenue per resident day,dollar,Revenue,TRUE,Same state + same rural/urban + same bed-size band,7,2016,231.53276550920933,286.358760762246,311.1711867211208,231.40759437123074,TRUE,22385,TRUE
465095,net_patient_revenue_per_day,Net patient revenue per resident day,dollar,Revenue,TRUE,Same state + same rural/urban + same bed-size band,7,2016,231.53276550920933,286.358760762246,311.1711867211208,286.838837136278,TRUE,38216,TRUE
465095,net_patient_revenue_per_day,Net patient revenue per resident day,dollar,Revenue,TRUE,Same state + same rural/urban + same bed-size band,7,2017,198.71629275718863,254.0587012797608,284.3904397925568,330.5848492184258,TRUE,57832,TRUE
465095,net_patient_revenue_per_day,Net patient revenue per resident day,dollar,Revenue,TRUE,Same state + same rural/urban + same bed-size band,7,2018,199.96799340799166,289.39359796153997,335.04064873490995,340.39064423471484,TRUE,58488,TRUE
465095,net_patient_revenue_per_day,Net patient revenue per resident day,dollar,Revenue,TRUE,Same state + same rural/urban + same bed-size band,7,2019,220.56197785059737,255.81605448999207,355.76865309543416,360.3528061722768,TRUE,61436,TRUE
465095,net_patient_revenue_per_day,Net patient revenue per resident day,dollar,Revenue,TRUE,Same state + same rural/urban + same bed-size band,7,2020,226.95612469148892,307.3130138779785,380.1000137084219,427.20456286427975,TRUE,60050,TRUE
465095,net_patient_revenue_per_day,Net patient revenue per resident day,dollar,Revenue,TRUE,Same state + same rural/urban + same bed-size band,7,2021,222.04728270823995,344.8956840018301,383.5778182451405,415.4476889761115,TRUE,59108,TRUE
465095,net_patient_revenue_per_day,Net patient revenue per resident day,dollar,Revenue,TRUE,Same state + same rural/urban + same bed-size band,7,2022,218.42288350111016,333.03869809203144,377.57233168897886,452.9817902069525,TRUE,59144,TRUE
465095,net_patient_revenue_per_day,Net patient revenue per resident day,dollar,Revenue,TRUE,Same state + same rural/urban + same bed-size band,7,2023,233.65156097530345,329.7231704163434,381.5145997067025,472.58088757494176,TRUE,60547,TRUE
465095,operating_expense_per_day,Operating expense per resident day,dollar,Cost,FALSE,Same state + same rural/urban + same bed-size band,7,2011,220.5686873301753,237.670268852459,327.1341499040147,219.92297733539579,TRUE,59476,TRUE
465095,operating_expense_per_day,Operating expense per resident day,dollar,Cost,FALSE,Same state + same rural/urban + same bed-size band,7,2012,241.43810157092636,261.99067734649236,315.86962439904084,211.9277548079935,TRUE,63852,TRUE
465095,operating_expense_per_day,Operating expense per resident day,dollar,Cost,FALSE,Same state + same rural/urban + same bed-size band,7,2013,220.86106685124145,256.6207726035136,289.97593271692324,220.9156288723668,TRUE,64560,TRUE
465095,operating_expense_per_day,Operating expense per resident day,dollar,Cost,FALSE,Same state + same rural/urban + same bed-size band,7,2014,271.16324798028205,302.9936339298889,316.70657111779383,209.8750484002811,TRUE,69731,TRUE
465095,operating_expense_per_day,Operating expense per resident day,dollar,Cost,FALSE,Same state + same rural/urban + same bed-size band,7,2015,247.52721395665793,282.8880829087333,303.60908430418664,215.40272242933253,TRUE,70011,TRUE
465095,operating_expense_per_day,Operating expense per resident day,dollar,Cost,FALSE,Same state + same rural/urban + same bed-size band,7,2016,256.09170764779975,299.7364376087071,306.1354375351514,217.7665400938128,TRUE,22385,TRUE
465095,operating_expense_per_day,Operating expense per resident day,dollar,Cost,FALSE,Same state + same rural/urban + same bed-size band,7,2016,256.09170764779975,299.7364376087071,306.1354375351514,251.09946095876072,TRUE,38216,TRUE
465095,operating_expense_per_day,Operating expense per resident day,dollar,Cost,FALSE,Same state + same rural/urban + same bed-size band,7,2017,268.342166354925,319.2348815701588,328.4250111202878,277.21633351777564,TRUE,57832,TRUE
465095,operating_expense_per_day,Operating expense per resident day,dollar,Cost,FALSE,Same state + same rural/urban + same bed-size band,7,2018,207.4118311139951,297.2072547250561,322.86591789974665,289.1144166324716,TRUE,58488,TRUE
465095,operating_expense_per_day,Operating expense per resident day,dollar,Cost,FALSE,Same state + same rural/urban + same bed-size band,7,2019,227.63454995034553,306.68037273828924,335.33884878967956,303.8864997721206,TRUE,61436,TRUE
465095,operating_expense_per_day,Operating expense per resident day,dollar,Cost,FALSE,Same state + same rural/urban + same bed-size band,7,2020,251.6326777550262,303.38654097931396,352.73528567495595,351.55149042464615,TRUE,60050,TRUE
465095,operating_expense_per_day,Operating expense per resident day,dollar,Cost,FALSE,Same state + same rural/urban + same bed-size band,7,2021,242.79347735444293,319.75268161252603,361.3799109547811,346.39744197063004,TRUE,59108,TRUE
465095,operating_expense_per_day,Operating expense per resident day,dollar,Cost,FALSE,Same state + same rural/urban + same bed-size band,7,2022,272.62197292360764,333.70978723404255,389.36106040724974,381.7053969971595,TRUE,59144,TRUE
465095,operating_expense_per_day,Operating expense per resident day,dollar,Cost,FALSE,Same state + same rural/urban + same bed-size band,7,2023,283.32087859257,322.2438582880786,387.96855228567017,404.6500900127174,TRUE,60547,TRUE
465095,patient_service_margin,Patient service margin,percent,Margin,TRUE,Same state + same rural/urban + same bed-size band,7,2011,0.018784604454004428,0.02661140916511958,0.031447066837173056,-0.05787980655886598,TRUE,59476,TRUE
465095,patient_service_margin,Patient service margin,percent,Margin,TRUE,Same state + same rural/urban + same bed-size band,7,2012,-0.02125760998068009,-0.004803637052273702,0.046951913067767616,-0.020473554545858343,TRUE,63852,TRUE
465095,patient_service_margin,Patient service margin,percent,Margin,TRUE,Same state + same rural/urban + same bed-size band,7,2013,-0.08947721000876015,0.024724526311278694,0.03489771876860952,0.026410709274473455,TRUE,64560,TRUE
465095,patient_service_margin,Patient service margin,percent,Margin,TRUE,Same state + same rural/urban + same bed-size band,7,2014,-0.07668550515220955,-0.0077483319134788765,0.033297994183494814,0.08082352069259197,TRUE,69731,TRUE
465095,patient_service_margin,Patient service margin,percent,Margin,TRUE,Same state + same rural/urban + same bed-size band,7,2015,-0.10744738424584782,-0.06295035471150986,0.019142190954996044,0.07440801906059462,TRUE,70011,TRUE
465095,patient_service_margin,Patient service margin,percent,Margin,TRUE,Same state + same rural/urban + same bed-size band,7,2016,-0.12863595091956687,0.024533698322506552,0.035700086954750174,0.058948170281458184,TRUE,22385,TRUE
465095,patient_service_margin,Patient service margin,percent,Margin,TRUE,Same state + same rural/urban + same bed-size band,7,2016,-0.12863595091956687,0.024533698322506552,0.035700086954750174,0.12459740994047255,TRUE,38216,TRUE
465095,patient_service_margin,Patient service margin,percent,Margin,TRUE,Same state + same rural/urban + same bed-size band,7,2017,-0.2303291463014521,-0.11157361086834129,-0.005350494896902348,0.16143666543347313,TRUE,57832,TRUE
465095,patient_service_margin,Patient service margin,percent,Margin,TRUE,Same state + same rural/urban + same bed-size band,7,2018,-0.039322849328179345,0.0203769763425531,0.06312862257714466,0.1506393564885582,TRUE,58488,TRUE
465095,patient_service_margin,Patient service margin,percent,Margin,TRUE,Same state + same rural/urban + same bed-size band,7,2019,-0.15847642244845891,0.044729891172123795,0.09566564869446141,0.15669728508555292,TRUE,61436,TRUE
465095,patient_service_margin,Patient service margin,percent,Margin,TRUE,Same state + same rural/urban + same bed-size band,7,2020,-0.013811801295476317,0.010677712393727392,0.05379790327516229,0.1770886339143998,TRUE,60050,TRUE
465095,patient_service_margin,Patient service margin,percent,Margin,TRUE,Same state + same rural/urban + same bed-size band,7,2021,-0.06824715701658791,0.0163484876661274,0.08258665299616108,0.16620683864112654,TRUE,59108,TRUE
465095,patient_service_margin,Patient service margin,percent,Margin,TRUE,Same state + same rural/urban + same bed-size band,7,2022,-0.10863206508643558,-0.0260820896478637,0.035590929589214025,0.15734935653203455,TRUE,59144,TRUE
465095,patient_service_margin,Patient service margin,percent,Margin,TRUE,Same state + same rural/urban + same bed-size band,7,2023,-0.22973236338074737,-0.05865620474540427,0.027798334008303102,0.14374427605570894,TRUE,60547,TRUE
465095,total_margin,Total margin,percent,Margin,TRUE,Same state + same rural/urban + same bed-size band,7,2011,0.026883084600095693,0.029278159476150277,0.0399275105001123,-0.03922630016535262,TRUE,59476,TRUE
465095,total_margin,Total margin,percent,Margin,TRUE,Same state + same rural/urban + same bed-size band,7,2012,-0.004491374801861469,0.00597818156742984,0.050100501126008834,-0.0013277004727039006,TRUE,63852,TRUE
465095,total_margin,Total margin,percent,Margin,TRUE,Same state + same rural/urban + same bed-size band,7,2013,-0.08221388898610656,0.025110082251417698,0.042383229677424104,0.04422662001750401,TRUE,64560,TRUE
465095,total_margin,Total margin,percent,Margin,TRUE,Same state + same rural/urban + same bed-size band,7,2014,-0.07065373805810013,-0.00832323800572368,0.033297994183494814,0.09622463515065031,TRUE,69731,TRUE
465095,total_margin,Total margin,percent,Margin,TRUE,Same state + same rural/urban + same bed-size band,7,2015,-0.08998229653367845,-0.013421074830710509,0.09386580989099977,0.07844542656390849,TRUE,70011,TRUE
465095,total_margin,Total margin,percent,Margin,TRUE,Same state + same rural/urban + same bed-size band,7,2016,-0.05546198690374532,0.024810326341877978,0.04289241454593903,0.06289909053159433,TRUE,22385,TRUE
465095,total_margin,Total margin,percent,Margin,TRUE,Same state + same rural/urban + same bed-size band,7,2016,-0.05546198690374532,0.024810326341877978,0.04289241454593903,0.11505320323708636,TRUE,38216,TRUE
465095,total_margin,Total margin,percent,Margin,TRUE,Same state + same rural/urban + same bed-size band,7,2017,-0.11925121651416117,0.05630471078555011,0.07262261936584587,0.1519830416620485,TRUE,57832,TRUE
465095,total_margin,Total margin,percent,Margin,TRUE,Same state + same rural/urban + same bed-size band,7,2018,-0.02031206924170168,0.051066173473965186,0.06799931183872972,0.1530867203837023,TRUE,58488,TRUE
465095,total_margin,Total margin,percent,Margin,TRUE,Same state + same rural/urban + same bed-size band,7,2019,-0.044668487054257855,0.05604130883949613,0.10505216734149912,0.1603281774147322,TRUE,61436,TRUE
465095,total_margin,Total margin,percent,Margin,TRUE,Same state + same rural/urban + same bed-size band,7,2020,0.0873967895871456,0.16084958132515456,0.22126542322729564,0.18001016931948122,TRUE,60050,TRUE
465095,total_margin,Total margin,percent,Margin,TRUE,Same state + same rural/urban + same bed-size band,7,2021,0.06732865104687093,0.11660271717333058,0.15003155892251963,0.16790408254800138,TRUE,59108,TRUE
465095,total_margin,Total margin,percent,Margin,TRUE,Same state + same rural/urban + same bed-size band,7,2022,-0.00770134915914766,0.028005566286872032,0.08648383697020334,0.1590709321789225,TRUE,59144,TRUE
465095,total_margin,Total margin,percent,Margin,TRUE,Same state + same rural/urban + same bed-size band,7,2023,-0.1674303628837951,0.043345729931984184,0.05794993315792035,0.14544239918737248,TRUE,60547,TRUE
465095,salary_cost_per_day,Salary cost per resident day,dollar,Labor,FALSE,Same state + same rural/urban + same bed-size band,7,2011,89.3652343280352,107.57914754098361,134.1444161589183,109.13800524581343,TRUE,59476,TRUE
465095,salary_cost_per_day,Salary cost per resident day,dollar,Labor,FALSE,Same state + same rural/urban + same bed-size band,7,2012,93.38230619154632,116.91120157414406,134.25372485802689,101.482929273946,TRUE,63852,TRUE
465095,salary_cost_per_day,Salary cost per resident day,dollar,Labor,FALSE,Same state + same rural/urban + same bed-size band,7,2013,95.80192599917342,113.28884835399262,134.22047946226382,108.06988847583644,TRUE,64560,TRUE
465095,salary_cost_per_day,Salary cost per resident day,dollar,Labor,FALSE,Same state + same rural/urban + same bed-size band,7,2014,109.29700342465753,114.33725965177895,125.60032196038098,110.34693321478252,TRUE,69731,TRUE
465095,salary_cost_per_day,Salary cost per resident day,dollar,Labor,FALSE,Same state + same rural/urban + same bed-size band,7,2015,93.61908255304057,109.55662817696498,122.36202170258728,113.74695405007785,TRUE,70011,TRUE
465095,salary_cost_per_day,Salary cost per resident day,dollar,Labor,FALSE,Same state + same rural/urban + same bed-size band,7,2016,95.75926095834168,120.47401317002473,139.21965367619413,113.99589010498102,TRUE,22385,TRUE
465095,salary_cost_per_day,Salary cost per resident day,dollar,Labor,FALSE,Same state + same rural/urban + same bed-size band,7,2016,95.75926095834168,120.47401317002473,139.21965367619413,132.69824157420976,TRUE,38216,TRUE
465095,salary_cost_per_day,Salary cost per resident day,dollar,Labor,FALSE,Same state + same rural/urban + same bed-size band,7,2017,93.5580503184577,115.74808611211016,134.98528804782322,146.13916170978004,TRUE,57832,TRUE
465095,salary_cost_per_day,Salary cost per resident day,dollar,Labor,FALSE,Same state + same rural/urban + same bed-size band,7,2018,86.4459093930153,115.69594937780411,137.90868552146944,154.3303583641089,TRUE,58488,TRUE
465095,salary_cost_per_day,Salary cost per resident day,dollar,Labor,FALSE,Same state + same rural/urban + same bed-size band,7,2019,97.89491299696166,117.24020374063494,136.66231229031604,164.80107754411094,TRUE,61436,TRUE
465095,salary_cost_per_day,Salary cost per resident day,dollar,Labor,FALSE,Same state + same rural/urban + same bed-size band,7,2020,106.86136654181746,129.83839920738828,138.58519007204092,184.34153205661949,TRUE,60050,TRUE
465095,salary_cost_per_day,Salary cost per resident day,dollar,Labor,FALSE,Same state + same rural/urban + same bed-size band,7,2021,99.86708278189415,112.59788521173301,130.26667942594463,181.07995533599512,TRUE,59108,TRUE
465095,salary_cost_per_day,Salary cost per resident day,dollar,Labor,FALSE,Same state + same rural/urban + same bed-size band,7,2022,102.7065360555282,115.00758698092031,140.5461073761631,203.0653489787637,TRUE,59144,TRUE
465095,salary_cost_per_day,Salary cost per resident day,dollar,Labor,FALSE,Same state + same rural/urban + same bed-size band,7,2023,121.99663409739935,143.66423043852106,149.41475704007053,213.96493633045404,TRUE,60547,TRUE
465095,contract_labor_per_day,Contract labor per resident day,dollar,Labor,FALSE,Same state + same rural/urban + same bed-size band,7,2011,11.252122648485352,22.473898093154112,22.951058887157977,NA,TRUE,59476,TRUE
465095,contract_labor_per_day,Contract labor per resident day,dollar,Labor,FALSE,Same state + same rural/urban + same bed-size band,7,2012,5.077908986854998,16.500224072391752,27.02258333062589,0.053843262544634465,TRUE,63852,TRUE
465095,contract_labor_per_day,Contract labor per resident day,dollar,Labor,FALSE,Same state + same rural/urban + same bed-size band,7,2013,11.255418522709384,21.967700671570196,24.862639942738127,0.007915117719950434,TRUE,64560,TRUE
465095,contract_labor_per_day,Contract labor per resident day,dollar,Labor,FALSE,Same state + same rural/urban + same bed-size band,7,2014,11.176032016438453,22.340151120375197,28.435413395004037,0.17901650628845134,TRUE,69731,TRUE
465095,contract_labor_per_day,Contract labor per resident day,dollar,Labor,FALSE,Same state + same rural/urban + same bed-size band,7,2015,13.10707113872485,25.497434349532146,28.651861580189706,0.2708860036280013,TRUE,70011,TRUE
465095,contract_labor_per_day,Contract labor per resident day,dollar,Labor,FALSE,Same state + same rural/urban + same bed-size band,7,2016,2.421472623629527,15.587949858471491,22.712572878613123,0.29635916908644183,TRUE,22385,TRUE
465095,contract_labor_per_day,Contract labor per resident day,dollar,Labor,FALSE,Same state + same rural/urban + same bed-size band,7,2016,2.421472623629527,15.587949858471491,22.712572878613123,0.24544693322168726,TRUE,38216,TRUE
465095,contract_labor_per_day,Contract labor per resident day,dollar,Labor,FALSE,Same state + same rural/urban + same bed-size band,7,2017,6.398066947723713,9.333576402814744,20.177128333966586,0.2501729146493291,TRUE,57832,TRUE
465095,contract_labor_per_day,Contract labor per resident day,dollar,Labor,FALSE,Same state + same rural/urban + same bed-size band,7,2018,12.60091067233068,23.015965282478003,23.798092169153406,NA,TRUE,58488,TRUE
465095,contract_labor_per_day,Contract labor per resident day,dollar,Labor,FALSE,Same state + same rural/urban + same bed-size band,7,2019,14.030506879434025,18.92426576586707,19.469769182986298,NA,TRUE,61436,TRUE
465095,contract_labor_per_day,Contract labor per resident day,dollar,Labor,FALSE,Same state + same rural/urban + same bed-size band,7,2020,10.309199269802658,18.066275078730406,34.65533861581707,NA,TRUE,60050,TRUE
465095,contract_labor_per_day,Contract labor per resident day,dollar,Labor,FALSE,Same state + same rural/urban + same bed-size band,7,2021,12.254719337699047,13.569407894736843,56.9648099379124,NA,TRUE,59108,TRUE
465095,contract_labor_per_day,Contract labor per resident day,dollar,Labor,FALSE,Same state + same rural/urban + same bed-size band,7,2022,9.962745905647008,11.894215215549336,67.10773238763865,NA,TRUE,59144,TRUE
465095,contract_labor_per_day,Contract labor per resident day,dollar,Labor,FALSE,Same state + same rural/urban + same bed-size band,7,2023,6.564334539759202,8.634726999140154,23.647358133803667,0.010917138751713545,TRUE,60547,TRUE
465095,contract_labor_ratio,Contract labor ratio,percent,Labor,FALSE,Same state + same rural/urban + same bed-size band,7,2011,0.07442475242839851,0.1486820319800898,0.17481523108193592,NA,TRUE,59476,TRUE
465095,contract_labor_ratio,Contract labor ratio,percent,Labor,FALSE,Same state + same rural/urban + same bed-size band,7,2012,0.0757071126862475,0.13723030407985268,0.1881615118868193,5.302833761560039e-4,TRUE,63852,TRUE
465095,contract_labor_ratio,Contract labor ratio,percent,Labor,FALSE,Same state + same rural/urban + same bed-size band,7,2013,0.08456006864161363,0.1655118239831225,0.1797963434091938,7.323536801059061e-5,TRUE,64560,TRUE
465095,contract_labor_ratio,Contract labor ratio,percent,Labor,FALSE,Same state + same rural/urban + same bed-size band,7,2014,0.09360107521972093,0.18711363069709738,0.2013769007183306,0.001619678516585713,TRUE,69731,TRUE
465095,contract_labor_ratio,Contract labor ratio,percent,Labor,FALSE,Same state + same rural/urban + same bed-size band,7,2015,0.1056516555596628,0.2062437998294642,0.20728270380815245,0.0023758212179813775,TRUE,70011,TRUE
465095,contract_labor_ratio,Contract labor ratio,percent,Labor,FALSE,Same state + same rural/urban + same bed-size band,7,2016,0.01596855158964325,0.12646140602839795,0.17227782564091954,0.0025929944591062026,TRUE,22385,TRUE
465095,contract_labor_ratio,Contract labor ratio,percent,Labor,FALSE,Same state + same rural/urban + same bed-size band,7,2016,0.01596855158964325,0.12646140602839795,0.17227782564091954,0.001846247354630656,TRUE,38216,TRUE
465095,contract_labor_ratio,Contract labor ratio,percent,Labor,FALSE,Same state + same rural/urban + same bed-size band,7,2017,0.04020163341996494,0.05741955627651251,0.1343885306099788,0.001708955883235365,TRUE,57832,TRUE
465095,contract_labor_ratio,Contract labor ratio,percent,Labor,FALSE,Same state + same rural/urban + same bed-size band,7,2018,0.07150788199000399,0.12885776188735434,0.14736184632971389,NA,TRUE,58488,TRUE
465095,contract_labor_ratio,Contract labor ratio,percent,Labor,FALSE,Same state + same rural/urban + same bed-size band,7,2019,0.08109082914835693,0.12558275335078942,0.14443371751940842,NA,TRUE,61436,TRUE
465095,contract_labor_ratio,Contract labor ratio,percent,Labor,FALSE,Same state + same rural/urban + same bed-size band,7,2020,0.06853121464088434,0.1221481009030286,0.19930106257408464,NA,TRUE,60050,TRUE
465095,contract_labor_ratio,Contract labor ratio,percent,Labor,FALSE,Same state + same rural/urban + same bed-size band,7,2021,0.07621439079738558,0.09482944906000432,0.2841617562649118,NA,TRUE,59108,TRUE
465095,contract_labor_ratio,Contract labor ratio,percent,Labor,FALSE,Same state + same rural/urban + same bed-size band,7,2022,0.053422007502183386,0.05916144572650877,0.3053771856351256,NA,TRUE,59144,TRUE
465095,contract_labor_ratio,Contract labor ratio,percent,Labor,FALSE,Same state + same rural/urban + same bed-size band,7,2023,0.039545950473485234,0.05669590353351242,0.1311925814947947,5.102042391565776e-5,TRUE,60547,TRUE
465095,days_cash_on_hand,Days cash on hand,number,Liquidity,TRUE,Same state + same rural/urban + same bed-size band,7,2011,0.41039030351348316,9.704415450479079,10.133669918361182,0.11375796541611675,TRUE,59476,TRUE
465095,days_cash_on_hand,Days cash on hand,number,Liquidity,TRUE,Same state + same rural/urban + same bed-size band,7,2012,0.37346800134383407,10.76671984292551,19.568269239743014,0.3834990970669474,TRUE,63852,TRUE
465095,days_cash_on_hand,Days cash on hand,number,Liquidity,TRUE,Same state + same rural/urban + same bed-size band,7,2013,1.502254493482376,12.817914404745832,21.521051027918535,0.4753443568374919,TRUE,64560,TRUE
465095,days_cash_on_hand,Days cash on hand,number,Liquidity,TRUE,Same state + same rural/urban + same bed-size band,7,2014,0.27617266187631145,11.511404477073286,42.748787282897986,0.5732836608529657,TRUE,69731,TRUE
465095,days_cash_on_hand,Days cash on hand,number,Liquidity,TRUE,Same state + same rural/urban + same bed-size band,7,2015,2.9942846669414562,25.008152407616084,78.37447530011735,0.7592347366410797,TRUE,70011,TRUE
465095,days_cash_on_hand,Days cash on hand,number,Liquidity,TRUE,Same state + same rural/urban + same bed-size band,7,2016,0.2734288204442663,0.5975102828761011,93.585009210564,0.21961230876787596,TRUE,22385,TRUE
465095,days_cash_on_hand,Days cash on hand,number,Liquidity,TRUE,Same state + same rural/urban + same bed-size band,7,2016,0.2734288204442663,0.5975102828761011,93.585009210564,135.65081533306994,TRUE,38216,TRUE
465095,days_cash_on_hand,Days cash on hand,number,Liquidity,TRUE,Same state + same rural/urban + same bed-size band,7,2017,9.89805222627659,12.689693924069422,86.19570011877838,0.04211895290505381,TRUE,57832,TRUE
465095,days_cash_on_hand,Days cash on hand,number,Liquidity,TRUE,Same state + same rural/urban + same bed-size band,7,2018,0.07296147920813659,33.94922911937074,161.17790253211214,8.99343596619318,TRUE,58488,TRUE
465095,days_cash_on_hand,Days cash on hand,number,Liquidity,TRUE,Same state + same rural/urban + same bed-size band,7,2019,12.508973470721902,35.60566677792445,88.46939017045966,7.459406806937342,TRUE,61436,TRUE
465095,days_cash_on_hand,Days cash on hand,number,Liquidity,TRUE,Same state + same rural/urban + same bed-size band,7,2020,25.12638789015091,50.49942532618031,126.91313746617352,3.2604871271949865,TRUE,60050,TRUE
465095,days_cash_on_hand,Days cash on hand,number,Liquidity,TRUE,Same state + same rural/urban + same bed-size band,7,2021,17.807177854264015,61.07083454398986,172.80399932843807,3.092778900563911,TRUE,59108,TRUE
465095,days_cash_on_hand,Days cash on hand,number,Liquidity,TRUE,Same state + same rural/urban + same bed-size band,7,2022,24.47046199473628,61.93018156303477,89.6197792276264,2.305107367322148,TRUE,59144,TRUE
465095,days_cash_on_hand,Days cash on hand,number,Liquidity,TRUE,Same state + same rural/urban + same bed-size band,7,2023,0.07850344982505542,17.190602377970116,71.25975356596268,5.61773181271826,TRUE,60547,TRUE
465095,current_ratio,Current ratio,number,Liquidity,TRUE,Same state + same rural/urban + same bed-size band,7,2011,1.3017246121501032,1.864116243570454,2.28357881272611,1.4395336111461885,TRUE,59476,TRUE
465095,current_ratio,Current ratio,number,Liquidity,TRUE,Same state + same rural/urban + same bed-size band,7,2012,0.9987007248586939,1.6369047800876717,2.1961713960696767,0.9328528169844768,TRUE,63852,TRUE
465095,current_ratio,Current ratio,number,Liquidity,TRUE,Same state + same rural/urban + same bed-size band,7,2013,0.5703924495537702,0.9108892312179715,1.702425373776459,0.1911636347766633,TRUE,64560,TRUE
465095,current_ratio,Current ratio,number,Liquidity,TRUE,Same state + same rural/urban + same bed-size band,7,2014,0.7219971511934173,1.0740414382429007,1.2745381521795498,0.08062986494783247,TRUE,69731,TRUE
465095,current_ratio,Current ratio,number,Liquidity,TRUE,Same state + same rural/urban + same bed-size band,7,2015,0.3662859450615176,0.7816338912409414,2.075779832300613,0.06394939964789269,TRUE,70011,TRUE
465095,current_ratio,Current ratio,number,Liquidity,TRUE,Same state + same rural/urban + same bed-size band,7,2016,0.3959822425286075,0.9474335360998967,2.05690758385244,0.3036719281650974,TRUE,22385,TRUE
465095,current_ratio,Current ratio,number,Liquidity,TRUE,Same state + same rural/urban + same bed-size band,7,2016,0.3959822425286075,0.9474335360998967,2.05690758385244,6.067778696404197,TRUE,38216,TRUE
465095,current_ratio,Current ratio,number,Liquidity,TRUE,Same state + same rural/urban + same bed-size band,7,2017,1.337883737618385,3.189703716989868,4.720370966965124,1.8315247010701583,TRUE,57832,TRUE
465095,current_ratio,Current ratio,number,Liquidity,TRUE,Same state + same rural/urban + same bed-size band,7,2018,1.367170853568091,2.3834607608157143,14.606772360111961,1.8394606611690272,TRUE,58488,TRUE
465095,current_ratio,Current ratio,number,Liquidity,TRUE,Same state + same rural/urban + same bed-size band,7,2019,1.6065462049046149,3.62484764875484,6.841045773636032,6.721379304505184,TRUE,61436,TRUE
465095,current_ratio,Current ratio,number,Liquidity,TRUE,Same state + same rural/urban + same bed-size band,7,2020,4.066873184227752,7.608114222512694,16.392071733049182,6.249332483148114,TRUE,60050,TRUE
465095,current_ratio,Current ratio,number,Liquidity,TRUE,Same state + same rural/urban + same bed-size band,7,2021,3.4344544161534194,4.8959825412122235,13.885324823496644,10.515025467740774,TRUE,59108,TRUE
465095,current_ratio,Current ratio,number,Liquidity,TRUE,Same state + same rural/urban + same bed-size band,7,2022,3.3080195653107243,6.352181493224991,6.946352789872169,14.02172050831012,TRUE,59144,TRUE
465095,current_ratio,Current ratio,number,Liquidity,TRUE,Same state + same rural/urban + same bed-size band,7,2023,1.0994741630950622,1.955719406215367,6.21370356344,9.087585302027444,TRUE,60547,TRUE
465095,days_accounts_receivable,Days accounts receivable,number,Liquidity,FALSE,Same state + same rural/urban + same bed-size band,7,2011,45.433999185865915,51.710681345662465,69.03626893033719,36.734263820935524,TRUE,59476,TRUE
465095,days_accounts_receivable,Days accounts receivable,number,Liquidity,FALSE,Same state + same rural/urban + same bed-size band,7,2012,50.72129020900734,64.29406059097886,68.49953422581336,31.44393331151921,TRUE,63852,TRUE
465095,days_accounts_receivable,Days accounts receivable,number,Liquidity,FALSE,Same state + same rural/urban + same bed-size band,7,2013,47.53649176182154,57.99196316434433,85.6121958004894,34.66663182974589,TRUE,64560,TRUE
465095,days_accounts_receivable,Days accounts receivable,number,Liquidity,FALSE,Same state + same rural/urban + same bed-size band,7,2014,40.01386870847449,126.29510422446879,137.22763447251114,31.411342047678506,TRUE,69731,TRUE
465095,days_accounts_receivable,Days accounts receivable,number,Liquidity,FALSE,Same state + same rural/urban + same bed-size band,7,2015,38.47886438531401,55.228784843296225,86.8469731765087,39.79606614692638,TRUE,70011,TRUE
465095,days_accounts_receivable,Days accounts receivable,number,Liquidity,FALSE,Same state + same rural/urban + same bed-size band,7,2016,58.49452355277627,77.1259594020864,185.9682263195982,103.24548620006065,TRUE,22385,TRUE
465095,days_accounts_receivable,Days accounts receivable,number,Liquidity,FALSE,Same state + same rural/urban + same bed-size band,7,2016,58.49452355277627,77.1259594020864,185.9682263195982,112.62812296082234,TRUE,38216,TRUE
465095,days_accounts_receivable,Days accounts receivable,number,Liquidity,FALSE,Same state + same rural/urban + same bed-size band,7,2017,50.4252749916712,58.84878536647334,67.03566357072086,37.9538366293844,TRUE,57832,TRUE
465095,days_accounts_receivable,Days accounts receivable,number,Liquidity,FALSE,Same state + same rural/urban + same bed-size band,7,2018,21.824113844938836,44.62025891776985,52.81021033811575,40.84707250594311,TRUE,58488,TRUE
465095,days_accounts_receivable,Days accounts receivable,number,Liquidity,FALSE,Same state + same rural/urban + same bed-size band,7,2019,38.57101142807237,53.335675824159146,69.09538606626612,40.68126354673628,TRUE,61436,TRUE
465095,days_accounts_receivable,Days accounts receivable,number,Liquidity,FALSE,Same state + same rural/urban + same bed-size band,7,2020,39.364978664521885,50.49958828535506,59.47818662696977,40.33871466319353,TRUE,60050,TRUE
465095,days_accounts_receivable,Days accounts receivable,number,Liquidity,FALSE,Same state + same rural/urban + same bed-size band,7,2021,45.79532390990831,70.67922175340348,80.55327969684922,44.2311718850598,TRUE,59108,TRUE
465095,days_accounts_receivable,Days accounts receivable,number,Liquidity,FALSE,Same state + same rural/urban + same bed-size band,7,2022,33.403067526335654,50.401678446693396,60.09249869756489,43.79940599798702,TRUE,59144,TRUE
465095,days_accounts_receivable,Days accounts receivable,number,Liquidity,FALSE,Same state + same rural/urban + same bed-size band,7,2023,45.719113554306105,54.29162135069894,73.28870919279652,51.53631966611395,TRUE,60547,TRUE
465095,debt_to_assets,Debt to assets,percent,Solvency,FALSE,Same state + same rural/urban + same bed-size band,7,2011,0.3674562603480526,0.4456518719973023,0.717945390099505,1.5523424385777507,TRUE,59476,TRUE
465095,debt_to_assets,Debt to assets,percent,Solvency,FALSE,Same state + same rural/urban + same bed-size band,7,2012,0.22499572207311225,0.36071534447577525,0.5151849867904726,1.932471001478916,TRUE,63852,TRUE
465095,debt_to_assets,Debt to assets,percent,Solvency,FALSE,Same state + same rural/urban + same bed-size band,7,2013,0.2890674819069323,0.48876341363085263,0.7776475332203507,1.1380977564102563,TRUE,64560,TRUE
465095,debt_to_assets,Debt to assets,percent,Solvency,FALSE,Same state + same rural/urban + same bed-size band,7,2014,0.41074861776277616,0.8655460158624906,0.9310693017380112,0.9431402505256579,TRUE,69731,TRUE
465095,debt_to_assets,Debt to assets,percent,Solvency,FALSE,Same state + same rural/urban + same bed-size band,7,2015,0.3283576013594466,0.7016144008190685,1.4614714492925613,0.9203705402098801,TRUE,70011,TRUE
465095,debt_to_assets,Debt to assets,percent,Solvency,FALSE,Same state + same rural/urban + same bed-size band,7,2016,0.3019262634515611,0.5602708231385725,0.9510392236268717,0.7121836645776823,TRUE,22385,TRUE
465095,debt_to_assets,Debt to assets,percent,Solvency,FALSE,Same state + same rural/urban + same bed-size band,7,2016,0.3019262634515611,0.5602708231385725,0.9510392236268717,0.36337741714557437,TRUE,38216,TRUE
465095,debt_to_assets,Debt to assets,percent,Solvency,FALSE,Same state + same rural/urban + same bed-size band,7,2017,0.1939830336334013,0.41395194838878324,0.984403793265539,0.17393705167833945,TRUE,57832,TRUE
465095,debt_to_assets,Debt to assets,percent,Solvency,FALSE,Same state + same rural/urban + same bed-size band,7,2018,0.13700759925845776,0.5716446319035838,0.8799360424679282,0.13306057454258086,TRUE,58488,TRUE
465095,debt_to_assets,Debt to assets,percent,Solvency,FALSE,Same state + same rural/urban + same bed-size band,7,2019,0.3548467935726335,0.5817233952299197,0.7842031831333898,0.5636467594262239,TRUE,61436,TRUE
465095,debt_to_assets,Debt to assets,percent,Solvency,FALSE,Same state + same rural/urban + same bed-size band,7,2020,0.1274789104542841,0.35332583764820097,0.5733852760117516,0.491812686090226,TRUE,60050,TRUE
465095,debt_to_assets,Debt to assets,percent,Solvency,FALSE,Same state + same rural/urban + same bed-size band,7,2021,0.17519679147209744,0.23181894235630793,0.46647425988682817,0.5271778688209199,TRUE,59108,TRUE
465095,debt_to_assets,Debt to assets,percent,Solvency,FALSE,Same state + same rural/urban + same bed-size band,7,2022,0.1516377570102989,0.36467000909044756,0.7136179317417148,0.4734615488225727,TRUE,59144,TRUE
465095,debt_to_assets,Debt to assets,percent,Solvency,FALSE,Same state + same rural/urban + same bed-size band,7,2023,0.2260646109791437,0.34450890842383197,0.639477892107863,0.4469254271091468,TRUE,60547,TRUE
